0.28094497	-2.180083	2.0880098	1.8969616	-2.5032527	-2.9202173	-1.4499836	1.2636747	1.2050885	-0.21804482	-1.9547338	1.0829345	0.73753834	0.44266057	-2.3155103	0.73728323	2.8751493	-1.0067714	-1.0058733	-1.4168419
2.1522317	-1.7208276	1.4150413	1.9547641	-2.0730731	-2.4598973	-0.9048572	0.6685005	-0.2932485	-0.603147	-1.590375	2.193707	-0.9445986	-0.2481863	-1.1746053	0.57786995	2.2536118	-1.5069038	-1.4659754	-0.84574497
1.0802665	-2.3758483	2.4621437	1.4978122	-1.0855732	-1.3116704	-1.0276074	1.2652919	2.086701	-1.6925143	-1.8288945	1.8669341	-0.620857	0.011787988	-1.0684334	0.7902783	2.8043544	-2.3285716	-0.6281196	-0.8078926
1.3377188	-0.9589285	0.76429623	0.87286264	-1.0983719	-0.46878088	-0.7452441	-0.11842036	-0.4638625	-1.6096978	-1.317187	2.5760145	-0.06733272	-0.063334085	-0.8780879	-0.36530733	1.9369085	-1.5323355	-0.9621104	-0.7872308
0.42346406	-2.3499637	1.0560485	0.04980595	-1.5208173	-1.8157458	-1.3462363	0.71928245	1.7574614	0.27622575	-0.7648983	1.047035	0.15519089	0.8147305	-2.3158107	0.8670383	2.0374033	-2.0072114	-0.3812564	-0.7903582
0.6398967	-2.4255235	-0.56658155	3.1563034	-2.5537608	-2.7911758	-2.2933238	0.44257858	1.192322	0.2614554	-1.0203435	2.4881914	-2.0245986	-0.13673735	-2.5339868	0.83694834	1.1900795	-1.6290504	-2.0290933	-1.787447
0.24572633	-3.684393	1.8981745	1.4600725	-4.0761547	-3.9844365	-2.580103	1.6631604	2.7426276	-0.18432324	-3.1842482	2.35886	0.568708	0.34571177	-3.726642	2.1329088	2.5958984	-2.3434477	-2.35468	-1.6500611
1.4889145	-4.996732	1.9666228	2.3435843	-4.223486	-5.3321652	-2.450466	0.012957513	0.9980292	-1.1322166	-1.9545498	3.892861	-1.3593642	1.0555335	-4.4092135	2.315377	3.1959147	-4.3477325	-2.5686324	-2.2668338
0.25783485	-1.7305688	1.3001765	2.132765	-2.1432505	-2.5822763	-0.6578227	0.68999785	-0.30083674	0.30828923	-0.9059955	1.3171949	-0.551087	0.56882155	-1.2715838	-0.16362415	2.308704	-0.9831533	0.2776835	-1.1577883
-0.6126814	-1.9674973	0.49186978	4.178495	-0.24866107	-3.9232965	-1.817436	-0.3101465	0.0004282073	-1.175822	-3.2095997	3.1611967	-0.5780729	0.50860536	-1.7314492	2.1410704	0.19867486	-2.3127794	-1.4531773	-1.5050453
0.42266542	-1.6927761	-0.29560184	1.3534589	-0.6094726	-0.5591494	-1.7655689	-0.052694492	1.7368771	-0.32689688	-1.4798603	2.0990684	-1.104075	-0.39357415	-1.275282	2.0262823	-0.060585946	-2.0927637	-0.94737923	0.09294086
1.4316572	-3.4553168	3.3675354	2.821799	-3.6903782	-3.098779	-1.7045722	1.001005	0.8678174	-2.12593	-2.8475814	3.3968573	-1.3244667	0.27393404	-1.955887	0.52845526	2.913823	-2.6551049	-1.7220693	-2.855621
0.3720964	-3.5156548	2.6091332	1.7812748	-2.2490282	-2.9348943	-1.6376253	0.5032045	1.4298	0.106529556	-2.2799122	1.7910391	-0.32844776	0.11721618	-1.5254121	1.4800612	1.5132831	-1.3113948	-0.42690164	-1.301895
0.24959944	-2.8919296	1.391219	3.2487047	-4.0807753	-3.6384408	-3.1758816	0.5066248	0.35770318	-0.54902506	-2.35909	2.843492	0.19085309	0.26149574	-2.149363	2.060255	2.5063846	-2.314248	-1.2195581	-2.0020232
0.9789193	-3.3452938	3.1569695	0.48312297	-2.6840382	-2.726579	-1.0347615	2.1615427	1.3299022	-0.21343888	-2.6192865	2.2632058	-0.20891021	0.37510946	-2.8823817	1.6399593	3.1700456	-2.1225898	-1.0795963	-1.4465882
1.2665199	-2.44916	1.4286526	1.9024552	-2.4487362	-2.7447042	-0.5042859	1.0300655	0.83907324	0.18003802	-0.7025235	0.8552319	-0.8702679	0.9730107	-3.1575866	0.7815643	3.1032126	-1.394756	-0.87245417	-1.5330174
-0.21582167	-2.4711294	0.30418602	-0.03318841	-1.0726452	-1.5763032	-1.4217801	0.09095364	1.0762104	-0.29707336	-1.683161	1.7625052	-0.6131822	0.28421983	-2.3119838	1.1534722	1.1963778	-1.3757448	0.12456479	-0.6152288
0.9843379	-4.4622893	2.8990054	2.5351768	-2.6019914	-1.3307877	-0.76219815	0.7785548	1.3153924	-0.55892944	-3.1949654	3.498679	-1.4895549	-0.120550424	-1.0162424	1.0597253	1.9624032	-1.5953599	-0.7000519	-1.4880552
-0.11695803	-1.4607733	1.4076526	2.0485165	-1.6028378	-2.4355178	-2.043825	0.6393861	0.57302827	-0.72444475	-0.7230438	2.2837238	-1.304147	0.15915866	-1.8762392	1.5112551	1.5052805	-2.3381894	-0.22008345	-1.5645988
0.21294364	-0.1935451	0.4303709	0.47222653	0.5040743	-1.7063435	-0.12188686	-1.1265854	-0.010146637	-2.795146	0.9917233	0.91695535	-1.2330894	0.10094938	-0.24923657	-0.66013783	-0.15245192	-2.1264267	-0.19295715	-1.0249182
-0.35665318	-1.8382107	0.7197933	1.153338	-2.2537467	-2.2609797	-1.3643446	-0.27737573	1.2822577	-1.0606018	-0.7450876	1.7480712	-1.1051563	0.37912145	-2.2754362	1.6347791	0.61989516	-2.0621798	-1.0857972	-1.0035125
-0.23580694	-2.4664152	2.4658923	2.037852	-1.1794304	-1.5576738	-0.7694529	0.98546094	1.6159389	-0.40432858	-0.7941839	0.96214086	-0.4848484	-0.018830594	-0.4958765	1.4550298	1.1727915	-1.5561377	-0.052775025	-0.8674375
-0.5398012	-1.9824283	0.73491275	3.2875803	-1.3193929	-2.857267	-1.0983648	-0.5110396	-1.119046	-0.4880103	-0.8587749	2.1769779	-2.036289	0.2815771	-2.0797634	1.902977	1.1447135	-2.9429548	-1.5433224	-0.90342945
2.7857225	-4.20606	4.4720917	3.0657861	-5.0642614	-4.655877	-1.5298427	1.2952852	0.97970265	-2.0208552	-3.0030708	3.7537	-0.8410744	0.9776371	-2.9885066	0.21968938	4.5409694	-2.2726154	-1.2305186	-3.2624118
0.84177935	-3.2106578	2.222429	2.893304	-2.3045201	-1.7024118	-0.4052542	1.1486746	-0.05295989	-2.0056624	-2.4070716	4.236185	-1.8560994	-0.25300628	-0.80478674	1.4103215	2.1198616	-2.026045	-0.10180272	-1.2315173
0.78592294	-2.2766962	1.7233305	1.4589351	-1.9583554	-1.6667784	-0.2756946	1.0742158	0.16422974	-0.2069747	-1.9999975	2.4425242	-2.1315238	-0.024248026	-1.0981457	0.8575623	2.0350173	-1.3968806	-0.76610816	-0.95612437
-0.026424471	-2.5664818	0.3016079	1.6604588	-1.6673064	-1.4896984	-1.0639565	-0.37682796	0.09001838	0.36419535	-1.1675653	1.4384617	-0.906259	0.3037266	-1.3710314	-0.06014983	0.82867604	-1.0909255	0.4637138	-0.42641887
0.96577346	-2.7338252	1.5626389	1.6339823	-2.903027	-0.80807513	-2.0481992	1.1784235	0.98311216	-0.9604914	-3.688154	3.5585551	-0.96310025	-1.0169148	-1.7980216	2.3295696	0.896787	-1.7744216	-3.0332298	-0.38961616
-0.024958026	-2.0217807	1.7101834	2.008386	-1.4935541	-2.7470448	0.22870341	1.2936863	-0.0829138	0.23661256	-1.1636903	1.0386136	-0.7210024	0.5887882	-0.8160796	0.9878399	1.1182587	-0.9200376	-0.9493805	-1.7273394
2.0578606	-2.9964752	1.1495326	4.092307	-2.2116954	-3.8779116	-1.9947795	1.8473921	0.4739622	-0.4423035	-3.3872583	4.6405582	-2.7732227	-0.5076095	-2.6758578	1.9952892	2.4651628	-2.608288	-1.2454648	-1.5917056
0.20655005	-3.211245	0.16122071	2.6924472	-2.2183	-2.5378764	-0.7440464	0.89576024	-0.21362378	1.0765	-1.638817	1.9041945	-0.84262836	-0.22596298	-0.5913989	1.3728685	1.9740543	-2.2518625	-0.3445106	-1.1318542
1.2555218	-2.5217009	-0.14823554	-0.9207041	-1.5575174	0.2566723	-0.48172355	2.5695055	1.8788898	1.0031745	-1.9232545	2.0611982	-0.57780474	-0.010700767	-2.5282214	-0.3419663	1.8294327	-0.8085643	-0.15280545	-0.8315794
0.10526377	-2.2326076	2.5521996	2.8355193	-0.9406191	-2.7703555	-0.8952942	-0.08555068	0.6179471	-0.6709727	-0.044717405	2.0231242	-2.0337737	0.04642423	-1.3565154	2.4958735	2.5497365	-2.1296296	-0.25377035	-0.40952182
1.2945776	-3.4231553	2.9782436	4.3758044	-2.8196175	-3.9457896	-0.7768508	1.7424327	0.9326439	0.29771402	-1.5234733	1.5537705	-1.4005821	1.1112647	-2.160137	1.3374482	2.9889023	-2.6159716	-0.93019366	-1.4084665
0.27525333	-5.482207	3.7374527	4.6248913	-2.7789783	-4.928668	-1.9990848	2.270926	3.2575548	0.6610194	-3.5561397	3.2978394	-1.9057041	0.08935451	-3.2122703	3.139102	3.2911823	-4.0990157	-1.2858618	-1.338858
0.21557401	-5.093981	2.8042185	2.808593	-4.398509	-4.184418	-2.9323444	2.118845	2.820841	0.2531947	-2.8973806	2.8695035	0.25555164	0.7631518	-4.014659	2.3251696	3.7171452	-3.00522	-1.9623643	-1.893658
0.854907	-3.1863863	2.768973	2.853864	-1.804585	-3.8848264	-2.0407515	1.0451947	1.5579672	-0.8651092	-1.0621696	1.974332	-0.82076794	0.41848797	-2.573377	2.4427261	2.4170768	-2.1562052	-0.8390827	-1.4019806
1.3981899	-2.5194774	1.2521838	1.0246929	-2.7276673	-1.4053739	-2.022158	0.65991163	1.1210713	-1.538105	-1.5915053	3.3553758	0.020856362	0.2214883	-2.1409252	0.9830905	1.8430556	-2.531784	-0.25573814	-1.5800129
-0.39912543	-2.558259	0.3730352	1.8198711	-2.0268738	-3.1546907	-1.7919781	0.5096724	0.48390055	0.7887197	-1.1108727	1.5034995	-0.19910006	0.8087602	-3.0082605	1.664542	1.2682517	-2.3216782	0.055728063	-1.086381
2.2504306	-2.815667	1.735906	1.3364406	-2.439743	-1.5680851	-0.84478915	1.4313315	1.5127194	-0.5616995	-1.5005631	2.5646985	-0.2510332	0.82942575	-1.8889523	-0.11542401	2.335996	-1.2711517	-0.14019103	-1.8244343
-0.48894402	-0.48826662	-1.9382629	-4.6512976	-0.8100958	3.2548707	0.43825233	2.4413722	2.672292	1.3405106	-3.0678751	0.86648875	0.89548	-2.2481341	1.3481274	0.7930689	-4.6172686	1.8513834	-2.2414265	0.50506413
0.028541751	-7.4320807	5.065991	9.498388	-4.8879457	-9.770866	-5.308238	2.6106715	1.7450491	-1.3226006	-8.218538	8.043487	-0.11822589	0.80325985	-4.716499	5.393825	6.140101	-6.5988693	-3.9523368	-2.663494
-0.35935593	-2.3601928	0.73025346	3.8051724	-1.1036751	-3.5711336	-1.3829484	0.4344055	0.41883242	-0.46240962	-0.61264026	2.425995	-1.3974925	-0.22558782	-1.8750081	2.8521636	1.5367376	-2.4703681	-0.768604	-0.9530918
0.105043665	-2.3692036	-1.3617377	1.3938475	-2.0388813	-3.000276	-1.1971059	-0.8387776	-0.40288168	-0.7658268	0.08441875	3.0517523	-1.8871264	-0.49644122	-3.38323	1.2526764	0.06335987	-2.7502046	-1.764019	-0.7754508
0.07479894	-3.2776046	0.8156095	1.5107417	-2.5473614	-2.8468757	-2.354437	0.051938593	1.9056565	-0.40763998	-1.9189662	1.6726673	-0.84926045	0.24831347	-2.9255998	1.1005731	1.1139725	-2.0146966	-0.8755734	-1.8073093
0.20216942	-2.8585157	1.5073065	2.1753585	-3.1092057	-2.5306997	-1.9838551	1.5150847	1.1879385	1.2876513	-1.9385111	1.6753836	-0.7219199	0.2080937	-1.4894671	1.7547268	2.1555195	-1.323461	-0.93835896	-1.2422712
1.371835	-1.8964444	0.42991132	1.4604177	-1.6007736	-1.1171466	-0.7137915	0.5853583	0.6161063	-0.20968267	-1.1250149	1.6322974	-0.50262076	0.53881896	-1.1668996	-0.51216537	2.4191747	-1.3903226	0.56565183	-1.0648679
0.7611005	-5.50273	3.1438487	3.4402637	-4.8866153	-4.16236	-3.5542316	2.824769	2.5874257	0.969558	-4.023665	3.7708209	-0.19610436	0.20110652	-3.3278694	2.8042307	3.2336998	-3.6404033	-1.1971284	-2.098219
0.8516136	-1.3609189	0.83522445	2.515384	-2.1555963	-2.3854883	-0.6222865	0.6333954	-0.7673247	-0.5655769	-0.39503783	1.5198429	-0.5886491	-0.15906397	-0.24222612	1.184109	2.029971	-1.0221478	-0.025323868	-1.1258217
1.5822698	-2.5439308	1.4603142	2.0457544	-2.723005	-2.3072007	-2.412948	1.0347265	2.3893523	0.22396594	-1.8998357	1.1847482	0.3365475	0.13748693	-1.899324	1.2833948	1.0172484	-1.6430612	-1.8954307	-0.8057413
-0.6924892	-2.2626352	-0.050070774	2.7267866	-0.67688996	-4.0441966	-1.702047	-0.22189055	1.2757	-0.31240746	-1.4394845	2.3456392	-0.6232316	0.5273297	-2.2084105	2.8168488	0.22943303	-2.7791293	-1.9945574	-1.0221353
0.80165523	-5.4441247	5.817592	5.4875455	-6.025074	-6.4179535	-3.4429553	0.4235445	0.731971	-1.6576103	-4.2195497	3.4241982	0.017671492	1.087381	-3.4765544	2.0721378	3.6114995	-3.5572512	-1.6117536	-3.5500317
0.2625882	-3.3201294	2.7568803	3.8922524	-4.3254676	-4.7810616	-2.631839	0.9305421	1.3637522	0.13740249	-3.4187737	2.3493657	-1.3150263	0.51728576	-3.0790482	0.5971508	5.8686953	-3.4840028	-1.9515419	-2.1995862
1.0568734	-3.3938518	0.877969	2.035861	-1.5124046	-2.182825	-1.7334263	2.831792	2.0711727	1.3967401	-2.206572	2.3594198	-1.181061	0.044815104	-1.9389828	1.3503305	1.68755	-2.4170048	-0.57646847	-1.0512967
1.9240069	-2.1240497	2.42607	1.2665396	-4.0369296	-1.5842725	-1.6204739	1.74644	1.264886	-1.0364062	-2.1095595	2.0612502	0.50157374	0.48828068	-2.677717	-1.0033792	2.9399002	-0.48030823	-0.698366	-1.8000036
1.0831184	-1.2162917	1.2260301	3.280903	-3.5699863	-2.9958556	-1.3212662	2.3400846	0.7310449	0.9214449	-2.3980637	1.727251	-1.0855695	-0.06967075	-3.2286391	1.4624006	2.6365051	-1.4206017	-2.4802687	-1.7837385
1.2715552	-2.3796492	2.9665818	3.5382593	-2.9136147	-2.9230406	-0.23684652	0.7335939	0.20122965	-2.2073298	-1.206744	2.5456657	-2.15596	-0.083966896	-1.3732255	0.83858275	2.5894346	-1.4007369	-1.5022019	-2.2398746
0.8880893	-2.3422196	1.044999	2.87641	-3.0462184	-2.9547942	-1.8512696	1.7429407	0.117879644	0.5886889	-2.3734815	2.172598	-0.11983393	0.18961076	-1.9135125	2.1376398	1.5033785	-1.0486382	-1.4544754	-1.7080753
-0.26457095	-2.15157	0.083019674	2.5365772	-1.7132552	-2.3892636	-2.0293837	-0.3815825	1.5179082	-0.52886355	-0.52580875	1.3555	-0.4129792	-0.27670723	-0.42554218	1.6600378	-0.031237815	-1.5646269	-1.0499238	-0.757965
0.65786636	0.07670872	-0.42664698	-0.7683098	-0.40186962	0.8149675	-0.2804344	1.6373973	1.1569018	0.3176053	-1.622937	1.1512815	0.068037726	-1.2755097	-0.5810054	0.75333166	-0.6857339	0.33084378	-0.99628055	0.08940707
0.9924187	-2.1066868	1.4247974	3.0831544	-2.6006792	-1.9998971	-1.6500213	-0.08763522	0.94423604	-1.0932999	-2.191489	2.1516263	-1.9436027	-0.13230787	-0.28221077	0.40304598	-0.27723604	-1.5555722	-1.3850898	-1.5178698
1.4647082	-2.6631062	1.5228553	3.7854156	-2.5361784	-4.7553906	-2.2887933	0.909383	1.307053	-2.1161907	-2.066378	3.4386036	-0.79468817	0.67050564	-3.520151	2.281459	2.387392	-3.1213717	-2.231898	-2.8817837
0.7635007	-2.247185	1.8475528	2.3012512	-2.0680256	-2.6092527	-1.9012092	0.90994024	0.05758713	-0.51985204	-1.7010981	2.7351172	-0.23065	-0.252794	-1.1160344	0.7436914	1.7157305	-0.034471158	-0.55549926	-1.3214058
1.3325449	-3.6166823	1.7050079	4.0675006	-3.7005403	-4.0203996	-1.6098927	2.441079	1.1943628	1.0724247	-1.9058427	2.3513553	-1.7687391	-0.061494123	-3.2286127	2.0612373	2.732526	-2.5088582	-3.4150164	-2.1493452
2.139793	-2.3013432	2.4649613	1.8708515	-1.0287828	-1.8169724	-0.23959589	1.4815499	0.70393854	-0.5693647	-1.0246695	1.1079048	-0.7646389	0.7248094	-2.1263635	-1.0133965	4.180982	-1.0143942	0.97362745	-1.3159952
-0.11588671	-1.9134634	1.8194356	0.72084427	-2.1180747	-2.485644	-1.337135	0.6717074	1.0584046	-0.0035296478	-1.7308421	0.6744718	0.84151345	0.32182238	-1.9633087	1.3333428	2.3791122	-1.2421975	-1.2951617	-0.8109274
-0.03759532	-2.4016056	1.1584562	1.886126	-1.9224571	-1.9459853	-1.8517212	1.2390252	1.599784	0.85259897	-1.4070568	0.79547685	-1.0975014	-0.055640463	-1.4973701	1.2596651	0.7137416	-1.3363713	-0.051784575	-1.4190258
0.11890707	-3.0699236	4.131287	3.197382	-3.1439378	-3.8407457	-1.4910085	1.4399801	1.9467825	-0.26044673	-1.2558725	1.6581961	-0.7218649	0.5351038	-1.6781293	2.2293658	3.5325487	-1.5907296	-1.5302036	-1.6942711
-0.9298339	-1.8558093	0.96046364	1.9717904	-2.1973574	-2.2016847	-1.1337146	0.45393836	0.45262775	0.27880406	-0.5491586	0.83605546	0.34433472	0.13968186	-1.0301011	1.5937959	1.3422875	-1.2490687	-0.21718495	-0.79342943
-0.021071564	-3.2403448	3.02402	2.7592378	-3.101408	-2.5392058	-1.6945843	1.1768072	2.4645855	-0.12833413	-1.5649778	0.8564458	-0.418225	0.149172	-0.45140955	1.09474	1.862363	-1.5767754	-0.8801584	-1.7615192
1.1761078	-2.3271446	2.8061454	2.1771045	-2.225225	-2.4420278	-0.8787461	1.1469954	-0.79477257	-0.3694825	-1.5995457	2.3366945	-0.6811253	0.47574738	-1.773008	-0.3256921	3.3645964	-1.3088887	0.5299763	-1.1461164
-0.74233025	-4.177414	3.041543	3.5918965	-3.473527	-5.5108924	-2.2468286	1.6615704	1.1076913	0.7769646	-2.6112027	1.991492	-0.07633221	0.6192824	-3.7328296	2.696896	3.4176297	-3.0944238	-2.4347591	-1.5598421
1.0496526	-2.7787077	2.2701702	2.6884644	-3.6875722	-2.599074	-2.4656599	1.1338716	0.10985595	0.2285559	-2.3677094	2.6510327	0.06654445	0.9293523	-2.1817427	0.7498658	2.3287153	-1.0365041	-0.57905054	-1.9433056
0.8387143	-2.8883302	0.9370576	2.757469	-3.4145627	-3.7881448	-2.6276853	1.474841	1.0080826	0.76187027	-1.8483177	1.7038785	-0.69766957	0.22040741	-3.818575	2.0849934	2.536545	-1.6482298	-0.6150602	-1.2074817
0.42733657	-1.6736381	2.0489016	1.7417861	-2.1963234	-1.1328113	-1.150837	0.0066250423	-0.22516516	-1.0907766	-1.9228616	2.1614006	-0.9527765	-0.16785488	-0.73583156	-0.2280185	0.8772326	-1.4008038	-1.4384977	-1.425776
-1.308705	-2.2315733	0.95564127	1.5051187	-1.388778	-1.1374054	-1.972039	-0.38644803	0.41965884	0.0448005	-1.1965133	1.7428957	-0.71037036	0.024224717	-0.4932529	0.7751683	0.2081552	-1.8261374	-0.009730634	-0.8976374
0.81305027	-0.98326045	0.1828479	0.82373244	-1.0781919	-1.1447248	-0.1887084	-0.30917564	0.044743195	-1.2940997	-0.34706223	0.54029804	0.18280444	0.91806483	-1.367426	-0.61237353	3.3473127	-1.0352582	-0.4091897	-1.106756
1.931416	-5.24715	3.3446794	3.9345524	-5.586811	-5.397539	-3.4287574	3.246839	3.3461902	0.91534674	-3.836499	3.8625977	-0.9312683	0.8741576	-5.060305	2.975396	5.8665833	-4.005732	-2.8194656	-2.9879842
1.1670827	-2.8794477	0.7458352	1.4217418	-2.2152226	-1.9553223	-1.4882941	1.6323069	1.3924658	0.8901155	-2.1754277	2.3090794	-0.43449533	0.48584563	-2.393524	0.5544633	2.3233507	-2.2510571	-0.102023736	-0.6735295
0.08519545	-2.177538	1.130502	1.964251	-1.8827715	-3.1194727	-2.1441998	0.10681198	-0.020546079	0.015213851	-1.096348	1.4110904	-0.42504686	0.14656806	-2.8132994	2.0608177	2.968145	-1.7362734	-1.2930831	-0.3106321
-0.15902537	-1.2715905	1.7267939	1.8178496	-0.43073627	-1.0004297	-0.21715492	-0.55236936	-0.39778787	-0.16494945	-1.2539301	0.7176331	-0.5397193	0.29674548	0.38267526	0.70779735	-0.10568468	-0.46037725	0.2840202	-0.13972972
0.53396076	-1.5110668	0.8214595	1.5372865	-0.5645552	-1.4621918	0.07143374	0.4917532	0.24815851	-0.2957998	-0.54766846	2.0364926	-1.0399466	0.40911973	-0.72914946	0.20970088	2.8415742	-1.2959989	0.6269013	-1.4699379
1.683498	-3.4413688	5.1358275	4.03111	-4.3713427	-6.211377	-1.3114731	1.2198114	1.2246484	-1.3498741	-1.5149603	2.1633942	-0.38310426	0.94660443	-4.3821454	0.88394463	5.6096864	-2.8879943	-1.4548668	-2.495652
-0.81710327	-3.1468813	2.7968693	3.0127165	-2.87511	-4.061416	-1.7841535	0.93023145	0.9263757	0.5925574	-3.1150038	1.2523345	-0.9819621	0.16443484	-2.4495916	2.8188186	2.7806363	-2.2449384	-0.90947914	-1.5448335
0.12955089	-0.23330584	0.9777632	1.9177846	-1.7995788	-1.6853677	-0.95813453	1.4640709	0.41292614	-0.68402237	-1.2842636	1.822004	0.2725561	-0.21930723	-1.0656872	1.9373384	0.06802872	-0.99635696	-1.5105634	-0.9034202
0.4991721	-4.1570153	2.1457183	1.2998843	-2.3794081	-2.0381205	-0.6330065	1.9402342	1.7589159	0.51547134	-3.4133816	2.1730065	-1.2241184	-0.28835437	-2.7312996	0.94334406	3.435752	-1.0851918	-0.29981264	-0.8066794
1.1423603	-1.5188673	3.1809652	3.066998	-2.7194047	-1.8938557	-0.50043267	-0.33429918	0.24386421	-1.6342869	-0.9018583	1.7287936	-1.1322415	0.27745384	0.14513485	-1.0367191	1.4877983	-0.59483945	-0.9578958	-1.8308263
0.16687381	-2.2067451	2.64583	3.0921586	-2.7804403	-2.4297593	-0.711266	0.7039147	-0.24681716	0.20972997	-1.6836109	1.6593562	-0.5670312	0.97828144	-0.23508322	0.25415707	2.0572996	-0.81976235	0.06680578	-1.5185809
0.090719566	-2.4710653	1.3948355	2.0500765	-3.425856	-1.8865687	-1.6670587	1.4873713	1.6766938	-0.033437606	-1.4240096	1.4752918	-0.19718328	0.015706616	-2.4059818	0.39364514	2.2265162	-1.4325198	-1.9329993	-1.4035933
0.14707589	-1.3293054	1.450548	2.3748314	-3.1030722	-4.8112445	-1.6694392	0.58230734	-0.19616881	0.6690727	0.35037792	1.5557538	0.40568197	0.73501647	-2.868717	0.9447136	3.7535691	-1.4443984	-1.004652	-1.6226429
1.6543216	-1.9513584	1.18791	1.987412	-1.4175156	-2.6707046	-0.53633356	1.6402441	0.5405307	-0.33417246	-1.7038343	3.3264575	-0.082234375	0.32538792	-2.1864407	0.022874115	2.992825	-1.6479193	-0.90117025	-1.6599921
-0.49895215	-1.8525364	0.7957962	2.564771	-1.5611442	-3.0425613	-1.1328782	0.28107303	1.0427237	0.106765054	-1.5652481	1.00815	-1.1193068	0.3062404	-1.5433056	2.2453363	1.5806572	-1.3701053	-1.3286217	-1.1637065
-0.30388883	-3.4512281	1.7792281	2.0371668	-1.4116527	-3.4783041	-1.5090656	-0.292463	-1.1387837	-0.08838717	-2.624048	2.891236	-2.2311969	-0.9871347	-2.9904757	1.3847649	1.7394215	-1.9804206	-1.4524379	-0.67237246
1.4929216	-3.0747087	3.630556	3.4424198	-2.9646494	-2.9127812	-1.1889218	2.2940116	1.6819495	-0.6132022	-2.4260154	2.102441	-1.097862	0.21679544	-0.6974538	1.3893218	1.7069371	-1.2390465	-1.1742506	-2.0171757
0.80878377	-4.278312	3.4400346	4.1292157	-4.7755547	-4.404039	-2.7995834	1.7972784	2.5571375	0.43049836	-2.7023814	3.5184133	-0.21667914	1.0589714	-3.4714077	1.444814	3.5700028	-3.1234074	-1.0537242	-2.5702763
0.1777384	-2.026404	1.8829777	1.6992264	-1.582285	-2.2477539	-1.4619852	-0.21039888	0.37847176	-1.8506511	-0.87734294	2.5727098	-1.6579393	-0.03485689	-1.3675154	0.39764282	1.8243711	-2.5937455	-1.4871129	-0.8132539
1.1841496	-2.0360963	1.3178709	2.1483388	-2.5343466	-1.3720104	-2.1603003	1.266012	1.4493102	-0.1445712	-2.8838103	2.2907453	-0.6202422	-0.23098396	-1.3787017	1.4164759	1.0308572	-2.2999125	-1.4743861	-1.0598935
1.28795	-1.7311126	1.054541	1.922874	-2.5310538	-2.4533205	-1.7928282	0.9696286	0.6494976	-0.6586236	-1.5150678	1.0259483	0.35921597	0.4431031	-1.1925906	0.4472336	2.023317	-0.53624284	-0.43218383	-1.7681918
3.4871943	-1.9586354	2.1147783	1.3823357	-2.9468894	-2.9161	-1.7166821	0.847076	1.0414815	-2.7601936	-1.062454	3.0207696	0.08239169	0.16031899	-2.801971	0.3709211	3.5481627	-0.6609272	-1.6594404	-2.5485115
0.28443056	-1.7036763	1.3384073	1.2069967	-2.12501	-0.77040964	-0.6493322	0.35106173	0.41846892	-0.90875393	-0.40042627	1.6462951	-0.5825499	0.12171909	-1.3717953	0.3253166	1.3911784	-0.7722079	-1.178383	-1.3531402
1.0715845	-3.185764	1.5173162	3.5659297	-1.7715744	-3.6409976	-1.153833	2.0809648	1.6930155	-0.65527	-0.70190716	3.4069736	-2.3340278	-0.1870761	-2.0501409	2.0623064	2.5503185	-2.985316	-1.1121919	-1.1422869
1.1399173	-1.6952965	1.5330416	1.4653327	-2.373753	-1.8858929	-1.0329891	1.604202	1.1311802	-0.0509943	-1.5282379	1.420108	0.27390218	1.1319132	-2.0748067	0.4351189	2.513682	-1.4997246	-0.86200225	-1.6946056
3.9987934	-4.0611224	6.138672	6.204798	-4.9072566	-6.0645614	-1.6459818	1.3634737	0.29536405	-3.3302224	-2.9585164	6.210985	-1.998422	0.9656475	-3.6314378	1.3447807	5.9302807	-2.848956	-2.9012685	-4.2506824
0.43972173	-1.9823552	1.1650574	0.6702716	-0.8485089	-1.2125272	-1.3741009	0.45314234	1.876962	-0.6970066	-0.44067112	0.64567894	0.68385214	1.1161578	-2.0905051	0.14634663	2.5399716	-2.237888	-0.061018948	-1.3790402
0.1156716	-2.4740653	0.08112702	2.722029	-1.8564363	-2.0620537	-1.8255929	0.89997846	1.4122291	0.37914503	-1.4758068	1.5603436	-1.1330056	0.028792175	-1.1708857	1.1986657	1.1314245	-2.0930433	-0.6339703	-1.1046993
0.526514	-2.3328118	1.0109305	0.7905488	-0.31597376	-0.40280804	-0.21808557	1.2823998	-0.017155576	-0.006501722	-2.5442507	1.6062257	-1.1268566	-0.15686908	-0.77410686	0.9294637	1.8709257	-1.7063446	-0.46077427	-0.37913042
-0.42595792	-2.708093	1.0323067	3.2451673	-1.7692852	-3.241525	-1.3965188	0.82557106	0.7971259	-0.13147618	-1.814221	2.5113876	-0.56506944	0.95422846	-1.9573973	1.1290896	2.3919387	-2.0950947	-0.8152824	-2.115069
2.197423	-2.9920902	4.4269533	4.5702853	-4.6796627	-4.3323417	-2.26624	1.5085484	0.6647394	-2.812581	-3.5156105	4.5351176	-0.11146082	0.5188844	-1.4154338	0.8367148	2.3027189	-1.6910107	-1.6669201	-4.1706276
0.49524412	-2.8599045	1.9787139	1.6776345	-1.6670859	-1.5633198	-0.87020814	-0.10569808	1.1246591	-0.705261	-0.98424715	0.98416555	-0.8016446	0.66207695	-0.57394415	0.6903647	1.1221308	-1.7481772	-0.0030732034	-1.1764969
0.62760705	-1.7723343	1.4371563	2.765839	-2.629275	-3.003608	-0.23247792	1.7340534	-0.5539898	0.4956981	-0.718093	1.4462116	-0.28309727	0.6039331	-2.084099	0.4485755	3.9927385	-1.205198	-0.20139995	-0.94121534
-0.7688519	-3.0721562	0.7261643	2.74012	-1.139154	-1.1826646	-0.8472418	0.99360245	0.8315045	1.0306695	-3.2908778	1.1058408	-1.4323313	-0.28253216	-0.5773851	1.1969404	0.284172	-1.9874216	-0.47584888	0.08599825
-0.10789885	-0.924654	0.26296964	2.843493	-1.1117464	-0.8183206	-1.3166414	0.7917259	-0.24514298	-0.5236916	-1.1559582	1.9436448	-0.6932365	-0.25326407	-0.19746095	1.2076789	1.3882331	-0.96959114	-0.8880281	-0.7717978
-0.5973079	-3.082293	3.2474678	4.1409054	-4.2114625	-4.8936234	-2.777267	1.1329259	1.3731611	1.092817	-1.8136368	0.65026015	0.6476871	1.0267336	-2.1473844	0.8644224	3.1381738	-1.6965134	-1.0086814	-2.6471632
0.35057747	-1.2188281	-0.22274844	1.6966558	-1.2063355	-2.6674938	-1.6167555	-0.28780183	1.4638616	-1.116797	-1.0986593	2.2502115	-1.2881982	-0.33960006	-1.6745806	1.9855701	-0.49041924	-1.7121263	-1.89396	-0.7379989
-0.13027833	-1.9484047	1.5338683	2.3065698	-1.9706029	-2.2345448	-1.0649562	1.9202282	1.0336305	0.66697115	-2.3750153	0.9715151	-0.04301244	0.09903584	-1.5678426	2.044848	2.8263242	-1.6237936	-1.7861896	-0.9245687
1.8764788	-2.6119125	2.1924725	3.2473216	-4.4313283	-3.2421842	-2.6243415	1.4386028	0.41263768	0.02407176	-2.758271	2.3533163	1.2472963	0.99741656	-2.2359567	-0.40904665	3.2386029	-1.0926747	-1.2156209	-2.6796544
-0.008331525	-3.3769221	3.3688445	5.349993	-2.604108	-3.047214	-2.3902197	1.0446008	1.7996258	-0.7903941	-2.6740978	3.0604758	-1.9040537	0.06382347	-2.1071994	1.9668789	2.5005608	-3.6358209	-1.5222874	-1.3112493
0.0693334	-4.4165	1.9722744	3.220052	-2.536673	-2.9953187	-0.9018832	1.0885334	0.3689041	0.7219016	-3.4155521	2.8903067	-3.0638418	-0.114001565	-1.9535575	1.5924033	3.298847	-2.2463427	-0.3029829	-0.24651533
-0.49558654	-0.8771162	0.8221644	1.9402051	-1.1440111	-1.3050559	-0.011193869	1.2310548	0.6615064	-0.086602576	-0.5723283	1.4435174	-1.3404725	-0.43384033	-0.64294463	1.182693	-0.4417726	-1.0081042	-0.9426588	-0.92486656
0.6148096	-1.7952074	0.07902792	0.6190671	-0.5215532	-1.2228041	-0.46659762	0.13305421	0.4563698	-0.79592115	-0.17725459	1.5151107	-0.3738921	0.18451184	-1.6607765	0.27044863	1.4718082	-1.1542548	-0.24148522	-0.49221152
0.5537296	-2.4675994	2.4149067	3.0690265	-1.9999973	-2.0552115	-1.823498	0.31054392	-0.24137802	-1.8918353	-2.763404	3.0800393	-1.342036	-0.1755339	-0.8373968	1.3775914	0.2270838	-2.5415618	-1.4884754	-1.4438107
-0.011210725	-2.2734315	0.877731	2.1873555	-1.5841231	-1.691906	-1.1693002	-1.0517412	-0.6456642	-1.7349154	-0.6932623	1.6633763	-1.8143991	-0.58584553	-1.2916574	0.26155862	0.14443831	-0.34743628	-0.57381874	-0.7443133
1.3794271	-1.2889221	0.31271142	0.21879637	-0.223719	-1.1339009	-1.4192296	1.22009	0.5651392	-0.52173483	-1.9735166	2.6524282	-0.33681142	-0.4636506	-1.9999592	0.92682785	1.9951692	-1.9467518	-0.99022806	-1.0402153
0.87859046	-2.4859176	1.3255602	1.6712871	-2.294806	-0.44034767	-0.085130274	0.35489827	0.7721282	-1.3016917	-1.3942537	1.5427141	-1.2008464	-0.07613288	-0.15302794	0.17324916	-0.15640189	-0.13154066	-0.33670443	-1.5188698
-0.12628773	-3.598235	1.7227409	2.9969506	-2.7109973	-3.8902059	-1.4482195	2.0743945	1.5012702	1.2739074	-1.0729008	1.9792465	-0.868153	0.36938632	-3.4625638	3.06464	3.6073182	-3.1633406	-1.4464055	-0.5688466
-0.030062111	-2.1728978	1.8233447	1.0329386	-2.5136697	-2.5487275	-2.1200516	0.45606232	0.8366916	-0.20913397	-1.0717961	2.1855588	0.031418573	0.23115116	-2.591145	1.9311326	1.5870407	-1.7279236	-1.440121	-1.1710614
0.41138932	-2.750974	0.82766783	0.9762723	-1.6420139	-1.8932825	-0.88091946	0.7629636	0.91620886	-0.56501335	-1.7678372	2.0297844	-0.26479706	-0.11576456	-2.065014	0.9243661	1.675539	-1.2958049	-0.32209834	-0.3395884
0.27338833	-2.8242414	1.7881196	1.142452	-1.951327	-2.2546976	-1.1930915	1.2835466	1.045824	-0.24525194	-1.9221585	1.8050658	0.18835321	0.33042982	-1.8262123	1.8835157	3.096622	-1.9064952	-1.2681359	-1.0504781
1.3847262	-3.6641073	3.365525	4.116104	-4.0259395	-4.511326	-1.5578362	2.498904	1.3362083	0.6745361	-2.542816	2.0796323	-0.9211183	0.92223537	-2.1260712	1.4565189	3.2893684	-2.6145954	-1.6183777	-2.5334952
0.46747333	-2.6257842	1.7615682	1.7548326	-2.4806454	-3.433126	-2.1412776	0.28581086	0.88966686	-1.3794595	-2.4634016	2.4416614	-0.5961827	0.527589	-3.009783	2.0989783	2.4128559	-2.2627208	-0.28444222	-1.450151
1.7556087	-5.80078	4.579618	5.5243754	-7.195362	-6.1036944	-4.238679	3.010721	1.4313091	-0.5944276	-6.0052533	5.024946	-0.12622048	0.3537862	-3.9062662	3.2117395	5.913852	-4.3625827	-3.924431	-3.1352625
-0.0971341	-1.2631726	1.6937608	1.9427885	-2.5653574	-2.2814567	-1.2769114	0.585894	-0.14170307	0.2694112	-0.44032758	1.0433798	0.41309005	0.8365849	-1.5373021	0.70848644	0.8726186	-0.95296156	-0.3029087	-1.6096182
1.085794	-2.7620327	1.3945144	1.2149367	-2.4758115	-2.0907362	-1.5987312	0.8786764	1.6147985	-0.84474057	-1.1239562	2.769405	0.023173224	-0.17644571	-1.5978752	-0.22582571	1.2861428	-0.4350268	0.016771317	-2.3091874
0.5146399	-3.1704216	1.1410551	2.1269474	-1.473191	-1.9800676	0.08306247	0.0037444364	1.2798039	-0.910166	-1.1362405	3.264817	-0.49215502	0.25496352	-0.6703481	1.8033429	1.2001767	-2.151535	-1.5411335	-0.76712877
1.7853404	-4.037377	2.5441291	4.1091986	-3.7119875	-3.9075532	-1.1345956	1.2867442	1.3336946	-1.716448	-1.5819483	3.9856954	-1.7953451	0.4728589	-1.6388979	0.8647535	2.8594158	-2.59844	-0.44380948	-2.5924377
-0.5677855	-2.9072742	1.749653	2.1000423	-2.2815604	-2.51059	-1.7864816	0.064364426	1.3724365	0.07751182	-0.594304	0.5575591	-0.015599734	0.58085763	-0.82594305	0.47484228	1.2721921	-1.7630696	0.014852282	-1.1931185
0.47748974	-1.8661021	0.9482478	2.3245533	-2.5676205	-3.0766282	-1.6988293	-0.19595478	0.3463881	-0.8438648	-0.9738739	2.1543603	-0.11486384	0.46102065	-1.5424877	1.0551993	2.2306964	-1.9364946	-1.0718837	-1.4155259
-0.2757971	-2.832199	0.8893547	2.6356027	-1.3858289	-3.129118	-2.221696	0.2340548	1.6597434	0.31722054	-0.6697086	2.1653523	-0.007446081	0.56064695	-2.2302752	1.6299762	1.319732	-2.6820402	0.08535071	-1.3088119
-0.05269078	-2.5370803	0.92574346	1.6312449	-1.3319768	-3.125662	-1.5871459	0.8314784	0.9617849	-0.36587533	-2.310545	2.6413426	0.10302989	0.30216143	-1.7940686	1.8381172	1.982331	-1.7773865	-1.1373153	-1.116348
2.0649233	-1.8445092	2.3714395	2.8927054	-2.1938477	-1.9955988	-1.2930589	0.8387345	0.4970998	-1.3306527	-1.052187	3.4426677	-1.6687429	-0.07194771	-1.5527767	0.73377734	1.8314166	-2.031273	-1.5287704	-1.5083922
0.87101185	-3.4040618	1.2477165	2.1044798	-2.7650712	-3.3428352	-1.2736155	0.62105733	0.9803522	-0.62397885	-2.1405632	2.973778	-1.8542343	-0.0010096427	-2.2335906	1.9081656	1.5137467	-2.5760303	-2.1928635	-1.4519595
0.30396685	-1.4120455	1.3956581	1.5295157	-1.6241289	-1.5743583	-1.5698186	-0.15177028	0.2601371	-0.89009655	-1.8321382	1.8738765	-0.16653898	0.04551851	-1.1501778	0.9038902	0.89652896	-1.4254186	-1.1123599	-0.5079711
0.15461141	-3.5758157	2.1424286	5.582101	-1.4641744	-5.2108674	-2.0269063	1.4297705	0.049660537	-1.1239825	-3.561505	5.104572	-2.5247781	0.012220101	-2.9249392	3.8831575	2.551218	-3.4258375	-1.9316728	-2.0208411
1.0087618	-3.0592237	1.2315012	0.84486866	-0.8522247	-1.3635354	0.07029861	1.3198155	0.79884696	-0.052817386	-1.9643759	1.3843269	-0.921873	0.438204	-1.2026783	1.1701748	2.41362	-2.0705297	-0.8878419	-0.89005727
-0.4066028	-3.5167978	1.5098249	2.7628942	-2.5062776	-2.3785381	-1.9192464	1.4953179	1.5464259	1.3782798	-2.0812957	1.9161649	-0.6261182	0.22566149	-1.813937	1.5331048	0.90450823	-2.0731843	-0.18870585	-0.5837863
0.7534271	-2.721408	2.7628834	4.056756	-3.6417634	-3.5151458	-1.4855837	1.960418	0.65112716	0.48537263	-3.0563803	1.7682917	-0.96270937	0.59648246	-2.5957391	1.3533953	3.640651	-2.99976	-2.0304704	-1.3475976
0.28744012	-1.6193391	1.1873064	1.3658417	-1.3633422	-1.482482	0.31340635	0.9990322	-0.4733497	-0.7110697	-0.77719593	1.6233758	-0.4019852	0.9543612	-3.084914	0.7987374	3.128278	-1.605038	-0.26325718	-0.6354667
0.43049607	-1.956685	0.9577461	2.5268924	-1.8522918	-2.3590977	-2.1077812	0.53832275	-0.5243632	0.37377077	-2.3140395	2.4854279	-0.11606907	-0.011294256	-0.6481856	0.6202934	1.0581055	-1.0687294	0.35205233	-1.4101484
2.2230437	-7.3502407	4.5204034	7.535648	-8.526921	-8.832472	-6.4855714	3.1560738	2.89929	-1.2171187	-7.2995176	9.187949	-0.49851534	0.66655433	-6.970977	3.6106882	6.578091	-5.4171166	-4.660506	-5.753179
1.4220076	-2.1150417	2.4316103	1.1563356	-2.4723244	-2.7075803	-1.9057547	0.90226746	1.7442489	-1.8018303	-1.1253179	3.067103	-0.41394815	-0.15790837	-2.5626702	0.8603388	2.0271406	-1.3386971	-1.1542714	-1.5609086
1.445704	-5.352845	2.5239933	4.46745	-5.4560895	-5.1185455	-4.1576877	2.7995362	2.034326	-1.6154723	-5.712064	6.0785265	-0.54397184	-0.22499877	-3.3897858	2.8538237	2.4968445	-3.0527735	-3.3560126	-3.3041368
