1.6461544	-0.85323215	0.9956983	2.0327554	-0.8273382	-2.1531935	-0.9823254	0.91922176	-0.39985472	-1.1562123	-1.6312435	2.2533197	-0.69165367	0.07890158	-1.1161686	0.7408305	1.3924822	-0.89533234	-1.2646805	-1.416523
0.41375804	-2.3042514	-0.6192717	2.7090392	-2.0835245	-2.6618404	-1.404021	0.76683766	1.0831374	-0.04061274	-1.2983469	1.6649755	-0.51743823	0.6002199	-2.3977776	0.83615494	1.1149673	-1.539904	-0.57110304	-1.777102
0.43282047	-2.7234344	3.2100065	2.826474	-4.815608	-4.3778286	-1.9656008	1.7824354	1.8209634	1.6127247	-1.8015147	-0.47296712	1.7390766	1.7985712	-2.9327943	0.21416864	3.8779101	-0.29924956	-0.5086253	-2.2551231
0.34176958	-2.0402365	0.6521405	1.5336633	-2.7900271	-2.6603599	-2.4354644	0.83904177	0.4413908	0.4750344	-1.5945921	1.406046	0.12798406	0.068149015	-2.312391	1.809998	0.7681774	-0.9428455	-0.7221091	-1.1918305
2.4533935	-3.096718	1.8798398	2.352093	-4.23539	-3.4704916	-3.7195165	2.6896048	1.344811	-1.5569192	-4.4985476	5.4205904	0.35173148	0.24886976	-3.6988628	2.6658146	3.5029864	-2.498321	-2.9460669	-3.2056136
0.3823146	-3.7194371	3.1394858	4.0545435	-3.80599	-4.144704	-2.7539468	0.59701073	1.262278	-0.46396118	-3.0181293	2.534143	-0.7644745	0.7474992	-2.3164892	1.2914428	3.3785238	-1.9748385	-1.3019495	-2.0024838
0.37198856	-2.911097	0.83473974	1.5023966	-1.4658438	-1.5679475	-0.3277001	-0.15889078	-0.13027388	-0.56645244	-1.662962	2.2601063	-2.1675923	0.074464984	-1.9186534	1.1316204	1.225926	-2.4558544	-2.1392963	-0.15911704
0.9109757	-0.82395256	0.022658255	3.2979069	-2.3774517	-3.0996234	-2.4890134	0.80115235	1.0178723	-1.0938752	-1.1598358	2.907646	-0.98884803	-0.23005022	-1.0713984	0.67680705	0.7016494	-1.1465161	-1.3548145	-1.8717755
1.0571814	-3.3696148	0.67091143	2.4308414	-3.1761863	-2.978775	-2.9192307	1.6065483	1.8261356	-0.033998948	-2.1398065	3.686537	-0.48485363	-0.31711513	-3.8192785	3.082644	2.3405097	-2.1217113	-2.5811183	-1.033864
0.17289336	-1.5924866	1.911521	2.7208488	-1.2462062	-2.9390025	-1.552204	1.11968	0.7101715	-0.85396796	-1.5831572	1.9086035	-1.0991671	-0.15064023	-0.8602667	2.2904809	1.0715808	-1.5371419	-1.4618539	-1.078789
0.77161616	-2.545063	0.45440844	2.3354242	-3.69296	-2.8248436	-2.925963	0.09728319	0.884181	-0.64683276	-1.0511	2.1368296	0.24464194	0.6321282	-3.2061155	0.592596	3.263777	-1.977685	-0.10811178	-2.283393
-0.06789913	-2.4677079	0.6759139	2.1112678	-3.065853	-2.8525877	-2.3331478	0.30535427	1.0592254	0.7962483	-1.1875211	0.95157856	0.8462973	0.59204364	-2.1336472	1.3099759	1.663457	-0.656915	-0.25479385	-1.0470824
1.3398803	-1.0542166	0.32100675	0.6490709	-1.0398414	-0.5227754	-1.1763029	0.2118498	-0.5071253	-2.0234225	-1.7854786	2.416233	0.4824459	-0.13582024	-1.0765076	-0.42594737	1.0720688	-0.35213274	-0.2749072	-1.3335346
1.4467136	-2.2297122	2.0035813	1.3034208	-2.5465214	-3.7088628	-1.9971927	1.2973585	0.7798615	-1.2302918	-1.5687968	2.6147158	-0.1552817	0.7135564	-3.1853282	1.4712744	2.9381688	-1.84257	-1.2222626	-2.113263
1.0113713	-1.5710502	0.9711195	0.9649725	-1.5389085	-1.557365	-1.2169765	1.2674987	0.8636525	-0.4236983	-1.8014809	1.8559488	0.177019	0.34487766	-2.1553276	0.75615853	2.4841013	-0.8189884	-0.63493127	-1.0213152
1.0711821	-1.768368	1.0471677	0.65747076	-1.0909252	-0.8338605	-1.1175753	0.6981331	-0.5545629	-1.0022169	-2.04396	2.3678935	-0.74195397	-0.2250892	-1.9709038	1.2968578	2.0332413	-1.0719196	-0.13561775	-0.4204014
0.6503855	-1.6731942	1.6066253	2.4902365	-0.8967335	-2.1358538	-0.27471495	0.80148923	0.9653154	-0.6670946	-1.4631994	1.4259411	-0.54966354	0.46684638	-0.7151753	0.6415442	0.7459088	-0.28666282	-0.5383709	-1.3302686
0.3232372	-2.7475781	1.9072694	1.7651442	-2.7395065	-3.1932821	-2.6503193	1.7871052	3.3131976	1.7558587	-2.0930135	0.26631674	1.1550505	0.7494778	-2.5022655	0.56514686	2.370986	-1.280156	-0.17062642	-1.4987118
0.4808682	-2.0321603	1.4693588	1.5377934	-2.7450593	-1.5504593	-1.38564	1.0750014	0.6814388	-0.46625572	-2.8942335	2.0222216	0.2539061	0.48910236	-0.76325506	1.0172318	1.6283134	-0.72838885	-1.5138922	-1.2914667
0.79173666	-2.8012	2.2059257	0.793515	-2.901303	-2.7746139	-1.9860767	1.291456	2.1474514	-0.35831487	-1.4280977	0.93565446	0.8593115	0.08623171	-2.393366	1.0161486	1.9611925	-0.4100491	-0.971983	-1.1826811
-0.8469451	-2.7246234	1.3236597	0.935575	-2.887148	-2.5848498	-2.0133927	0.2520616	1.2248092	-0.37983996	-1.3647866	1.3611065	-0.44207793	0.158256	-2.213337	2.109365	0.7960207	-1.6797098	-1.0464591	-0.81302166
2.2589352	-1.1957766	0.46344346	0.31272942	-1.4870362	-1.1903355	-0.7793034	1.1426833	0.22680171	-1.58481	-1.8893114	2.389012	-0.03395792	-0.3978281	-1.7027035	-0.213553	2.1885126	-0.84366053	-1.902756	-1.0084298
2.1668696	-3.3742688	2.135389	3.3718598	-4.616261	-3.9660604	-3.2194033	2.0829597	0.9848825	-1.9034945	-2.9137547	4.359415	0.52934587	0.95118564	-3.8353717	1.3261107	4.048406	-2.0622666	-1.2711416	-3.2544239
0.017277617	-2.712732	0.7120001	1.8684758	-1.9566083	-2.3785284	-1.6824216	1.1704553	1.7210568	1.5753344	-1.4770038	1.3206316	-0.39708835	0.42418283	-1.9330814	0.12870441	1.2613695	-1.7147539	-0.43624812	-1.2904363
-0.17009418	-2.7867486	1.6006011	2.6414168	-2.6085281	-3.5229046	-1.6898397	0.6270378	0.3060937	-0.37685683	-2.0117295	2.6101975	-0.14877681	0.28548986	-3.2032132	1.4852003	2.9344766	-2.9148123	-1.369547	-1.0119429
0.81301326	-1.538426	0.2880101	-0.0024163525	-1.3011488	-1.0109087	-1.8266152	-0.1773274	0.15925135	-1.4952711	-2.1213145	2.3605304	-0.410077	0.07658415	-2.0039737	1.1712705	0.92176026	-1.8626062	-1.6468605	-1.2452383
0.6629876	-1.5792699	0.7881352	2.8916054	-2.000401	-1.5471599	-0.28689575	2.0132678	0.9482047	0.1454997	-1.1985611	1.5479226	-0.73967797	0.26990262	-0.42509517	0.7293309	0.6853024	-1.1056731	-0.5346716	-1.4325415
0.6126899	-1.6555722	1.6571306	2.1914744	-2.0804038	-3.1515315	-2.1211224	0.73804253	1.0519588	-1.1832854	-1.7700573	2.293199	0.2854624	0.2530903	-2.0589328	1.3240715	1.235307	-1.5263284	-1.4432325	-1.5981449
1.1646396	-2.3520138	0.6878492	2.40353	-3.0084682	-3.4737923	-1.6075844	1.833587	-0.42471588	-0.6016557	-1.994407	4.182188	-1.0165302	0.1646387	-3.806723	2.8779042	2.451331	-2.789868	-3.4408512	-1.9428897
-1.7024904	-1.0902233	-0.036918633	1.3126286	-1.6170528	-2.1463199	-2.57039	-1.0335361	0.34776747	0.18160045	-1.6246918	1.7738582	0.32337016	0.11151959	-1.3372442	1.3636674	-0.5739372	-1.9617903	0.7685425	-0.7626553
0.67429996	-2.9002333	2.1314228	3.9640958	-1.1445364	-2.9254644	-1.4426289	1.050603	0.72164977	-1.1829257	-2.9376936	3.1510363	-1.4866073	0.28443995	-2.2163436	1.8682245	2.8077066	-2.4193292	-1.5597312	-1.618124
0.4337595	-3.363731	1.5089644	3.523071	-3.1840556	-3.5743876	-3.0929475	0.29551867	1.7907332	-0.68193024	-2.513455	2.5128314	0.08029611	0.8937348	-3.0027266	1.8041672	3.3437972	-2.378579	-1.1637672	-1.580615
-0.15657367	-2.7289002	0.9626504	2.543978	-1.6089796	-2.8128164	-1.21129	0.34657356	1.4223583	0.70175505	0.19723831	0.28633237	-0.42788783	0.8816237	-1.754484	0.61934984	1.2386593	-2.0541775	0.13279499	-0.92527795
1.7691677	-5.908827	4.4839005	5.5585613	-6.0472946	-7.7548823	-3.7330668	2.8865075	2.1200383	-0.40642488	-4.328845	4.7979355	-0.8733258	0.72787267	-5.9810224	4.05036	7.1078463	-4.249199	-3.4637365	-3.2642238
1.5740503	-2.5582712	1.121984	2.1931648	-2.5323603	-3.6133473	-2.1073055	1.9898577	0.25075707	-0.44594142	-2.4404957	2.4365356	0.5603727	0.22053723	-3.4748774	0.8525422	2.8572962	-1.2011566	-0.90692395	-2.072372
2.3845704	-2.4959342	1.3006524	2.464811	-2.5366879	-2.4747386	-2.7340207	1.410254	0.013429574	-1.6746042	-3.6513286	4.307067	-0.23252949	-0.01390889	-2.8249927	1.2074636	2.866593	-1.5870515	-1.7800187	-2.3241327
0.32718754	-1.4974078	0.20666258	1.8403809	-0.57062465	-0.87701374	-0.6896675	-0.114447325	1.109257	-0.5180747	-0.67338955	1.8088962	-1.2066191	0.022893978	-0.8212552	0.49096802	0.5965574	-0.14888065	-0.10388265	-1.1029183
-0.12045524	-2.145783	0.47614196	2.8586097	-1.781519	-3.9351883	-1.2067555	-0.2167761	0.58249193	-1.4396626	-1.4502958	2.1063821	-0.58834344	0.42018172	-2.1867118	2.1117427	1.0071269	-1.5766262	-2.216178	-2.3832233
-0.23002441	-2.5836637	2.1878936	2.8650386	-3.485783	-2.2740376	-2.7759316	0.8453079	0.4952394	-0.16945554	-1.9899987	2.459369	-0.3824228	-0.36160335	-0.81182545	1.7720411	0.9412462	-1.3225471	-1.5187399	-1.4798362
1.1428077	-1.8674272	1.7847997	1.9951122	-1.6284467	-3.403361	-1.6203258	1.1094283	-0.23842934	-0.9354649	-2.4963334	2.3725705	-0.6388254	0.17527547	-3.0844479	2.166535	3.091395	-1.1795105	-1.4381955	-1.6064898
1.0381228	-0.45326713	-0.39510772	0.9996512	-0.9487795	-0.23382671	-0.8934943	0.61566925	-0.51495504	-1.3945332	-1.5231665	1.6450932	-0.23025726	-0.5147758	-0.68297327	-0.6456634	1.1216034	-0.58956105	-0.1593883	-0.8896989
1.5550342	-1.2332356	1.6972104	1.2632108	-1.98984	-1.6129379	-1.3602659	0.73520875	0.13739721	-1.1320243	-1.7960461	1.7772387	-0.21230511	0.41828552	-1.7472728	0.16331407	2.1955566	-0.57791364	-0.787431	-1.5274482
1.489883	-1.7487304	0.7933308	2.127221	-2.1240723	-2.0394337	-2.0664124	0.9669799	0.21498059	-0.7103697	-2.1429808	2.6631193	0.53151983	0.3710177	-2.115846	1.1693223	2.2038116	-1.1251075	-2.1706083	-1.7137618
1.1000599	-0.6848562	-0.45958757	1.6762522	0.0056411386	-1.6543249	0.12501277	-0.7380568	-0.7672741	-2.6151888	0.5158438	2.3106	-0.4930523	0.52141666	-0.97067845	0.5712537	1.1367579	-0.9788822	0.0027411534	-1.7820866
0.8512868	-2.4785664	2.1880043	1.9462591	-2.6380348	-3.476312	-1.5922357	1.2949219	1.6574535	-1.0849768	-0.92621714	1.5195225	-0.53410566	0.12567091	-2.1068926	1.3672402	2.1730115	-2.124343	-1.2997004	-1.7536398
0.82467306	-1.9906863	2.8562453	2.3365169	-3.135065	-3.4474857	-2.5269668	1.174072	1.2726178	-0.8490328	-1.8084084	2.0493464	0.8369685	0.575286	-1.7706099	1.1458313	3.0530956	-0.79678184	-0.48198813	-2.1679585
0.25018787	-1.492903	1.3230188	1.4671326	-1.016179	-1.7386818	-1.0529333	1.1008695	1.0340965	-0.2054952	-0.7234002	1.3860389	-0.014868529	0.038632687	-1.5271862	1.7343508	0.66754305	-0.8457928	-0.51875293	-0.7786529
0.554662	-2.9435143	1.1561972	1.8447396	-3.5040157	-3.1428037	-2.8144853	0.7365007	0.90681887	-0.89618844	-2.2672784	3.2934625	-0.17433065	0.06585023	-2.9476042	1.8493267	2.877299	-2.0371	-1.5875843	-1.5260819
1.6790994	-2.0371985	2.2656853	2.2228143	-3.1888626	-3.3208935	-2.4881344	1.9514116	0.5076024	-1.5894098	-2.54956	3.8541474	0.16005763	0.33224607	-3.5070026	1.4367464	3.1591856	-1.7084516	-2.033703	-2.4106362
0.32449374	-1.914992	2.401363	1.1873642	-2.6661973	-2.798592	-1.728924	0.5828644	1.3937896	-0.7307397	-1.3749704	1.0700963	0.6287726	0.55085385	-1.6516218	0.046713084	0.97972834	-0.18140595	-0.07053902	-2.2991748
0.55930483	-3.053079	3.6394978	3.126552	-4.2717423	-4.019454	-2.4963398	2.2321818	1.0798758	-0.26892102	-2.5292466	2.5097406	0.6771235	0.6867126	-3.6645987	2.1705666	3.958094	-2.2366283	-1.4086202	-1.8013055
2.0197616	-1.2297175	1.4202387	2.2944496	-3.0520732	-3.436073	-2.5661693	0.9086713	-0.19682911	-2.495451	-2.514669	4.84822	-0.1925547	-0.3290378	-2.2716026	1.4562361	2.9987564	-1.3416187	-1.7896944	-2.3256817
0.5327419	-0.47191045	-0.10256213	0.57776535	-0.12792349	-1.7122052	-0.27720585	0.07598864	-0.75167876	-0.81263363	-1.1972308	0.7884534	-1.1043555	-0.15554911	-0.7481603	0.55655825	0.32303646	-0.7975255	-0.50331646	-0.4938963
1.1452925	-3.4101305	1.0771012	2.4541702	-1.5898573	-1.9668491	-2.3001118	1.4913361	2.0717697	-0.17561054	-2.4597228	3.180019	-0.7364256	0.58383965	-2.8020144	1.944863	1.9017262	-2.877084	-1.3247328	-2.159121
2.217477	-2.5130842	2.0488915	3.627713	-2.0916355	-2.612086	-1.1878539	1.0587393	0.024286788	-2.4205515	-3.0082622	4.089924	-1.3800942	0.21445431	-1.8967667	1.3292235	1.7578892	-2.560804	-2.7758408	-2.247676
-0.36696604	-2.2775638	1.0098892	1.0587822	-2.3298633	-2.1736524	-1.0237713	-0.25391325	0.7092661	-0.1004423	-0.7408091	0.951884	0.26843768	-0.05138832	-0.76325196	1.143989	-0.27788195	-1.0716968	-0.68842405	-0.9616744
-0.46367368	-1.1720003	1.6201391	1.135699	-2.6614313	-2.2771251	-1.9884943	0.5816364	1.0437187	0.50735575	-0.75699604	0.93913186	0.38869762	0.9841553	-1.6356965	1.3496661	0.8093116	-1.1607499	-0.11132598	-1.9788882
0.28116485	-1.4094095	0.76461273	0.1900536	-1.9973221	-0.75444984	-1.645202	0.75825936	0.43374506	-1.6221331	-1.8611847	2.0241506	1.2495505	0.70586544	-1.6481087	0.07285727	1.051201	-1.3470793	0.10585275	-1.3263026
2.3922675	-2.373203	2.7347326	1.5820479	-5.220473	-3.274141	-2.6888096	2.3499186	2.24559	-1.6980551	-3.2336612	2.6530747	1.1291326	0.6222455	-3.8265846	0.43917963	3.829941	-0.75491863	-2.5648258	-2.920378
0.7142753	-2.4473019	1.838991	2.91453	-2.4603531	-1.6179279	-1.4030315	1.7183572	1.3582096	0.23634738	-2.8403893	1.721625	-0.58538383	0.30974647	-0.78783005	0.9575376	1.8179718	-1.6035384	-0.9517516	-1.1324931
-0.39345232	-3.3542	1.0228211	3.1706977	-4.185037	-3.8187275	-3.3115876	0.61933863	1.414843	0.2691604	-3.9245079	1.8952534	1.1169919	0.5911183	-3.5094204	2.222397	3.4907155	-2.4145968	-2.1841443	-1.6213527
1.5782946	-2.2331805	1.9600744	1.8257134	-4.031679	-3.9382231	-2.6930785	2.2942696	1.7604567	0.22742546	-2.3566804	2.3883553	-0.011408977	0.60775095	-3.8717496	1.4317361	2.4907997	-2.622132	-2.4188428	-2.2071085
2.0387132	-2.7085822	2.6768174	1.741277	-4.4734364	-2.876655	-3.100335	1.8279504	1.3257434	-1.251527	-3.0441408	4.2541223	0.5924518	0.82678795	-4.215011	1.2181847	3.324499	-2.2067888	-2.115765	-2.6848664
1.2607944	-2.7358327	1.776792	2.2141721	-2.5906458	-3.0235016	-2.271766	1.6946099	1.2980736	-1.0691593	-2.8628302	3.2874484	-0.06675398	0.52514625	-2.6399713	2.0801601	2.8998904	-1.9698071	-1.4577664	-1.3839282
0.3717343	-2.196515	0.61017346	2.6272194	-2.8240952	-3.2480023	-1.9972715	0.5828109	0.7108405	0.06759283	-1.4577565	1.0577579	-1.2021536	0.1624143	-2.040168	2.1676173	1.4448359	-1.4665985	-1.7238866	-1.3198131
1.0627615	-1.4474046	0.2524615	0.019791866	-0.1338108	-0.41664457	0.24817565	0.34385365	0.21394503	-0.4342502	-0.30720392	0.82707894	-0.30517244	-0.022968149	-1.2258257	0.010961557	0.8369867	-0.739222	-0.8376797	-0.09037676
1.9267948	-1.6731147	0.86898583	0.50941837	-2.469401	-1.6047729	-1.8571502	1.0429462	1.6742271	-0.9564022	-1.3664969	1.4392073	0.60059655	0.84991556	-2.6932464	-0.091135345	2.163678	-0.2005508	-0.49129575	-2.0317452
0.32004228	-1.9117279	0.5764634	1.0368428	-1.6242424	-2.2940495	-1.6854771	-0.1726142	0.020002974	-0.33056843	-1.4711224	1.6669308	-0.5335945	0.18348788	-2.341754	1.4996914	1.3550197	-0.96786994	-0.74269825	-0.76162726
1.0194311	-3.3193877	3.893465	4.210676	-3.1519837	-4.6023183	-2.3843436	2.2537975	1.0890074	-1.2898918	-2.8216164	3.3523397	-0.6140594	0.5907592	-1.9744527	2.2055168	2.8628159	-2.4157434	-1.0888845	-2.3053539
0.60367894	-3.0177305	2.3881485	3.4461863	-3.6359963	-4.949931	-3.5612917	0.25500855	1.2385772	-1.2784897	-3.8804994	3.4378495	-0.3084619	0.14109758	-3.512463	2.9316013	2.9315767	-2.8373916	-1.7598107	-1.5932993
1.3886342	-1.7834433	1.3893896	0.7169514	-2.839576	-1.028101	-1.5424355	1.182295	1.6947247	-0.37780488	-2.6542172	2.1875303	0.29731977	0.76229006	-2.9792037	-0.39712316	3.3398952	-0.40617645	-0.89204836	-1.6691926
0.0125310095	-3.371165	1.7730273	2.9204025	-2.7197857	-3.463088	-1.8273365	1.606978	0.61145514	-0.37915027	-2.3246267	1.5775667	0.033113867	0.2665339	-1.3813086	0.94077563	2.7581282	-1.5905831	-0.44151142	-1.8156561
2.7967129	-4.533331	3.3308442	3.4048874	-5.9458604	-5.6011763	-3.5798945	1.4024632	1.3927261	-1.3179477	-3.977712	4.2041283	0.4343279	1.7527232	-5.7418027	0.37517816	5.965581	-2.294797	-1.3035495	-4.1160016
-0.17956606	-1.7739587	0.02275295	1.5498518	-2.0352206	-2.1251836	-0.72565997	0.5236808	0.114324205	-0.44185954	-1.4952985	1.8606745	-0.5962334	0.30203953	-1.4387574	2.26644	0.6600086	-0.80122155	-1.1001295	-1.0503507
1.3877305	-1.36067	2.5022705	1.2310816	-1.2187796	-2.4671564	0.16951385	0.65981114	0.17635414	-0.7775705	-1.4105674	1.1481392	-0.57849336	1.3951541	-2.392102	-0.95056707	2.3944652	-0.82467735	-0.028043201	-1.2403548
1.839413	-3.6032217	2.6173382	2.732147	-3.818722	-4.517773	-3.678711	2.5687957	2.3165865	-2.4275494	-3.226695	4.4796286	0.29979312	-0.28684014	-5.254131	3.093187	4.0290823	-3.2452497	-3.128974	-2.2483075
0.47597387	-1.6973203	2.0705361	1.1762125	-2.2978358	-1.5849789	-1.6224763	1.5546423	1.492015	-0.14108637	-1.5120468	1.279239	0.80974245	-0.121169895	-1.7125623	0.7422392	1.8663073	-1.0366586	-1.3249006	-1.1384813
0.80209684	-0.24326918	1.0286387	3.0306056	-0.9472758	-1.2615163	-1.3868725	1.3028842	-0.803749	-1.5875165	-3.5349178	2.830523	-0.36467704	-0.55147374	-1.4928441	1.227416	1.44285	-0.7567614	-2.019572	-1.063341
0.89962643	-2.4500446	1.2565242	0.39037016	-2.4967334	-1.6688912	-1.7286173	0.9674981	1.3864092	-0.383541	-1.606326	2.0955567	0.09500208	0.0088119125	-2.9812376	0.92229253	2.446714	-1.0115833	-1.2407012	-1.5246123
1.2798574	-1.4008889	1.1891159	1.6003331	-1.7100483	-1.5265397	-1.5054886	1.0932448	1.3078164	-0.34665093	-1.8228958	1.2402116	-0.3831831	-0.006415204	-1.0647645	0.40114045	0.6346791	-0.19575334	-0.5103042	-1.3159639
-0.49341187	-1.4285072	0.71746266	1.967234	-0.652707	-1.360201	-0.4746126	0.5239665	-0.23163308	0.29362676	-1.7750508	1.062128	-0.8931826	0.56172514	-1.122065	1.2415056	1.7566788	-1.3552433	-1.1410929	-0.54718554
0.99290264	-3.6248894	2.810998	3.1065233	-4.3032174	-3.6220498	-2.8014092	1.8753701	2.1268497	-1.5717663	-3.5376897	3.5226202	0.24805647	0.96901715	-3.8951478	2.4291513	3.5301824	-2.4799256	-2.2183735	-2.7204843
1.6260531	-2.8955207	3.5351398	2.978552	-3.5341246	-3.7625523	-1.8593373	2.5342362	1.6473583	-0.5444929	-2.697744	2.3077629	-0.123811714	0.3402586	-2.2277083	1.0334561	2.8205485	-1.2906315	-1.7201126	-2.625541
2.197053	-1.9100665	3.0270598	1.0327604	-2.7398517	-2.18618	-2.138888	1.9095559	2.1142375	-2.1896281	-2.2427819	2.620207	0.14262761	-0.38971856	-1.4669894	1.1447569	2.3426116	-1.1251549	-1.9334614	-1.9527216
1.4750787	-1.6648372	2.7234302	3.1364703	-2.2467542	-2.5503948	-0.50857085	0.9754561	-0.1929224	-1.0718232	-0.6486306	2.3444877	-1.1316364	0.4103161	-0.5958186	0.5474567	1.5758485	-0.38125712	0.031822704	-1.9862448
2.0514574	-1.7210243	1.3502945	2.5807738	-2.673256	-3.5066667	-2.2014084	0.27760392	-0.58857155	-1.680734	-1.5387702	3.0400076	0.42611107	0.6888532	-2.3558826	0.4635329	2.1453607	-2.055846	-1.1913143	-2.0508943
2.459835	-2.008241	1.551156	2.9027638	-1.7421702	-3.592437	-1.949315	0.32113513	0.42902547	-3.3477738	-1.2647333	5.125513	-1.1914759	0.28981817	-3.121137	1.2168227	1.8055239	-3.2593489	-3.3668256	-2.6738214
1.543954	-2.6603124	1.6010115	2.4336658	-3.4439843	-2.320815	-2.3195107	0.9257396	0.9629408	-1.4613036	-2.5943763	2.5419433	0.48250616	0.3941919	-1.4534935	1.0162417	1.8834478	-0.9813406	-1.3497115	-2.2976897
1.3824582	-3.030418	2.8744304	2.5131564	-3.144047	-3.1091628	-1.858873	1.1898116	0.845813	-0.9736559	-3.2145839	3.104568	-0.7016404	0.475083	-3.3600762	1.2623657	3.8000324	-1.651551	-2.3145974	-2.3720126
1.4161053	-0.3365165	0.63776416	2.356974	-1.7186506	-1.0761298	-1.5011301	-0.58217597	-0.02982903	-1.1536101	-1.2087655	0.59795725	-0.26735273	0.1678538	-1.0513312	-0.93998665	0.804211	-0.56651914	-0.8479423	-1.4007267
0.6717707	-2.2130811	2.3273578	3.0420852	-3.4790792	-3.4946585	-2.0684497	2.0290232	1.0431085	-0.22722887	-2.1549625	1.6668041	0.12369606	0.83778024	-3.0060804	0.84893036	3.2202728	-1.5397885	-1.6107177	-2.269373
1.3476887	-0.71996737	0.28161156	1.250691	-1.1928886	-2.2840698	-1.7583486	0.90295535	0.60414135	-1.0948007	-1.1993114	2.3407018	0.3556405	0.15245733	-2.2476366	0.3628617	1.8076104	-0.81593287	-0.8258508	-2.1553435
1.3000178	-0.8170524	2.271182	0.662009	-1.4155973	-2.1772265	-0.4125745	-0.029627306	0.20587412	-1.4164248	-0.43657073	1.2927456	-0.7621291	-0.17743523	-1.0135463	0.37839586	2.3077464	0.03155488	-0.8496284	-1.0986912
-0.122700356	-2.5013995	1.4850368	1.7122973	-2.09103	-2.5035863	-1.7312473	1.6404763	0.65170884	-0.1150501	-3.0470657	1.7246963	-0.08164589	-0.08958494	-2.346284	2.1091187	2.1372168	-1.0550556	-1.4218239	-0.83121943
-0.10806188	-2.306598	0.045958836	2.1203876	-1.8054088	-3.2921145	-2.0586474	-0.24028341	-0.04568064	-0.72211677	-1.7490228	2.716962	0.6013874	0.16010696	-1.8943771	1.5261129	1.8089153	-1.0272187	0.18487102	-1.2316028
1.9760908	-1.1867309	2.375531	1.6146245	-1.1822659	-2.0613914	-1.2168063	1.6125499	-0.21704586	-2.7255137	-2.3788495	2.493938	-0.92049855	-0.11558526	-2.3057451	1.4754035	2.412477	-0.9379799	-1.7789978	-1.7950413
1.0963285	-1.1443383	0.43939552	3.1130207	-1.5485116	-2.9082124	-1.7021956	0.75614536	-0.4680645	-2.1186316	-2.0287766	3.2295554	-0.6542857	-0.11865293	-1.3662345	1.1350836	1.5972987	-1.9009833	-0.6935818	-1.8745818
0.9873263	-2.2221231	0.5852316	1.3928459	-2.091302	-2.8878057	-1.3536706	-0.29568195	-0.5189928	-0.66704994	-1.7752572	3.1228874	-0.5355501	1.1201228	-2.1143956	0.91277313	2.2520614	-1.2974902	-0.55059713	-1.8762597
0.14786857	-3.1118495	1.9229248	0.8853182	-2.4592595	-2.5915868	-1.7181563	0.6461454	1.5679258	0.06012746	-0.8779114	1.3959864	-0.15170048	0.1931813	-2.4127712	1.410712	2.3997557	-1.5987741	-0.45148528	-0.5665421
1.0721614	-1.3821241	0.94577867	4.030832	-2.2834995	-3.02598	-1.7089483	1.3399014	-0.030017927	-1.2958183	-2.7358465	3.166768	-0.69499296	0.36092812	-0.8705412	1.5920019	1.3106511	-2.2668777	-1.799173	-2.2263145
-0.83832455	-2.3319185	0.97772646	-0.006496643	-1.5542603	-1.0439527	-2.101889	-0.82650465	1.2854285	0.012598886	-1.092291	0.84147114	0.036282543	-0.5000107	-1.5460895	0.98790246	1.1771594	-1.2196285	-1.3298659	-0.2695693
0.7844418	-3.0730257	0.81583333	3.5009205	-2.642939	-3.0945606	-3.0867705	1.279502	1.9853595	-0.044606112	-3.45461	3.061038	-0.22902808	0.13913454	-2.8272202	2.046825	1.2041287	-1.8888881	-1.5510606	-1.1767455
1.9554545	-0.6416379	1.0642811	0.28181484	-1.0176046	-0.8910118	-0.79037404	0.4099603	0.31544632	-1.7413237	-1.0095147	2.6700668	-0.9976155	-0.251606	-1.5322927	-0.06791386	1.417953	-0.083114356	-0.17234191	-1.3041171
0.32959405	-2.2670631	2.203129	2.229948	-2.1395931	-2.75045	-1.4381236	2.3492272	1.6661501	-0.4626975	-1.3994942	1.8170379	0.03461782	-0.12851882	-2.0077786	1.4977942	2.157879	-1.4547777	-1.1854715	-1.3435199
-0.9730207	-2.291068	0.12530948	2.717015	-1.7402436	-2.8623636	-1.7091855	-0.30513388	0.7425617	0.66374266	-0.8766567	1.3818672	-0.28049698	0.13899669	-2.0575082	2.6412983	1.123432	-1.2481855	-1.2483481	-0.085794516
1.5991665	-1.5329225	1.4363736	1.4074864	-2.9853752	-1.6217595	-2.260078	2.4526243	1.0329738	-1.2893652	-2.492289	3.2216907	-0.7474209	-0.46867302	-2.485011	0.9590071	2.6866658	-2.0976746	-3.2814713	-1.9423754
0.20276447	-0.8958665	-1.2594151	0.12997435	-2.302741	-0.9190593	-1.7168432	-0.3108019	0.7043982	0.09407531	-1.0597533	2.8210337	-0.5310152	-0.96891576	-1.0505804	-0.5302704	-0.34324434	-0.9185241	-0.27099755	-0.7260319
1.1837109	-1.5855535	1.174811	2.313154	-1.5162331	-2.562938	-2.2860692	1.7822275	0.14960979	-0.6126513	-3.2380438	2.5673866	-0.010994167	-0.0825508	-2.4077797	2.6075208	1.8294431	-1.834708	-1.984383	-0.67207193
-0.49586526	-1.9156909	2.156813	1.256182	-2.0150247	-1.777999	-1.8580296	-0.42144853	1.4957808	-0.29316896	-1.1505177	1.1179962	-0.5833267	-0.8641091	-1.2817588	0.80909187	1.6837038	-0.25237313	-1.050161	0.21309747
1.0123826	-3.9130132	1.3820567	2.6572285	-5.183378	-4.6565456	-4.2308354	1.3814566	2.463423	0.34071708	-3.6157212	4.367892	-0.9037021	0.24162024	-5.6455684	2.2946632	2.769148	-2.975444	-2.7285862	-2.0774333
1.8169845	-3.146335	2.6135106	1.4484953	-3.2075913	-4.2826724	-2.4179041	1.1477796	2.3029263	-0.34939417	-0.8790443	2.018838	-0.39494956	0.34387907	-3.474887	1.9316393	4.0544086	-1.6574502	-1.6610042	-1.2701982
