1.3136772	-2.78184	1.9143606	0.023723789	-4.242783	-3.1673276	-1.9371564	0.73393434	1.5832596	-0.32984182	-1.3228861	1.4664536	0.6404746	0.7212792	-3.2850146	0.30639037	2.9916663	-1.4316657	-1.5479679	-2.0712276
0.95550126	-1.0716838	0.94335634	1.2669655	-0.061322637	-2.2590504	-1.3408979	1.5192268	1.2577275	-1.256884	-1.7532079	2.7709014	-0.40259522	-0.71784127	-1.225799	3.0149276	0.5976235	-2.1946006	-4.0215297	-0.5098347
2.7369945	-4.0954237	1.5994118	1.7890708	-4.545918	-1.5683666	-2.3483636	1.4549133	2.1833887	-2.1796753	-2.6919053	4.4894586	0.59506327	-0.07756958	-2.0229483	-1.3656023	1.8415027	-1.1027284	-1.5549763	-3.8700266
0.6694315	-1.637786	1.5946174	1.5872042	-3.0686095	-2.3646698	-2.036048	0.8862994	1.6749699	0.13096678	-0.5954712	1.4097569	-0.08054152	0.30010968	-1.9671999	0.83842903	2.1423004	-1.0453031	-1.4736758	-1.3020858
2.2876146	-1.7618792	1.5124794	0.45477656	-2.3591228	-0.9883888	-1.0437489	0.66069967	0.9263731	-1.9674885	-1.0051737	1.8747274	-0.30307758	0.20610651	-1.7507485	-0.38228554	2.5339527	-1.094823	-1.1082975	-2.035256
2.391157	-2.2693317	2.9183593	2.3308516	-3.796695	-1.7295232	-1.954626	1.4865735	1.0720717	-1.798202	-2.7978463	3.634839	-0.20951562	-0.20032161	-2.4936788	1.0235823	3.8440986	-1.0303968	-2.7177806	-2.0942051
1.9982264	-2.0701263	0.77423614	0.63820755	-2.5032377	-0.7957973	-1.1471248	0.14483693	2.0244727	-0.87662035	-0.93328303	0.9365294	0.44963005	0.518885	-2.0312536	-0.99613553	1.4070432	0.012186408	0.18850155	-1.779664
0.75698245	-1.1758617	1.7446296	2.0451949	-0.3232266	-1.6741167	-0.37996635	0.7232546	0.20055963	-0.98582095	-0.48807663	1.2370814	-1.0438017	-0.24428377	-0.763277	0.75489396	1.1792296	-0.552053	-1.2412163	-1.2332869
0.5763977	-1.794006	0.76925695	0.13995004	-2.2640393	-1.3423004	-0.8244978	0.62843114	0.96776235	0.34419492	-0.8223791	0.785401	0.5971774	0.7129937	-2.3405416	0.8211981	2.1811955	-1.0232072	-1.446714	-0.87132514
3.418979	-3.4924157	2.9938111	0.42192122	-3.9239495	-2.7498403	-2.7267208	1.6925454	2.1116507	-2.5673592	-2.491888	3.6978095	1.7611104	0.8055767	-4.162396	0.1906391	4.298605	-2.238038	-2.8729472	-3.7199829
2.4757006	-3.121256	2.5958958	1.6152793	-4.8757143	-3.5408876	-3.2557213	1.2007521	1.8716817	-1.0932456	-3.8338253	3.3557055	1.1507004	0.6114488	-3.9101725	0.4286194	3.1546552	-1.9213252	-2.6860633	-2.6685224
0.08930188	-2.7958822	1.3799902	0.85096776	-3.6424315	-4.6608033	-3.2661262	-0.5152522	0.34475732	-1.5755734	-1.0546924	3.2760296	0.6137323	0.3775399	-4.125363	2.4224463	3.556399	-2.6009145	-1.2803609	-1.8151438
0.2382452	-2.9171114	1.1931777	0.3484019	-2.7656865	-2.609199	-2.4549997	1.7883755	1.9720657	-0.18124838	-1.2068726	2.4787574	-0.023671744	-0.2979295	-3.6336792	3.0083137	3.0404618	-2.412405	-2.4482348	-0.35569286
1.6044735	-2.0459342	0.67050844	1.9406282	-2.7528942	-1.6906925	-1.6886135	0.9958272	-0.44854668	-1.2250562	-2.6329305	2.970878	0.17681172	-0.03546553	-1.9313852	0.7742527	2.1577663	-0.9318443	-1.924644	-1.7698736
0.5044423	-1.7362108	0.18289992	0.93814874	-1.103466	-0.76741374	-1.3072134	0.8206363	0.39326435	0.32985726	-1.8025686	1.3060206	-0.7484129	-0.6989098	-1.0982075	0.9849417	0.8811836	-1.4003313	-1.7894998	-0.17895208
2.2464883	-0.48215744	-0.21439753	0.44503012	-1.303403	0.42244726	-0.9036856	0.05647877	0.16376455	-2.1500623	-1.1797903	2.022111	1.431853	0.252694	-1.3079512	-0.7523069	2.1447344	0.1841834	-1.4641232	-1.639728
2.3607419	-1.534324	0.4738684	2.0398748	-1.6031579	-1.6840227	-1.2536095	0.25780085	-0.2500389	-1.7295792	-1.7318263	3.3906264	-0.668784	-0.4931727	-0.40926528	0.38261622	1.6506358	-1.558907	-1.9875863	-1.9115509
2.9395325	-2.1077142	0.8152977	1.6680635	-3.3575802	-1.8323328	-1.9547641	2.1815846	1.2565153	-1.2156227	-2.1466854	3.1399531	0.21042903	0.14009218	-2.9511364	-0.04418465	3.1779494	-0.57189685	-1.6544151	-2.2805638
0.15880184	-2.3335292	0.69099516	1.6265339	-2.3715582	-2.6460638	-1.2235129	2.3119566	2.0377336	0.9238231	-2.1620188	2.045541	-1.0573581	-0.664803	-2.40793	1.9603065	0.7615021	-2.2892423	-2.5260549	-1.0747651
0.36100248	-2.5401433	0.28521565	2.2672586	-2.3642354	-2.3155203	-1.6536533	1.8390611	1.3047274	0.09667041	-1.8378384	1.5530213	0.6834058	0.063373305	-2.1990647	1.9459149	2.763818	-1.4351687	-1.8112634	-0.96316063
1.0280086	-2.5262015	0.7599035	1.5748938	-3.2112224	0.12429107	-1.356428	0.5034292	1.0796295	-2.0702968	-2.889826	2.6959867	-0.76518196	-0.5456341	-0.7781054	-0.14869551	-1.040705	-0.9530346	-1.5632766	-1.5703689
2.7647622	-2.3616333	2.126361	1.5158232	-4.078479	-2.7155237	-2.6325548	1.9727885	2.1333218	-1.8643293	-0.6423231	3.1286085	0.60565877	0.23699622	-3.3393834	1.2364677	3.272681	-1.4216689	-1.6275523	-2.9021564
0.44736484	-1.0737047	1.4341412	2.3182292	-1.9995205	-2.2583687	-1.4037801	1.4909803	0.343826	-0.23115996	-2.6602674	1.8142524	-0.45751417	-0.19619147	-1.7016344	1.0559602	1.4921349	-1.6542879	-2.0827973	-0.941014
0.67354053	-2.415471	2.0090864	0.05559014	-3.2307773	-2.0444596	-1.7988938	1.205165	2.1796763	-0.17643465	-1.917208	1.3195728	1.4102745	0.53834885	-2.6571145	0.8206274	1.6338539	-0.7393182	-0.8995184	-1.2453662
4.0401607	-3.8866758	3.5393085	2.235974	-7.130699	-4.7178264	-3.773743	3.6194131	3.8143783	-2.2717543	-4.1440125	5.1183352	0.8937649	0.39886257	-6.01859	0.80909234	5.3106894	-1.7932669	-4.1532497	-5.121567
-0.5030574	-2.370252	-0.18224418	1.7658476	-1.4169328	-2.656316	-1.3359083	0.7736795	0.3233616	-0.16087744	-1.1964076	1.7888203	0.42247123	-0.24803004	-1.7126037	2.0798302	1.0924051	-1.8888595	-1.6115916	-0.86555827
2.613283	-2.2647884	2.3920212	1.1745083	-3.5249984	-3.1748946	-1.5337359	0.08790078	0.79135305	-2.0131195	-1.622274	2.2252033	-0.59346694	0.38389105	-2.6721213	-0.09505993	3.1882787	-1.4951088	-1.7840456	-2.2130692
0.85340273	-1.9880531	1.109604	0.5370286	-3.8431606	-2.0649004	-2.1230142	0.75729305	1.4593197	-1.7445616	-1.7850611	3.097528	1.0773087	0.23647568	-2.3491461	0.089102544	1.5873767	-0.86328465	-1.5370575	-2.6316528
2.0248992	-2.5952659	1.2600161	0.34373993	-1.7961472	-1.2938343	-0.92829347	0.46329275	0.9035817	-1.4410479	-2.099212	1.6755105	-0.815568	-0.4769754	-2.2077386	0.19112676	2.2587051	-1.2911035	-2.0445142	-0.824454
0.7154262	-1.3410631	-0.82586217	1.4053031	-2.2435787	-0.9084177	-1.2959472	0.7368163	1.4166332	-0.31599388	-1.4330385	1.9509791	0.13925324	-0.07186948	-1.4944164	-0.06384107	1.2327485	-0.28346595	-0.9331887	-1.2589988
0.03343647	-2.9083083	2.5217996	-0.9415304	-1.9573748	-2.121678	-0.5943719	-0.013160356	1.0941331	-0.92933273	-1.0170572	0.93326616	0.22141188	0.4371797	-2.0634902	0.69855165	1.1208917	-0.6173697	-0.4781816	-1.5119897
3.0646563	-1.0249348	0.9695357	1.6584456	-1.8098043	-1.4367173	-0.9199265	0.37032077	-0.15160973	-3.0805032	-1.0659919	3.4666743	-0.93796057	0.1541537	-2.3278348	0.028692698	2.053989	-1.1622368	-1.6460844	-2.3048856
4.9658575	-4.0594163	3.8938437	1.7370033	-6.8598404	-4.0134106	-4.308731	2.1570654	2.6954358	-3.7941422	-4.264214	6.594877	-0.5934776	0.1956941	-5.388138	0.02045326	5.8046722	-2.5452435	-3.365931	-4.7887244
2.5835924	-2.6734936	1.3756075	1.441628	-4.3393855	-3.255502	-2.6331677	1.1567672	1.440675	-0.66463345	-2.3982096	2.6894917	0.5881759	0.85911334	-3.4581163	-0.4376432	2.8897653	-1.075171	-1.3415154	-2.8996897
3.6679008	-2.6024075	1.4821786	2.801225	-3.9419167	-1.7318364	-1.7038019	1.6432389	1.5116009	-2.6797855	-2.448632	4.1651607	-0.5817274	-0.38363212	-2.4728034	-0.80770886	2.4659662	-0.7690667	-2.3355484	-3.765957
-0.08424024	-3.7881331	2.573334	0.9467102	-3.7431176	-2.9708786	-2.1390462	1.861049	2.7855217	-0.0059643392	-2.9334705	2.3150313	1.0003023	1.1401542	-3.4681582	1.6133486	2.6053605	-2.2587929	-1.2698222	-1.947251
0.2764578	-1.9653134	-0.0137920715	2.261959	-0.5759125	-2.5159616	-1.1132721	0.7487757	-0.30035272	-0.7124603	-0.711213	2.021549	-1.4965466	-0.7030234	-1.0743783	2.073918	1.1669444	-1.7758949	-1.5672855	-0.51679933
0.58029336	-2.7919323	2.1320302	4.3222637	-3.8072035	-4.037342	-1.3292272	1.6725243	0.73948663	-0.11936375	-1.0911665	2.213586	-1.346383	0.790922	-3.1433494	0.9937177	3.7670567	-2.6781242	-1.8578737	-1.989096
1.2331607	-1.1884073	0.3180348	0.93003726	-1.1614627	-2.5777023	-1.5198942	0.35161147	-0.1374279	-0.830387	-1.6552624	2.3582616	-0.1469985	0.10094436	-2.1734414	0.53072786	2.3815227	-1.140118	-1.4127108	-1.2563528
-0.93373626	-2.4035892	-0.88811547	0.16625632	-1.6711435	0.18843485	-1.0981752	1.0803971	1.0302992	-0.0063838335	-2.4309049	1.6193455	0.13916026	-0.94648045	-0.050477285	1.3375158	-1.123385	-0.20656766	-1.3215142	-0.56031233
2.012893	-1.2793812	0.5882166	0.7168857	-2.4445903	-0.8706309	-0.5726959	0.33401224	0.298919	-2.1417117	-0.9348139	3.0329063	-1.1580471	-0.12106515	-1.8990632	-0.1891606	0.93364763	-1.0309582	-1.1701643	-1.8072002
1.837288	-3.2808661	3.7550335	2.365115	-4.247499	-3.9860928	-2.780641	1.4955813	1.332236	-2.0639236	-3.548385	3.8342197	0.22353576	0.58959204	-5.178366	1.0617118	4.161827	-2.048585	-2.4645355	-2.842188
1.9870356	-2.9078414	1.9773226	2.1789503	-3.581961	-2.4047925	-1.9404625	1.2688794	1.1481334	-0.20213221	-3.11891	2.162486	0.2251119	0.5972859	-3.097579	-0.44866404	3.5308568	-0.8644559	-0.7206582	-1.9157677
0.54714996	-2.2893004	1.1180845	1.8503675	-1.9121768	-2.7195342	-0.0126360925	1.4550775	-0.28543213	0.30692717	-1.969989	1.7059743	-1.3492594	0.15578671	-2.2301776	0.59636635	2.4942002	-2.2089312	-1.6647356	-0.74585813
1.7794384	-3.3112903	0.72253335	1.4683629	-3.3281856	-2.4842238	-1.9245027	0.27520904	0.7016922	-0.5808553	-2.4063778	2.760309	0.21560566	-0.20913765	-2.4473681	0.588975	1.8060915	-0.6907813	-2.0849714	-1.6468314
0.68627363	-4.1906238	3.410396	2.9367406	-5.2132897	-4.7030606	-2.2240515	2.0238168	1.8453194	0.21332708	-3.2036064	2.5546606	0.21458058	1.0252632	-3.8213043	1.0358853	4.595824	-2.6498032	-2.075029	-2.3411727
2.2549388	-2.6934378	0.6040398	1.8835372	-2.7356205	-1.4506931	-1.6387112	1.1921654	0.52530426	-2.1456141	-1.8246561	3.9825785	0.268667	-0.12677021	-2.6672304	0.97080487	2.0420895	-1.1045865	-1.6002873	-1.9279069
2.982179	-2.544895	2.1081052	3.1227605	-4.706406	-3.069093	-1.9358323	1.8474058	1.966759	-2.7288632	-1.4796333	4.4290547	-1.6222874	0.16340746	-2.67663	-0.015969045	2.9450293	-2.614525	-3.218417	-3.4444196
2.2416306	-2.6507514	2.590532	1.4954712	-3.746933	-1.9511695	-1.9212809	0.660567	1.9939773	-2.9568834	-2.8744483	4.7028975	-0.3807981	-0.23159567	-3.0626154	-0.5720119	2.8162649	-1.0517327	-2.528213	-2.8367481
1.8485516	-0.7775548	1.7932854	0.6779178	-1.9890528	-2.2072084	-0.92309046	1.0246747	0.857156	-1.7830335	-0.37428263	1.835493	0.37943968	0.31812346	-1.6269006	1.0199945	0.93272746	-0.9296099	-1.629921	-1.5301114
0.6993617	-3.0529459	0.4119946	-0.040465217	-2.4945397	-1.9680772	-2.5531988	0.2747588	1.920041	-1.2086817	-2.815712	2.7193413	-0.15716648	-0.694164	-3.0720682	1.400967	1.0958074	-1.9383976	-2.5646732	-0.56758344
1.5315162	-1.4355772	1.0051261	2.1381943	-2.480541	-2.0311513	-1.932708	1.4552224	-0.10064354	-1.1494087	-2.8438847	2.8301964	0.30464044	-0.36892888	-1.8737209	1.3348038	2.0440736	-1.6037304	-2.8054326	-1.2862037
0.53457993	-3.7767909	1.8340719	0.5241844	-3.9813802	-3.295087	-1.9991076	1.1329631	2.788386	0.6030658	-3.3795311	1.034582	0.6246699	0.56060636	-2.5582142	0.75571525	2.004993	-3.008894	-2.0042253	-1.8810749
3.0934455	-3.9854958	3.0770462	1.896506	-5.6236725	-4.82382	-2.908387	1.7220615	1.8886704	-2.4278316	-1.6842544	4.726896	0.23763429	0.9338991	-4.604405	1.143801	4.990766	-2.5972118	-2.6448176	-4.4234557
1.8285939	-2.3672485	0.8498102	0.293535	-2.4752045	-1.8923153	-1.6727407	0.8650521	0.856064	-0.50399935	-1.0818383	2.652409	0.36696044	-0.06794115	-2.5856698	0.18007079	2.864328	-0.7418811	-1.7348422	-1.6807644
1.3890555	-2.0025027	2.6604552	1.6068963	-3.1097507	-2.6261663	-1.4715388	0.83028615	2.2832007	-0.85051244	-1.3964117	0.44781464	0.40598804	0.61246604	-2.3811243	-0.50270396	1.9293175	-0.40355277	-1.1233569	-2.2293518
1.6547018	-5.28967	2.2932873	2.3927038	-6.0786247	-5.7592754	-4.05098	1.0833253	1.3958192	-1.5806376	-3.6675158	5.948991	0.4977745	-0.14317593	-5.141615	2.4843285	5.0909905	-3.0579069	-3.2356756	-2.325886
2.5971596	-3.1337445	1.1762043	1.0554603	-2.9375846	-1.6731706	-1.8237352	1.1300284	1.6298687	-1.470799	-2.648967	2.577974	0.31621802	0.41878328	-2.7613506	0.24863918	2.0991461	-1.4000294	-1.8813096	-2.6195893
2.5872214	-1.7925358	1.7124175	2.3272748	-2.5222063	-1.8331742	-1.4581717	1.1323436	0.78518176	-1.9875978	-1.638625	2.4226472	-0.74416	0.024449088	-1.4880112	-0.5788392	1.8474947	-1.2000477	-1.3973385	-2.951396
1.1333872	-2.807085	0.75405324	1.194483	-2.648786	-2.8055773	-2.546154	0.974899	1.3247492	-1.007419	-2.8616862	3.5381806	-0.395943	0.14642525	-3.4313786	1.9442818	2.5121458	-2.7150347	-2.6238885	-1.9661591
0.8427388	-2.2256384	1.6606537	1.5673864	-1.9328818	-1.7262048	-0.6111212	1.3213234	1.3117279	-0.8267845	-1.7788687	1.2007297	0.09004718	0.575027	-1.489838	-0.051217053	1.3195275	-1.0679637	-1.3143109	-2.0178483
1.8018857	-1.8518305	1.5662186	0.7302241	-1.8391943	-1.6326324	-1.7939125	0.6219413	1.530041	-1.9679717	-2.506855	1.86243	-0.2522351	-0.004473396	-2.6009166	-0.11792316	2.1785638	-1.0884478	-1.7413074	-2.2591352
3.0667388	-3.217329	1.3846546	1.7139457	-3.366439	-2.6231768	-2.251767	1.8212078	1.63111	-1.89828	-2.50616	4.047718	-0.44518486	0.037217557	-3.8120735	1.0312848	2.3736124	-2.2634974	-2.4303234	-2.4124637
2.332311	-2.073023	-0.055172313	2.2585366	-3.1234653	-1.8396623	-2.2723577	0.73246807	0.9655509	-1.5265255	-2.4153945	3.5631142	-0.16541342	-0.07608222	-2.8370306	-0.7574012	0.99437153	-1.504868	-1.6371808	-2.2181673
0.30323455	-2.3897023	1.5120624	2.656282	-3.2260787	-2.9029768	-2.8421156	1.3308362	0.53831214	-0.5017135	-2.904262	2.8701115	-0.037780445	-0.39519507	-1.8609228	2.792097	2.1770458	-1.8847618	-2.130641	-1.0229878
5.234968	-6.438459	4.0547843	2.438833	-9.659568	-6.13206	-4.5927687	3.0182714	2.8404102	-3.791351	-5.770815	8.483801	0.23598827	-0.24784699	-7.3580513	2.1162257	6.1773877	-4.21169	-7.1479383	-4.7370744
0.9677974	-2.1558802	1.2152196	-0.41370982	-1.7844242	-1.1514544	-1.709855	0.8069493	0.8656368	-1.0775677	-1.3503013	2.381125	0.5146621	-0.84597427	-1.8356185	1.8025565	1.574686	-0.47646284	-1.6912681	-0.74527
2.8535259	-1.3343232	0.017669022	0.21596742	-1.6507677	0.29932773	-0.47139308	0.15299138	0.32722852	-2.4154851	-1.1023206	2.9522405	-0.55589277	-0.45012626	-1.5375624	-1.3492723	1.1808263	-0.29692203	-1.882021	-1.2272227
2.0951138	-1.7996999	1.1079473	1.0971812	-2.8265395	-0.81877834	-1.3897191	1.5996194	0.6779673	-1.1605908	-2.8849819	2.46912	-0.28567883	-0.59954506	-1.7532389	-0.15180211	1.484996	-0.41491875	-2.3372457	-1.998476
1.3646204	-2.2644541	1.723107	1.0583502	-4.2047334	-2.0465991	-1.9928924	1.2429934	1.069413	-1.8142643	-2.0158563	2.71246	0.93080014	0.4664803	-2.8171945	0.27646592	3.078372	-1.0331602	-1.6668779	-2.4633377
1.2839984	-1.5965517	0.08105375	-0.79068464	-1.3102852	0.24420047	-1.0488616	0.13572046	2.2425442	-1.262969	-1.5059781	1.1543016	-0.16448846	-0.8897086	-0.1624797	0.21167928	-0.01586419	-0.6149642	-1.9127874	-0.9630951
1.7961957	-2.3930552	2.4081285	1.3956909	-3.505161	-3.8884838	-2.1523714	1.7174048	0.74750924	-1.1787999	-1.2973748	3.3996413	0.739064	-0.0592597	-2.5751033	0.8441989	3.2821329	-1.6328113	-1.6356096	-2.511257
1.8659964	-4.913805	3.2322474	2.4826317	-6.697223	-4.9185286	-4.182849	2.4555876	2.3762174	-0.835145	-3.8726377	4.3776927	0.8507289	0.59977293	-4.5463896	1.2595476	4.16027	-3.0860007	-3.2483044	-3.853563
0.5067526	-1.420898	0.9086687	1.2824122	-2.537385	-1.8519993	-1.1903708	0.8749294	0.43650576	-0.41571075	-1.9815387	1.970269	-0.7528595	-0.3027061	-1.3103989	0.5714735	0.91089094	-0.68471426	-1.0760384	-1.2836059
2.006713	-0.38520297	1.6918991	1.5031004	-2.6230056	-3.046417	-1.587833	1.5966476	0.79020685	-1.3492922	-0.3265772	2.4523427	0.25056955	-0.21467634	-1.7751033	0.96045846	2.328989	0.11513966	-0.9334905	-1.6832074
2.4432194	-4.152145	3.5391674	1.5833061	-4.1771965	-3.4493947	-2.3773706	2.0655763	2.9598737	-1.541626	-3.1986847	2.5264368	0.5240773	0.2709199	-3.5088284	0.67658097	4.507119	-2.1738398	-3.2326303	-3.37269
3.1949737	-3.7121525	3.7020223	2.7782998	-5.695092	-4.6087055	-2.8934596	2.2733862	2.13301	-2.0146084	-1.7887266	3.3197672	0.446567	0.39716825	-4.288605	0.9477326	4.033246	-1.645767	-3.1269493	-3.6776237
3.0665452	-2.187689	1.5257173	1.400164	-2.450417	-2.7864385	-0.8213999	0.92740875	0.7796261	-1.6906157	-1.4428574	2.715053	-0.99469924	0.46718958	-2.6692066	-0.6600362	2.7039423	-1.8008407	-1.0545433	-2.0672204
3.4418318	-3.452008	2.0526557	2.7024028	-5.125418	-3.954893	-2.9686534	2.3344932	2.23347	-1.3382252	-3.5031788	4.354809	0.1297973	0.3749935	-3.5929484	0.8898114	4.4746404	-2.3815246	-2.8530571	-3.0410974
1.9374117	-1.5906789	0.72545314	1.0991329	-2.136223	-1.9782348	0.022459565	0.8413286	0.975956	-0.9960544	-0.9904994	2.0585535	-0.64584666	0.8595233	-1.5644696	-0.6217574	0.8876663	-1.0976311	-1.1322736	-1.9793713
0.5966358	-2.856575	1.4857382	2.7960536	-3.1399424	-3.245354	-3.390423	1.5422891	1.1676126	-0.77742636	-3.0032175	3.3098137	0.4972825	-0.110142685	-3.2402422	2.5552092	3.2287395	-3.2198794	-2.8791647	-2.3177764
2.4285824	-3.0433087	1.2483203	0.28087163	-3.4032972	-1.3230308	-1.0530442	0.7503835	1.4168115	-1.0728526	-1.5996493	2.7625856	0.07377727	0.55740535	-2.419611	-0.7269646	2.3340845	-0.2982707	-1.0947939	-2.2222633
0.51751256	-2.2536588	1.0323973	2.1643033	-3.00202	-3.253039	-2.028549	1.5780509	0.0926496	-0.47418332	-2.0651078	2.4926994	0.3560326	-0.32912624	-2.0764165	2.6946144	2.7931836	-1.941529	-2.3167293	-0.93311
0.2679632	-2.6921751	0.9469942	1.9000796	-2.1928012	-0.63250065	-1.1838174	1.217169	1.4185199	-0.8420261	-2.1770375	2.205208	-1.1608182	-0.41839853	-0.6668408	1.9711187	0.337716	-1.8823974	-1.3585263	-1.0507187
2.5816455	-3.4822156	0.99676096	0.58682156	-3.952613	-1.6981055	-3.315144	2.1120396	2.376624	-1.2134277	-4.521954	3.7137043	1.0132855	-0.04697228	-3.9384604	1.452767	3.0719414	-1.0174671	-2.6770103	-2.341925
0.3196648	-2.3577485	0.1708746	2.5412986	-2.1960871	-2.8665578	-1.0922215	0.48279542	-0.3090633	-0.028109025	-0.69751537	1.1485865	-0.6552926	0.24223916	-1.5963532	1.1874832	2.4393907	-1.9389995	-1.2728368	-0.7265832
2.8145955	-2.478457	1.9312934	1.9931965	-4.5632095	-3.139171	-1.6468138	2.0610125	1.0809057	-1.5202107	-1.517279	2.6318243	-0.22724317	0.12055094	-4.2137065	-0.3172746	2.9299865	-1.0369301	-2.453759	-2.879619
1.0419822	-1.2472893	0.9196111	2.6925178	-1.6246884	-3.0697184	-0.28115845	0.8219331	0.4727962	-0.72646594	-0.42236865	2.7503057	-2.567041	0.20626628	-2.3351448	-0.7691589	2.5338345	-1.926851	-0.7708107	-2.1034458
-0.07943536	-2.6298444	0.7331979	-0.1315036	-3.2597294	-2.0797899	-1.2088066	0.45370537	0.89313835	0.37276942	-1.51464	1.506228	0.104549214	0.28437844	-2.1116168	1.3183334	0.92878425	-1.3864418	-1.887828	-0.84920174
3.7796533	-2.6365638	1.9953601	2.020104	-4.433454	-2.934892	-3.0988967	2.2814677	1.9866894	-3.140426	-2.5528157	4.967141	0.19846746	-0.568562	-3.2864285	0.5588838	2.4240744	-2.7288713	-3.5583553	-3.3915997
1.4566123	-2.337859	1.8195523	2.1467052	-3.3590972	-3.0364344	-1.4480371	0.81220406	0.532956	-0.66093934	-1.7637197	2.2744317	0.4462288	1.3379046	-3.7172847	-0.78480726	4.262763	-1.4223999	-0.19750233	-2.561163
-0.4996851	-2.3166707	-0.20254977	1.2023755	-2.4330823	-1.4277339	-1.6888851	0.1299364	0.33029878	-0.42977822	-3.2919524	2.8642976	-0.59380746	-0.14512126	-1.5245417	0.62444264	-0.035007585	-1.2875457	-2.5321517	-1.3213757
2.564655	-1.8272659	1.7525079	0.5012424	-3.1581285	-2.3955407	-1.2360538	0.8537547	1.5109348	-1.5748037	-0.036540043	2.52166	-0.7654004	0.3217037	-3.1027677	-0.4594991	2.8528986	-1.1591966	-1.4137743	-2.0613763
1.7414802	-2.3409216	0.787357	1.17282	-2.120476	-1.4036381	-2.1810935	0.6752502	1.4091519	-0.87969685	-2.404844	2.3870428	-0.04479649	0.21650998	-3.2479203	-0.15418707	2.653932	-1.3330055	-1.7456075	-2.0887702
-0.6566667	-2.666704	0.28361407	1.9150234	-3.0807462	-2.8086252	-3.2709804	-0.4830512	1.1056918	-0.98958266	-2.0561728	3.2140083	1.1054763	-0.12705232	-2.7417638	1.7957631	1.9616646	-2.7186124	-2.6507387	-1.5462017
3.7170396	-2.4039865	2.6540823	3.0351741	-6.415326	-3.4190106	-3.9042745	2.3873177	3.0705507	-3.1259534	-3.6918569	6.118944	-0.90126526	0.1340435	-4.8878284	-0.08920303	2.561222	-2.465405	-4.4841557	-4.472299
1.866198	-2.831703	0.8278263	-0.07766447	-1.5715305	-1.9888927	-1.0016376	0.518364	0.8425135	-0.29488155	-1.6362721	1.8816746	0.07754253	-0.20563224	-2.1251712	0.17951182	3.0822725	-0.95943385	-1.423293	-1.2172314
0.95042914	-0.66936487	-0.26052442	2.9529638	-1.4637074	-1.3749009	-0.7366718	0.40307564	0.074649245	-2.3397381	-1.9791845	2.9294567	-2.7920892	-0.545468	-1.0297954	1.3208077	0.38701394	-2.4805584	-2.5663662	-1.0774056
4.458474	-4.91464	3.2263231	1.9305681	-6.118343	-4.864314	-2.7780657	1.8893092	1.8748387	-3.21831	-2.7189975	5.364471	0.67374146	0.53885746	-5.126059	1.470432	5.245483	-2.7330413	-3.477829	-4.041882
1.4781477	-1.6338822	0.27586344	1.5035523	-3.2800224	-0.795163	-2.59566	1.4785569	0.7251713	-0.70261216	-2.7404623	3.2607818	0.24386834	-0.57801354	-2.5169554	0.9219515	1.5161978	-1.4968921	-3.1104302	-1.8467343
1.8493663	-2.5336885	0.63078076	1.0724088	-3.0199838	-3.167281	-1.4944683	1.321757	0.8217911	-0.23550802	-0.15997267	1.6644176	0.7363563	0.52535075	-3.1400883	0.30746213	2.5297685	-1.3224199	-1.4292164	-1.9540013
2.304591	-3.5207465	0.87711525	-0.038170956	-3.534191	-1.9423909	-2.3715484	0.3756341	1.7919711	-1.6497345	-2.5958245	2.6222277	1.1526163	0.67962456	-2.893573	-0.11624282	3.1276784	-1.9489487	-1.642183	-2.1761189
0.58014584	-4.8702364	1.5547637	2.4061687	-4.481621	-4.447471	-3.9524937	0.8203837	2.1427488	-0.38254187	-4.3084555	3.2266407	1.3870618	-0.00230581	-4.8462424	2.793963	4.613802	-2.662888	-3.3123255	-1.6835155
1.4687102	-1.4792632	-0.5411222	0.51753443	-1.8327372	-0.29113775	-1.0536673	1.5258888	1.2632933	0.11282208	-0.9575728	1.4887604	0.17357376	-0.48593855	-0.8576745	0.30494234	0.29046413	-0.42644313	-1.4223622	-1.3551553
1.6431018	-3.3339896	2.5755548	2.7237308	-4.9317822	-3.043583	-3.3050327	1.1250916	2.2812572	-1.6046863	-2.1985843	2.842232	0.4068171	0.40959653	-3.1940536	0.60072464	3.411312	-2.0744224	-1.9400296	-2.930552
2.7379248	-1.7647444	1.0623473	1.2596891	-3.2730927	-2.3798115	-1.5681329	0.7058857	1.5779077	-1.7310592	-2.6734319	3.1006107	-0.28578463	0.54796934	-2.5823267	-0.51426274	2.791906	-1.7134497	-2.8314579	-2.6419036
2.7114336	-2.6460266	2.586986	2.2482965	-3.7581253	-2.8216524	-2.5743315	2.3339124	1.0502014	-2.2339537	-1.6928182	4.5414705	-0.29922417	-0.03371497	-3.5091963	0.9511863	3.977409	-2.253271	-2.4245636	-3.123373
2.0527256	-5.6435485	3.4747703	3.5355124	-4.4615626	-5.225241	-2.2369199	1.0833004	0.22008862	-1.2513906	-3.074111	4.6431656	-0.58711696	1.0113169	-5.5415792	2.4739883	6.249702	-4.4989343	-2.1441066	-2.3756328
1.9551501	-2.9889855	1.5437729	1.4659032	-3.3194098	-2.0670211	-0.9562289	1.4942544	1.0667326	-1.2965515	-2.4715679	2.4424114	0.3446652	0.026208987	-2.6846673	0.6595843	3.3497858	-1.5903379	-2.481799	-2.3161342
2.7441525	-3.7702148	2.2334745	3.6620808	-5.3115945	-4.237067	-2.4618087	2.3937213	2.616039	-1.0491873	-3.0731797	3.9195683	0.57463056	0.9033559	-3.6361227	0.85727155	4.001138	-2.7095459	-2.6145442	-3.1535487
1.2940818	-1.4324156	0.4251734	1.4058518	-0.9070093	-1.7284478	0.52008176	1.6027259	0.6060151	0.12487254	-0.24280223	1.0949377	-1.6296635	0.687953	-2.2775834	0.6615025	2.099422	-2.0389645	-0.8041281	-1.118017
2.5993223	-2.7663507	1.4867444	1.6596053	-3.7859616	-1.8241591	-1.7111162	1.352295	1.3012328	-0.92128634	-1.347216	2.8454819	0.27818242	0.17983885	-1.8617252	-0.47244838	2.6150532	-0.6404949	-1.1533954	-2.5083013
1.2865474	-1.8094491	1.4969014	1.2770869	-2.486751	-2.4912286	-2.2596993	0.5086938	0.85393584	-1.3716111	-0.7577345	2.1748013	-1.0448108	-0.07501312	-1.9437574	1.3190156	1.2914926	-1.5469959	-1.1425121	-1.8228958
-0.5886987	-1.3171606	0.7019572	1.379524	0.4274349	-1.087417	-0.9016118	0.14050017	-0.32819986	-0.11226252	-1.234622	0.96963537	-0.85520166	-0.18987194	-0.11416429	1.1355959	0.57839906	-1.8123138	-1.234245	-0.20458958
1.3154614	-1.8686415	0.14790544	1.0567354	-2.1340873	-0.76755315	-0.4487925	0.31415614	-0.68146974	-0.7614917	-1.4434264	1.3537717	0.63650596	0.83187914	-1.6170608	-0.698302	2.620197	-0.32603166	-0.7498367	-1.875797
3.6164343	-3.284757	2.9068415	2.1761274	-5.039306	-1.9617256	-2.5804322	2.2695217	2.6145527	-1.5383188	-3.4058616	3.0135694	0.38850078	0.58032876	-3.3670938	-0.24067265	2.9977975	-1.7986495	-2.6785629	-2.7831335
2.1935937	-1.263351	0.1552156	0.29690322	-1.2693583	-1.1668767	-0.41921043	0.21362166	0.4334194	-1.6182693	0.43702856	1.9441718	0.012276819	0.4257489	-2.4570339	-0.4700883	2.1403668	-0.16634554	-0.730296	-1.970576
2.680501	-1.6015426	1.4811522	1.0986794	-2.811892	-1.2963322	-2.0695724	0.5289411	1.387987	-1.6402774	-1.8621222	2.6565955	-0.06668781	-0.20016542	-2.1780562	0.16533014	2.1559534	-0.74861676	-1.8276979	-1.6345247
2.0723965	-2.9972587	-0.63563055	0.23145682	-0.5268804	-1.2744364	-0.050429046	1.1595677	1.1150265	0.3499234	-1.7285964	2.506296	-0.9751605	-0.0015128173	-2.2137122	-0.047110904	2.3119576	-1.5887028	-1.0556346	-1.0624574
0.91585535	-1.883342	0.8141193	3.1653497	-2.6556458	-2.4811504	-1.6787361	1.4433047	0.19324411	0.037765183	-1.3730451	1.922512	-0.6583639	0.08846242	-2.2561822	1.3685435	1.7037188	-1.6500384	-1.3413317	-1.8559394
2.8754315	-1.8240169	1.7453945	1.6657057	-4.305686	-1.6106694	-3.0619996	1.7277297	2.028432	-2.047904	-3.2957044	4.1190495	0.44126746	-0.5447312	-3.2466006	-0.06850124	2.0029347	-1.4387645	-2.9429939	-2.2225296
2.245677	-3.1863635	3.2223468	4.0562963	-4.4245853	-4.2394333	-2.6289089	1.2565169	1.6034608	-3.91924	-1.4669532	5.9087815	-2.3193321	-0.058693584	-3.6404376	1.757651	1.9754007	-4.5449557	-4.263455	-3.716873
3.4148765	-4.824494	2.6383014	1.3598197	-5.533476	-4.342746	-3.2880015	1.5068791	2.4509332	-1.912212	-4.3188453	4.9577265	1.1181048	0.21399812	-4.7239532	1.5323411	4.423425	-2.0956094	-3.5724013	-2.7858539
1.234689	-2.195169	0.33545363	0.48272586	-2.6493392	-0.81788117	-1.2221951	0.45647162	0.9450444	-1.0342494	-1.4954054	2.1561074	1.0106794	0.21357505	-1.9566039	0.18440337	1.9144102	-0.8601356	-1.1461705	-1.1996001
3.5706925	-4.6258388	3.8734162	3.914779	-7.2599697	-5.838971	-3.6573946	3.441737	3.8665128	-0.35553396	-3.7590213	4.4194674	0.47142315	1.8008276	-6.6865106	0.39527047	6.4098587	-2.6566935	-3.1850402	-4.4296947
3.5201492	-3.664416	3.02258	1.9482689	-6.85309	-4.847766	-4.0191526	2.3574412	2.1943738	-2.2326918	-3.0520694	5.891825	0.54974097	0.41382974	-5.6124	1.6946092	5.0779686	-1.9595591	-4.148684	-4.3713856
2.0437815	-2.0383105	0.6681449	-0.844402	-1.1733388	-0.33422843	-0.32720277	-0.6429557	-0.14305189	-1.7738614	-0.6345609	2.5809224	-0.76683474	-0.42658338	-1.0860714	-0.6072289	1.90019	-0.8003314	-0.43445748	-0.7741282
1.7009614	-1.9101514	0.6205144	0.9227635	-3.2559397	-1.9892095	-1.7581414	1.5266553	0.842957	-0.98869956	-1.4146845	2.894935	0.42468536	-0.30291823	-2.747283	1.1437393	1.8569269	-0.72163516	-2.105313	-1.325393
1.7049495	-2.5650175	1.3144202	0.68397546	-3.242097	-2.0042634	-2.3978581	2.077507	1.8819677	-0.8005803	-3.0516775	2.5642776	1.4598814	-0.357268	-2.2301247	1.3449888	3.065918	-1.1656832	-3.2286363	-1.9609311
0.67653036	-1.4522157	0.612157	-0.0003636511	-2.3785434	-0.86681306	-1.4981045	-0.23472133	0.7825858	-0.68408126	-1.6014404	1.4567604	1.3103544	0.7159246	-1.2465211	-0.58192474	0.7840586	-0.27839145	0.25207418	-1.3692731
2.0173314	-2.065772	0.42927203	1.683339	-3.2771668	-2.6708672	-2.9096768	0.84838086	1.2472639	-1.2566627	-1.813163	3.1461275	0.73584294	-0.06259005	-3.103738	0.9237197	2.1524003	-1.3073385	-2.25245	-2.1168942
1.6412834	-1.6980008	1.6503462	0.9328919	-2.6933012	-2.2533522	-1.2618687	0.43085545	1.2539544	-1.9851018	-0.76015586	1.5280372	0.2062577	0.38580072	-2.407435	-0.14055517	2.790137	-0.49084684	-1.1443199	-2.461198
1.5974824	-2.9796238	2.1396463	1.9298749	-2.8316278	-2.0534725	-1.4976183	0.64182854	0.45180506	-2.757573	-1.7544914	2.8862588	-0.89578694	-0.16518863	-2.5462837	1.6359369	3.1587799	-2.7626336	-2.371734	-1.7242267
0.9361041	-0.95179856	0.26384047	0.7743963	-0.9044929	-1.6859958	-1.312258	-0.09340883	0.54774535	-1.2043974	-0.78849846	2.0994163	-1.5262625	-0.5309344	-1.7923054	1.5718604	0.98352104	-2.0614285	-2.5503173	-0.62588036
2.0278854	-2.9224644	2.3904173	1.9832443	-5.589873	-2.9333658	-3.3004768	2.2702384	2.4028013	-0.6887211	-3.893746	3.934514	0.6454171	0.76651126	-4.62266	1.0266364	3.6139126	-1.2942481	-1.8111264	-3.1276293
1.4833283	-1.7643161	0.39956442	0.9940246	-1.8038827	-1.1366426	-0.17539693	0.339719	-0.48035145	-1.5302808	-2.2813666	1.7993664	0.46569777	0.22521345	-1.3692603	0.3262706	2.946681	-0.55964285	-1.9653361	-1.3702204
