2.1221018	-1.7241008	0.45618877	0.7880319	-1.7764792	-1.5324403	-1.298755	1.36121	0.75998497	-1.024701	-1.021237	2.0322104	-0.2346472	0.42610708	-3.7033403	0.06322581	2.609443	-0.4794628	-0.9908081	-1.3327199
3.7491977	-2.9118938	2.549836	2.8782554	-3.516026	-1.4931866	-2.1335003	1.4987311	0.23659298	-2.2601426	-4.7085056	4.6282687	0.123966105	-0.18807213	-2.243598	0.88425547	3.3395262	-1.0512233	-2.502948	-2.2111375
5.185063	-3.9629726	5.3258204	4.9989386	-3.6802094	-7.109067	-3.6233003	4.0529923	0.6638318	-3.121235	-3.6944396	6.513174	0.76778847	0.3376126	-5.441448	3.4688778	8.000673	-3.8717086	-5.5755	-4.8285203
2.5463216	-3.5111632	0.9424138	0.3547962	-2.125732	-1.1122291	-1.8754336	3.0970886	2.3778718	-0.68490744	-4.44999	3.7001903	0.039034516	0.26870155	-4.72856	1.6929215	4.1386285	-2.9976463	-1.9991493	-1.8780864
3.0956237	-3.8319378	1.6789609	4.2799234	-3.489003	-4.874929	-1.9713302	1.5400399	-0.27257073	-2.0496166	-3.4478543	5.034476	0.31503463	1.3683317	-4.1634464	1.0644288	4.6084347	-2.5237436	-1.9724879	-3.4874227
2.0029063	-1.6191956	-0.16981043	1.5566077	-1.3149682	-3.9855437	-1.548158	-0.020181227	-0.9870474	-2.1308308	-2.211198	4.6026883	-0.5087126	-0.09097615	-3.2105525	0.9435712	1.5383295	-2.6680794	-2.18139	-2.3263955
2.615234	-3.6580431	2.2224581	3.5126495	-4.1425548	-4.2702336	-1.9680218	1.5298847	0.75652456	-1.1753567	-3.689925	3.8964276	-0.662754	0.5633698	-3.9435952	1.567851	4.6035924	-2.462214	-2.8965242	-2.4493923
2.4881625	-1.6838548	1.2699654	0.35849908	-1.3376946	-2.091803	-0.27509415	0.7737507	0.16493727	-1.8833735	-1.2880393	2.0218546	0.14999759	0.20695832	-1.9058888	0.07938525	2.588754	-0.22829768	-1.5799992	-1.7488372
2.4432797	-1.7098423	0.45015243	1.9816828	-0.6808386	-1.6955884	-1.0377523	0.6547136	-1.0991391	-2.3221056	-2.0581064	3.5924351	0.25238436	-0.08000484	-1.56076	0.6550338	1.8736948	-1.3220829	-1.0982879	-2.0485885
3.1278775	-2.8007016	2.7129834	3.4422247	-3.2286708	-3.5630114	-1.8630016	1.5747377	0.1655406	-3.1076121	-3.3988028	5.5814366	0.21050408	0.48758277	-2.4217958	1.457925	2.872208	-1.805427	-2.5473278	-3.4726882
2.756593	-3.1671162	1.4559859	1.8675356	-3.5357492	-4.758703	-2.2445304	1.8452152	-0.5586402	-1.8856581	-4.0074315	6.3766403	-0.19400093	0.16866082	-5.4645996	2.6986406	4.046287	-3.0625904	-4.1687965	-2.374898
1.369759	-2.789635	1.6505626	-0.0015174448	-3.1624708	-2.4237785	-2.0413816	1.7672758	2.3247905	0.8178588	-1.9715085	0.34617656	1.6380696	1.2854958	-3.4687533	-0.398174	3.1261902	-0.47283673	-0.12484375	-1.7457935
2.3459146	-2.1388433	1.6963888	2.6740377	-2.496196	-3.1336172	-1.4875686	1.5644546	-0.251792	-1.1015289	-1.5802212	3.038743	0.8130231	0.8742286	-2.4027736	0.6967261	3.1477711	-1.6415854	-1.2516365	-2.5764618
5.0971212	-4.0037456	4.0701995	2.4808474	-3.89413	-4.731637	-2.3825715	2.534398	0.8395091	-3.2463431	-4.1546745	5.0915556	-0.60768175	0.43754458	-6.06992	2.3426044	6.256565	-2.9535272	-4.402958	-3.324272
2.2717366	-2.6264882	0.9722876	3.517519	-3.8342166	-5.491288	-3.151791	0.814653	0.5099426	-2.7517533	-3.8114011	5.5233045	-0.49551326	0.46697664	-5.307899	2.2780275	4.641046	-3.2165203	-4.0259933	-3.2569335
2.1268883	-2.5503614	1.9919752	1.3126116	-1.6579633	-3.032643	-0.8138832	1.4264637	0.19442292	-1.0849308	-1.4351408	3.1045258	-0.43337756	-0.13175073	-2.764615	1.0625095	2.9739206	-0.8600167	-1.9019575	-1.515575
2.6623743	-2.1248004	1.0362178	2.036865	-2.3984582	-2.5344021	-1.3286446	1.3775854	0.37916782	-1.0052211	-1.8838313	2.536995	-1.0821583	0.6278976	-3.911673	0.79198116	2.9620295	-2.227231	-1.0248764	-1.9007342
4.872203	-3.7971	4.027616	3.0941246	-5.742566	-5.3723645	-1.9921292	2.0305624	0.8920058	-1.6158097	-2.832361	3.8318715	-0.21530138	1.846647	-6.2903304	0.41473383	6.3993874	-3.0589843	-3.2755284	-3.8544555
4.2920628	-4.544582	3.8335407	4.2475758	-6.2299223	-5.3357363	-3.8767097	3.966625	1.1454179	-1.4941096	-7.705386	6.7179294	0.74700373	0.11800229	-6.497512	2.2020998	6.114047	-2.4219666	-5.3195076	-3.611556
3.2601337	-5.35104	3.0824747	2.66378	-5.1412435	-6.8475833	-3.8681822	3.9908745	1.5435531	-0.35751456	-6.494005	6.59505	-0.8508069	0.3529995	-7.380805	3.5150325	6.17781	-4.858369	-4.9185166	-2.522591
1.3782849	-3.563213	2.0568223	2.660418	-2.8612723	-3.758987	-2.4589627	2.4136527	1.3991432	0.7612358	-3.348093	2.4912524	0.87925524	0.6750867	-3.268311	2.610378	2.1330955	-2.4587386	-1.8614241	-1.9148915
3.2575886	-3.3643217	2.2225902	1.5675132	-4.153603	-4.620456	-1.9124296	2.929431	1.7661747	0.21970537	-3.2429013	3.460986	0.07617501	0.39189982	-5.041931	0.86841625	4.3051925	-1.6171756	-2.6225853	-2.448154
3.4771311	-3.8109434	3.1650383	4.536515	-2.0552275	-3.1948264	0.04726875	2.157176	0.7328906	-1.0318531	-3.4908338	3.1711524	-0.23382686	1.2536725	-3.0912244	0.66661304	4.429741	-2.1145315	-2.5444736	-2.8736293
3.0548835	-2.0099082	1.9393591	0.74798137	-2.3226123	-2.068957	-0.27748355	0.6419049	0.07223071	-1.5137658	-1.9310919	2.929261	-0.95219123	-0.103385486	-2.7821124	-0.81123346	2.5247066	-0.20185591	-2.6087563	-1.7786082
3.136184	-3.7480164	2.2085786	2.6889849	-4.2986183	-4.102047	-3.3469343	2.6306667	0.5853067	-2.238994	-5.436171	6.8282747	-0.034207974	-0.28779945	-5.0640783	2.6813278	3.5203688	-2.3376517	-4.0627136	-3.1513414
2.332707	-2.3127787	2.6414812	3.215157	-1.8626505	-2.4707477	-1.0099893	0.49271184	-1.0842297	-3.6973941	-3.6978524	5.8167906	-1.5808152	0.021206914	-2.6799343	1.8410822	3.4453602	-3.2237399	-2.8288598	-2.6826708
1.496508	-3.0995636	2.095428	1.896049	-2.4855313	-2.8953443	-1.5491725	1.367805	0.23389089	-0.5665948	-4.194471	3.1148984	0.12799145	0.20630854	-3.1291428	1.5252594	2.400323	-2.2512417	-2.6089008	-1.5197238
4.98168	-5.9819455	4.741554	5.137046	-6.330319	-7.4712987	-3.6839945	3.8542986	0.48986405	-2.5369246	-7.046577	7.9271703	-0.23056363	0.4442269	-6.8839383	3.4633732	7.128836	-4.0944867	-4.971968	-3.7883916
2.6785123	-2.0699482	2.6277497	2.2337935	-2.4477081	-3.7570453	-0.7256524	0.66169834	-1.0603789	-1.9955031	-2.2626545	2.9374285	-0.85902166	0.5417616	-3.2025008	0.53586286	3.827742	-1.5983298	-2.4642632	-1.767895
2.8580801	-2.5852156	1.0768167	1.8986514	-0.31562644	-3.660063	-0.31247208	0.57500374	-2.2671986	-2.3941379	-3.4054148	6.15668	-2.0777438	-0.27774155	-3.5526464	2.2468755	2.016896	-2.51405	-2.5353901	-1.5230591
3.6015103	-4.25592	3.4747891	2.458618	-3.0387988	-7.0647345	-2.2666132	2.6768975	0.6188994	-3.5369565	-2.66312	6.016126	0.8388733	0.4049674	-5.096618	2.8116531	6.0068126	-3.698845	-3.3827202	-4.0844502
3.318226	-3.610453	3.1305494	2.6366782	-4.924423	-2.2824867	-3.5133135	0.8714923	1.7859924	-2.4265666	-4.589026	4.957123	-0.6509424	0.35927522	-3.1472728	0.9484096	3.246368	-2.078983	-2.3146164	-3.6127317
0.8627784	-2.8580663	0.9846499	3.2718296	-3.0779793	-2.7041514	-1.3173778	0.7234678	0.4157403	-0.5247185	-3.1566079	2.5223937	-0.1842675	1.2188182	-3.6441257	0.32235622	3.0523486	-2.834302	-1.2198111	-2.0930295
6.990074	-10.808675	9.778655	9.328075	-11.642514	-14.264239	-6.744236	6.477568	1.520388	-3.4170718	-9.682782	11.694516	1.4505641	1.3209833	-11.984235	5.562836	13.801344	-7.5189986	-8.155905	-7.5578165
1.3240203	-2.3309255	2.5365727	2.2904575	-2.178266	-3.7208533	-2.050941	0.24263252	-0.038070336	-2.4760022	-3.1117387	4.7902274	-0.72882134	0.43573707	-4.186932	2.1606357	3.6620705	-3.5549843	-3.3077915	-2.4135196
4.30985	-5.260371	6.340898	4.8866787	-4.7434278	-7.7811594	-2.8385074	3.0451112	0.68211174	-4.5415945	-5.35015	8.075818	0.13500094	0.50895023	-5.922259	3.3297737	7.253078	-4.515827	-5.868259	-5.2254853
2.7218664	-1.8058878	1.9145322	2.1339192	-0.5603632	-3.349423	-0.26383328	-0.2410569	-0.7422747	-3.0999675	-0.7490866	3.2049642	-0.1937196	0.81000215	-2.6092534	1.2120193	3.7200024	-2.2952893	-1.6200451	-2.4057384
6.1688867	-7.467944	5.280177	6.7354946	-7.0327706	-10.482237	-5.3304224	3.9196367	1.489103	-3.9117224	-9.243933	11.249191	-0.743793	0.5214358	-9.72264	5.297717	8.249586	-7.0129685	-7.135592	-5.5442
1.6440523	-3.7795465	4.604207	3.6336305	-4.2792106	-5.602111	-3.0330482	1.9500537	1.0204778	-1.8710728	-2.2256122	4.0507884	-0.4102957	0.30075988	-4.3191185	3.3435333	5.1132374	-3.4768574	-2.399479	-2.1477857
3.6815746	-1.8149699	1.3817267	2.744102	-2.7858827	-0.91818374	-1.4081647	3.0484233	-0.2973696	-1.8657756	-4.415785	4.8032436	-0.37381664	-0.5995217	-2.6512337	1.7478554	2.5271168	-1.4031918	-4.781064	-2.080819
0.24102794	-1.818865	1.8801947	1.9386342	-1.804556	-1.9890232	-0.8013497	1.0031934	0.14274226	0.2875956	-1.5176028	0.92855626	-0.9526035	0.17605448	-1.7473671	1.2259085	1.6675224	-0.8265156	-1.1201743	-0.83179194
2.201659	-2.571391	1.8352492	3.006779	-3.589123	-3.4493155	-2.8987415	3.0139894	1.2614483	0.46493372	-3.397083	3.3897264	-0.18196931	0.22990517	-3.6077588	2.2364407	3.4675665	-1.8679519	-2.7635217	-1.8344758
3.94498	-3.3479812	3.0059135	2.3617427	-4.3780065	-4.31576	-1.9953495	2.8139832	1.0098088	-0.5132086	-3.3462193	2.8826208	0.1525053	0.8152618	-5.08822	0.5478694	4.9932995	-1.8401932	-2.793198	-3.035046
1.1043489	-1.5598316	0.34086147	0.509716	-2.520352	-4.383397	-1.9923326	-0.5973552	-1.3197945	-1.6985348	-0.027399018	4.7517643	-0.38766634	-0.18273048	-3.2993355	0.6000007	1.9608033	-2.5950735	-1.8236239	-2.0441651
7.525927	-9.226193	9.142069	9.134257	-12.741096	-14.37993	-6.589285	6.0423307	0.4954013	-3.4860175	-11.104386	12.412434	-0.53456545	1.9642307	-13.330482	5.259439	12.968701	-7.4793496	-8.817041	-7.821784
2.911564	-2.4764605	0.79846865	3.1224594	-0.8684066	-3.3962955	-1.9933962	1.6166004	-0.8027478	-3.187744	-3.460642	7.0672426	-0.40489125	-1.5943289	-2.3346288	2.6338148	1.4735057	-2.5332277	-3.6888273	-2.2846704
2.819957	-2.3909595	2.752401	2.9946396	-3.1684296	-3.8179045	-1.7904245	1.0585471	0.43693495	-1.7619826	-3.986348	3.9153645	0.32046574	0.8401464	-3.4965231	0.32308304	4.1040173	-1.072577	-2.305266	-2.6052916
2.0670147	-1.2897073	-0.13644361	1.3665068	-1.7672391	-2.4152107	-1.3847368	0.89845276	-0.86832464	-1.114387	-1.7317579	3.602969	0.7196991	-0.03506393	-2.2544415	0.9518142	2.5415363	-1.180507	-1.7876687	-1.3388435
2.117909	-5.754687	4.3572	3.6985402	-6.3813043	-8.664517	-4.4848685	1.2806504	-0.07588146	-1.1222193	-6.453691	6.8969264	-0.98714536	1.1607776	-9.41426	3.286933	8.12773	-5.1289625	-3.531335	-2.6648707
3.6520648	-2.5413141	2.4116569	1.1630406	-3.5017452	-3.7218316	-1.4995524	2.313349	0.50590396	-1.1209971	-3.5042326	3.6788325	-0.6598939	0.12596811	-5.1675773	1.2219721	4.0450177	-1.0010794	-2.8451176	-1.7324895
3.091517	-4.012198	3.0767565	4.451839	-4.209792	-7.2015576	-3.3505514	1.7090577	-0.6294978	-3.7500677	-3.6977158	8.087195	-0.7317212	0.25585392	-5.1790304	3.807404	4.7267547	-5.04917	-3.2724638	-4.2066
1.7037301	-2.5758388	1.5728555	1.5950903	-3.1767383	-3.3379984	-1.5530988	1.814507	1.0494683	0.43729746	-2.574868	2.2487638	0.73594636	0.5734116	-3.5281215	0.38429427	2.2521017	-1.3368868	-1.523559	-1.8498183
12.258479	-9.848454	12.392021	12.237826	-15.686945	-12.764977	-7.884343	7.1499157	-0.7551713	-6.945079	-16.582844	17.103123	-2.97934	0.2586188	-12.207099	4.1879807	16.311926	-6.490313	-12.573773	-9.646845
3.810694	-2.5997415	2.4368446	3.0867462	-2.818176	-3.6508765	-1.960469	1.5451615	-0.16292216	-2.7245295	-4.5620146	6.0183115	-0.5169056	-0.1843413	-4.008913	2.5754488	3.1738024	-2.7575436	-4.7316895	-2.9527369
3.3772125	-2.4644482	1.7262185	1.5380485	-2.9268856	-3.0508533	-1.9190285	1.6279943	0.6732411	-1.7208872	-3.1728725	3.8691385	-0.58738726	-0.026464032	-3.8588233	1.011771	3.7948332	-1.6878067	-2.7152145	-2.1641777
0.9001173	-2.4810126	3.0107472	4.018081	-1.1266004	-2.1202419	-0.77361894	1.3392699	-0.49162704	-1.5619961	-2.8120832	3.3809173	-0.35591355	0.21112674	-1.1556748	0.9360573	3.639433	-1.2321069	-0.32246006	-1.3103523
1.3238503	-5.115357	3.238374	4.2049384	-3.9878178	-5.907234	-1.5997165	2.2901785	1.3034856	0.75785583	-3.004354	3.3083866	-0.22152807	0.862158	-4.036587	2.4829068	4.4245043	-2.4845018	-1.2062168	-2.1811702
4.2178555	-5.857903	4.9392257	2.2558584	-6.501121	-5.2990294	-3.7946444	3.0851421	2.2770264	-1.8335319	-5.590234	5.735515	0.8486818	0.47416776	-6.5632877	1.9765059	6.885405	-2.5098503	-4.3801394	-3.7421157
0.99835336	-1.4092152	1.6447715	2.2711086	-2.3546093	-2.3244572	0.1325119	1.3970909	0.15130341	1.6103811	-0.0050812177	1.0128727	-1.4421587	0.7842986	-2.890754	1.3837484	1.8741568	-1.6282226	-1.1741706	-1.1238254
1.0880978	-2.5386684	1.2399292	3.1741357	-3.3712373	-1.9849359	-2.0216484	2.531222	0.5207125	0.08014986	-3.0980678	3.6631563	-0.5896643	-0.90425104	-1.843949	2.6499372	3.073128	-1.7292944	-2.9304094	-1.0429755
2.4166749	-2.4420252	1.9756204	1.8278458	-1.5501516	-2.4907331	-0.20381764	-0.48315093	0.22365186	-1.3788167	-1.3862528	1.6143018	-0.8752751	0.24696256	-2.2388532	-0.18984628	2.8254201	-0.5125686	-0.72882265	-1.4784193
3.9044616	-1.571899	1.6580441	2.1719854	-1.3083335	-2.2860997	-0.8619627	0.7463043	-1.1084244	-2.9663384	-2.9732542	4.893601	-0.9426153	-0.10283806	-2.6700077	0.6622263	3.4527357	-0.5274308	-2.11232	-1.7431366
2.7754028	-3.0580878	4.142286	3.5509064	-4.775482	-4.6064205	-3.1037073	0.3887257	0.47973743	-2.9971442	-3.7389278	5.5915575	-0.8564824	-0.5363511	-3.0009	2.2865808	3.7033498	-2.866386	-3.8661	-2.4697921
0.11789742	-1.8341033	0.6847826	2.3925023	-1.9327872	-2.3158906	-1.8566751	-0.102845125	-0.28501347	0.37794346	-1.9930389	2.5864704	-1.4098551	-0.28793278	-2.3638983	1.752344	2.0783443	-1.8189074	-1.5029466	-0.2244161
2.468692	-1.5242164	1.5780672	1.3195431	-1.7433205	-2.4611766	-0.06517641	0.78835595	-0.19974254	-1.4713124	0.070461944	1.2687835	-0.07418308	0.714585	-2.0565283	-0.22802874	2.8982291	-0.45216674	-1.073247	-1.7572758
2.1146278	-2.8851836	1.9210783	2.4502356	-2.6215315	-3.3999138	-1.4807507	1.4637842	-0.1770479	-0.5270017	-2.4321012	3.0960033	-0.18920363	0.14161292	-2.89752	1.2546502	4.5403805	-2.1088378	-2.7108278	-2.3546026
1.7986224	-2.9768422	1.8916992	1.0079155	-2.6288166	-1.4691658	-1.4342244	1.0689088	1.1439129	-1.8593264	-4.7410145	3.7458267	-0.47831178	-0.36100924	-2.4755933	1.0733532	2.2162194	-0.9037029	-2.6982749	-1.8410838
2.2803469	-1.2144073	0.89405334	-0.17499541	-0.3943282	-0.75656366	0.24565497	0.70118815	-0.13336806	-1.5094041	-1.5631346	1.7010835	-0.20511758	0.10364193	-2.0536182	-0.5383077	1.1738759	-0.2698221	-0.92302287	-1.111501
1.3744463	-1.9736089	1.2769526	2.3157911	-1.6160159	-0.24719632	-1.557256	0.16939448	-0.6894803	-1.9768035	-3.234878	3.956845	-0.79401916	-0.58442456	-1.1512098	-0.24068312	1.9290143	-1.6428937	-0.66159993	-1.446374
3.1276457	-4.778425	2.9561498	3.009061	-5.146001	-5.628841	-3.4399023	2.1597154	1.1454427	-0.59940785	-5.7211165	4.972697	-0.50430465	0.50546426	-7.027143	2.626872	6.8312826	-4.270141	-4.7762	-2.5347486
3.8199654	-4.7540364	3.2455077	5.0587034	-5.601612	-2.5574906	-2.3389099	2.707131	-0.3242604	-2.1566494	-7.547214	5.873643	1.233313	-0.1868947	-2.1902654	1.4032153	3.2293022	-1.4941454	-4.3323183	-3.3659222
2.0180118	-3.1171231	1.9524926	2.257779	-3.4503794	-3.7259743	-1.1480806	0.8290483	-0.15742572	-0.7676033	-2.228943	3.0309293	-0.3422763	1.1905836	-3.8234055	0.5829791	3.1010337	-1.8010572	-1.0568346	-1.7322967
4.579249	-2.6072373	2.9569077	2.8227904	-2.3497744	-4.252757	-0.58875906	0.09190706	-2.105238	-2.7726722	-2.9210176	5.77352	-2.274917	0.36198047	-3.8262618	0.033988666	3.814328	-1.8515252	-2.664276	-2.1066225
0.23234506	-0.5325009	0.9654108	0.56704235	0.23100902	-0.5421232	-0.21899131	0.6260352	-0.026445568	-0.93958753	-0.5764298	2.2583709	0.3069767	-0.52357715	0.37119445	0.86475587	-0.19364858	0.027283084	0.09407072	-0.40295792
5.2171	-6.291736	4.4950194	5.66177	-6.655427	-7.43286	-3.7646465	4.506836	2.4759092	-0.8044583	-6.747729	5.6089425	-0.259	0.03852657	-6.083198	3.2150505	6.8215523	-4.1164165	-5.560955	-3.795723
2.4495456	-6.4908867	4.7388344	2.232323	-3.3752856	-5.481383	-2.686463	0.892654	0.89717525	-3.064042	-6.188429	7.221496	-1.8383293	0.11031636	-6.463453	2.5626287	5.6972	-4.5277896	-2.4842348	-2.7611704
4.1321115	-4.7753105	5.102834	2.067711	-6.159395	-7.899058	-4.293074	1.2808361	1.199733	-4.193453	-4.859525	7.6221833	1.4742193	0.44842064	-6.464469	2.6908624	6.9649096	-3.8939834	-4.96766	-4.848433
0.97170633	-2.169737	2.237033	2.8757215	-1.0991012	-3.7277257	-1.4873244	1.6905931	-0.21640499	-0.23222053	-2.1456451	3.0818644	0.2520316	0.047154497	-1.7042756	1.9380668	0.9441474	-1.7348887	-1.7082984	-1.5075694
5.8553133	-3.659454	3.0859432	2.6426592	-4.8666215	-7.1465178	-2.7504067	1.229367	-1.3647377	-3.1576207	-3.7739182	7.1865854	-0.6370212	0.34615743	-7.1739984	2.2624335	6.6717043	-3.6979258	-4.520346	-3.7574089
1.9157621	-3.4780834	3.9290164	4.3824115	-1.9637477	-4.101914	-0.6549212	2.158668	-0.30675894	-1.3732349	-3.4085858	4.190005	-0.5981595	0.4616348	-2.7221541	2.8882527	3.95822	-2.7105641	-1.1612611	-1.5972165
1.9209975	-1.5566809	0.8517383	0.15518723	-2.6913397	-4.1481824	-1.3187913	0.26786786	-0.2048765	-1.5939417	-2.895055	4.223135	-0.4373089	0.3777349	-4.093278	1.7821808	2.0449202	-1.8742616	-2.54999	-1.291085
4.7799	-2.2691166	4.6037316	3.0236182	-3.8082206	-5.8292346	-3.3942115	2.1100025	-0.21621929	-4.0643573	-2.0289135	6.6343603	0.7430598	0.3066077	-4.341128	2.5594494	5.2827277	-2.6792362	-4.3089724	-3.8311505
0.9876561	-2.3883386	1.1499488	2.0575469	-1.308432	-2.3340774	-1.3580172	0.755077	0.039656408	0.19681528	-3.5670311	1.9411527	-0.87869924	0.74087036	-3.1226854	0.6255963	3.5108454	-2.2264597	-1.7399756	-1.1458683
2.9603875	-4.9260483	4.0181036	5.4811864	-4.1537967	-5.1921864	-3.158462	3.074085	0.1536502	-1.9264059	-5.587837	5.6768227	-0.3228101	-0.29160917	-4.7937765	3.2344015	4.5273805	-3.4640949	-4.397987	-2.860413
3.1477003	-3.2060757	4.489066	5.8866005	-2.917657	-4.7450757	-0.113341734	1.3167099	-1.5305368	-2.64728	-2.39071	5.3904805	-2.523169	0.6627612	-2.790392	0.88559884	5.267609	-2.4632268	-1.5106779	-3.250173
1.7726536	-1.3869222	0.51207954	0.4004036	-0.76347506	-0.804443	0.060812186	0.65253943	-0.46510702	-1.5520074	-0.813455	2.518595	-0.33618698	-0.0378694	-1.6796217	-0.46069223	3.4241414	-0.90053874	-0.59824693	-1.5336349
3.0744479	-2.3233094	0.7700776	1.925763	-3.0254352	-2.5139868	-2.4438298	1.2415286	1.4984598	-0.5322811	-2.406136	2.1492772	-0.41912726	0.47767824	-4.2904863	-0.12634017	4.6276765	-1.6065785	-2.025129	-1.8808717
4.9236655	-4.0546036	6.1219077	4.5861425	-3.7523687	-4.3423777	-1.4997512	2.4927335	0.59772015	-3.8445928	-4.579119	5.8967476	-1.0583216	0.3608178	-3.7386892	0.76286906	5.3010635	-2.9252114	-3.2791755	-4.184321
1.9720047	-1.5461837	0.2669338	0.995743	-2.69949	-2.620047	-2.3080812	1.9208169	0.6727428	-0.81270707	-3.8383057	3.7289693	-0.91072	-0.1511623	-5.348563	2.440737	3.1850505	-2.65499	-3.583629	-0.54344445
1.6199268	-2.8331828	1.8484381	2.2438931	-2.4011352	-4.6572328	-1.9333185	1.5700138	0.57509285	-1.4815925	-2.2871199	4.5806603	-0.503313	0.14167064	-4.6235194	3.105077	2.7843373	-2.6827846	-2.9557052	-1.7749609
1.0591666	-3.714127	1.2657741	1.5309637	-1.7225254	-5.634395	-2.4567199	1.6523749	0.75738853	0.101357445	-4.392519	4.260199	-0.68138653	0.0608216	-4.420776	3.2640376	3.3112483	-3.9019616	-2.2348154	-1.2592304
2.586906	-1.4654546	0.89084476	0.9145384	-1.6585184	-1.9068801	-0.6108946	1.1360148	0.5776116	-0.45175835	-1.238645	1.3077109	-0.46881592	0.79642206	-2.6828704	-0.7754843	2.6462114	-1.3416538	-1.4561442	-1.4174995
1.2712867	-4.1134944	2.7223618	2.4388154	-5.171902	-5.599321	-3.7826622	2.326639	2.3817494	0.22890143	-2.679414	2.631198	0.88445187	0.27832577	-4.3425517	2.4286745	4.5861077	-2.1453245	-1.464733	-2.2420926
2.7669487	-2.3045268	0.9681675	1.0094713	-1.9375763	-0.5939686	-0.40442932	2.0808659	0.8597345	-0.9319981	-3.1817036	2.7397044	1.1221724	0.44077554	-1.1524854	-0.016014725	2.9099412	-0.337464	-1.4117825	-1.6692456
1.8600559	-3.7844145	4.099695	2.1854613	-5.925301	-5.772116	-2.0990632	0.70572394	0.5219415	-1.6839131	-2.8232832	4.100948	-0.31899056	0.89566857	-5.442203	1.2592523	5.362342	-3.0872471	-2.5924802	-2.9954484
1.4831778	-5.0772667	3.2291985	2.1073847	-5.04383	-5.614876	-3.9425998	1.179225	1.2581816	-0.7055672	-5.1541834	5.6124754	0.5742457	0.63150257	-5.8696985	2.5731852	3.8945463	-3.5625584	-2.671818	-2.349855
2.5286493	-1.8755542	0.8163977	0.99879956	-0.80984867	-1.797731	0.43472934	0.6930791	-0.46048734	-2.0379992	-0.87440777	2.6226473	0.02057587	1.0600417	-2.3328626	-0.7976298	2.8351507	-0.77573407	-0.18548554	-2.4234226
1.950644	-0.60138464	1.4768932	1.6608357	-0.52703923	-2.0634556	-0.0047929375	0.355334	-1.1771313	-1.8183118	-1.4484553	2.1540537	-0.63306123	-0.0361755	-0.9550951	-0.3979324	2.934471	-0.46143457	-0.68562406	-1.5051485
2.3889458	-1.6832063	0.7174585	0.39829227	-2.3743808	-2.306032	-1.7385416	0.87399656	0.5272196	-1.4909936	-2.3164093	3.1957521	1.1467406	0.49719667	-3.317893	0.37245324	3.3479314	-0.5525338	-1.6681089	-1.8892436
-0.16272482	-2.5272465	2.57257	2.8673785	-2.045513	-3.0141516	-0.952643	-0.5580927	-0.92007947	-1.4484394	-0.99726224	2.3357992	-0.011852814	0.44665277	-1.5066578	1.1647052	1.7749289	-2.0817559	-0.2597784	-0.88956237
3.184155	-4.2906737	5.0603213	6.4814625	-6.484064	-7.487392	-3.4778006	2.2566333	-1.3865607	-3.2855709	-6.4786453	8.408265	-0.25659266	0.30966288	-5.8703113	3.0472424	6.9608293	-3.0917175	-5.3322506	-4.823597
1.5461452	-1.7969419	2.0074024	1.2075139	-2.99887	-2.199836	-1.5203648	0.876368	0.703144	-0.51060605	-2.1304657	1.876606	-0.373323	0.49681047	-2.8639233	-0.5509246	3.6241393	-1.1366163	-1.4684445	-1.7336977
2.7779467	-3.3628047	2.5614936	1.7770967	-2.0414207	-4.5687385	-1.0732498	1.4076629	-0.21241538	-0.5813671	-3.8425457	3.7385342	-1.6235629	0.20829016	-4.4797244	1.0661055	4.119251	-2.1882718	-2.3113976	-1.5815314
4.975391	-5.4521937	5.825799	5.3354383	-7.043425	-8.168503	-3.9771786	4.072783	1.17254	-3.2004938	-6.366013	7.0952597	0.124647215	0.67673534	-7.104179	4.255925	7.6393733	-4.2644596	-6.106512	-4.9143534
-0.27937755	-2.1488342	1.170928	1.6154677	-0.61276674	-1.1359364	-1.0692518	-0.06777635	-0.493617	-0.616473	-1.7724144	2.3959835	-0.39210072	-0.22947651	-1.366982	1.763631	0.9154124	-1.3985541	-1.1847479	-0.74969923
1.4183272	-0.06494785	3.7890735	3.902053	0.9519696	-1.0347439	1.7597358	-1.4158541	-3.9178271	-5.318868	-1.5544443	4.1678243	-3.5126388	0.254813	0.9558966	-0.5585626	1.6403443	-1.0471069	0.8662607	-1.5532408
1.0937195	-2.8831844	0.26523748	1.2845685	-2.3295355	-4.297483	-2.5838583	1.4458612	1.0946743	0.07172079	-2.8885243	3.1243944	2.0417626	0.79747957	-3.4077754	1.6506908	2.9536998	-1.8319387	-1.3350264	-1.9568385
4.0346713	-4.1399155	4.1665754	2.8039849	-5.6157193	-4.9883623	-2.5456617	2.1601384	0.5872233	-2.9778779	-3.5476732	5.113376	0.613871	0.5449332	-4.757243	0.66661865	4.9512796	-1.5895612	-3.0948398	-3.9879584
2.000967	-3.2947402	1.3702557	2.75563	-2.9943397	-3.1571221	-1.3738194	1.1994406	0.61073506	-1.2411367	-3.0361772	3.5619202	-0.09731452	1.1785793	-3.5060933	-0.04507001	3.356623	-2.9114814	-1.5219651	-3.0108414
2.646145	-5.536314	4.7114534	5.62488	-6.006376	-6.8806534	-3.3326526	2.6460347	-0.03596559	-2.9212897	-6.320455	7.947463	-0.26015073	0.4335819	-5.648262	3.792752	6.2981615	-4.3452535	-5.6694646	-4.3259206
2.5057635	-1.7409995	1.2970107	-0.06523171	-0.71829796	-1.1452022	0.012344296	0.540427	0.49311477	-2.843465	-1.3322108	2.1572814	0.23306483	0.5606029	-2.280198	-0.22733878	2.2758224	0.29534638	-0.3637929	-2.2413034
5.032476	-5.856253	7.5153923	5.76455	-7.1436753	-8.299803	-4.3052444	4.2775044	2.288091	-3.433632	-6.0837793	6.872882	0.8755305	1.1816489	-6.72655	1.8318087	7.347005	-3.322659	-5.0908575	-6.498083
0.23376746	-1.0854441	0.7246938	2.3334203	-0.8551169	-2.1738398	-0.16712467	-0.39678672	-0.3845016	0.0455179	0.7153617	0.7476421	-0.95677894	0.16549785	-0.6085958	0.25319704	0.30444166	-0.86448854	0.35251525	-1.1176767
3.6778433	-3.461065	3.7668986	2.9596455	-3.5110028	-4.922084	-2.4710302	2.386253	2.056975	-1.479899	-2.3587348	2.9974675	1.0070827	1.1727364	-4.3148894	1.1752228	4.382256	-2.9043634	-3.0032303	-3.1993628
3.540414	-3.6434445	2.6781013	2.548872	-1.964985	-5.2574005	-1.5870878	1.958535	-0.2503773	-1.7556713	-2.6212575	4.5869627	-1.2666647	0.41723394	-5.5643783	2.8259394	5.7642393	-4.378245	-2.7747517	-1.6637131
2.2486982	-2.9147172	1.7212831	2.1870456	-2.541486	-2.8968234	-2.3540092	1.3417324	0.5492334	-1.0491382	-5.2745605	3.9815695	-0.15238667	-0.119951025	-4.1449695	1.4013221	3.4358828	-1.8546503	-3.225493	-2.110758
0.90301096	-1.8668827	2.4103625	0.2460591	-2.1963828	-2.860252	-0.43746677	0.4294984	0.2054217	-1.2391325	-0.19329996	1.9268917	-0.123681396	0.5816526	-3.197526	0.8029889	2.6121156	-1.5868204	-1.0106913	-0.94036174
3.7577512	-5.083064	5.154271	4.0156617	-6.190371	-6.336316	-3.1146517	3.4588041	1.6362553	-1.1131203	-5.784095	4.6626906	0.39342225	1.1441052	-5.6714892	2.2609737	6.012854	-2.8781743	-3.9651098	-3.9205832
1.1216118	-3.2046454	3.0671384	2.0771704	-3.7760544	-4.8971305	-2.8036525	1.6150202	1.5236442	-0.56842035	-2.299974	2.451931	0.104817435	-0.030455647	-4.252138	2.359015	3.4015367	-2.100628	-2.484306	-1.4379907
3.103499	-4.4758387	3.9063554	3.7265587	-5.6837816	-5.9935927	-3.5306795	0.6337432	2.3562994	-1.848161	-2.2556872	4.363858	0.11193658	0.52667433	-3.9038613	1.0266225	4.2953906	-1.9892933	-1.8636655	-4.194291
4.4698906	-3.8848207	4.7181587	5.6385837	-1.8989623	-4.88227	0.54686916	0.9484465	-0.7200221	-4.2277308	-2.5999956	4.540911	-3.204264	0.6352475	-3.2294466	0.48336655	5.7738175	-4.2342014	-2.6348662	-3.09385
1.6783363	-1.6814651	1.174259	0.5868442	-2.8169935	-0.92737585	-1.2247812	1.1249361	0.871524	-0.32557577	-3.0800955	2.258913	0.2892815	0.3146852	-2.4256244	0.41557485	1.7434741	-1.0278986	-2.1960351	-1.4436407
2.2995358	-4.63205	4.539802	4.8507943	-3.5874994	-5.589929	-1.9300241	0.62942255	-0.027056186	-2.72156	-5.193146	5.8404303	-1.0949776	0.77606744	-3.9144452	1.770585	5.130976	-3.479367	-2.5047894	-3.0304866
1.9771332	-2.0112069	3.013069	1.9768702	-3.0693612	-3.4909787	-1.0723866	2.408472	0.5497573	-0.5483556	-3.2546773	2.0168324	-0.23842765	0.16667646	-3.3994176	0.9165326	4.7331524	-1.1124852	-2.442054	-1.6079435
4.0564513	-2.3985782	4.047801	2.6502876	-2.6371582	-3.7475822	-1.915859	2.7539349	-0.93352115	-2.8794212	-4.94901	5.2379723	-1.1952393	-0.18271926	-4.0949655	2.4481354	4.837403	-2.6771386	-4.8111987	-2.673498
3.0229173	-3.7136374	2.4372728	2.8648758	-4.653883	-4.1694713	-3.4985752	0.88795257	0.41843018	-3.5581708	-5.019066	6.6548867	0.47037172	0.11034514	-4.245077	1.4155143	4.355821	-3.504772	-2.537821	-3.4650457
