1.6164222	-2.463468	1.2384436	-0.50065124	-1.7783816	-0.6341878	-1.6101567	2.1924067	2.3198886	-0.33784938	-1.9175311	1.7309588	0.48438844	-0.31180844	-2.3807857	1.0586419	3.0473583	-0.99781406	-2.472807	-0.8355455
1.071506	-4.3461123	2.4993234	3.2770889	-5.7607207	-4.188395	-4.0693736	2.3458755	2.5626383	0.033735402	-2.9423275	2.6509302	1.0394657	0.73934364	-3.9960725	2.1872015	4.283444	-2.660753	-2.3771045	-2.523406
0.63659626	-0.5269996	-0.42582998	0.94540846	-1.3685336	-0.8981506	-1.3060663	0.91355294	1.2311797	-0.46615282	-1.0431376	1.7877067	-1.4020573	-1.124485	-1.5505561	1.0417379	0.22114462	-1.4784989	-2.9337833	0.06762906
0.6922157	-1.0958451	0.5431698	1.7490486	-2.8278892	-2.482995	-1.7617304	0.08823498	-0.6824927	-0.77361923	-1.2975559	2.0433137	0.7244702	0.22040929	-2.2938936	0.37295347	2.6934154	-0.96067005	-0.7458319	-1.8296734
1.084555	-0.81403446	0.4474727	1.0634284	-1.4447173	-1.3746847	-1.3646435	1.0548834	1.9066193	-0.18202686	-1.506117	1.1270832	-0.59961736	-0.002499134	-1.330477	0.7457203	0.5866154	-1.6084768	-1.762248	-0.6931295
0.7267211	-2.339805	1.0740986	0.083731554	-2.3753948	-2.4874554	-3.2698038	1.0228914	3.0190284	-0.37959528	-2.3483677	1.4726759	0.77490216	0.45972487	-2.984555	2.1717203	1.8052665	-1.6865705	-2.2306879	-0.9065937
0.22851506	-1.3446659	0.77533567	1.9302336	-2.309095	-2.0043824	-1.4007753	0.0466536	0.11732164	0.6388361	-1.1381729	1.1066405	-0.23404704	0.3160218	-1.9041071	0.60172355	1.0981922	-1.1678845	-1.0424302	-1.3334537
2.5140324	-1.8898354	0.94344723	1.549225	-2.8033888	-1.9534069	-1.6487244	0.8167623	0.71960425	-1.5078871	-0.7194438	1.9780451	1.1877751	1.0449749	-2.7613227	-1.1336448	3.4398901	-0.6820154	-0.38272575	-2.3299704
2.2873442	-1.6189253	0.82760066	1.215195	-1.5743662	-1.6603956	-1.5053711	0.0045501813	1.1396203	-1.8827436	-1.3266867	2.2789795	0.94027925	0.7272873	-2.082202	-0.18702294	2.8018303	-1.3256713	-0.73283875	-1.5443814
1.3985246	-2.4067788	0.20809631	1.0766186	-1.7667085	-1.4108294	-2.406706	2.3670313	3.4845977	0.41910577	-2.9524214	1.6202163	0.35343802	-0.1380555	-2.7906053	1.5045751	1.7181634	-2.186896	-2.4483318	-0.73014045
0.4927598	-1.7700335	0.8288206	1.4284592	-2.3669744	-1.6384288	-1.6915473	0.9553581	1.2775705	0.07825241	-1.0419258	1.2365545	0.22125432	-0.27179542	-0.7751623	1.7656721	1.995908	-1.4558831	-1.8658577	-0.37515414
0.5120392	-1.715859	1.4672301	2.6594653	-2.4659762	-2.8561924	-2.4794288	-0.3461626	-0.067315735	-2.004357	-0.7082321	1.7224429	0.22749314	0.41836324	-2.313206	0.34213033	3.1284022	-2.1255941	-1.8126578	-2.5132542
1.776132	-2.2280946	1.9901537	2.4951332	-2.508349	-2.995589	-1.717349	1.3901448	0.79550815	-1.2359645	-2.3757074	2.318572	-0.20366819	-0.010392073	-2.635571	1.5505098	2.556364	-1.6366004	-2.6246972	-1.3805242
-0.47709084	-1.548166	-0.37350088	-0.08781096	-0.85667706	-0.89845675	-1.789134	0.65665454	0.2507431	0.27993962	-1.916204	2.1246076	-0.28778437	-1.0920428	-1.3008257	2.9306078	-0.840385	-1.9112767	-1.7613535	0.6253587
2.0474653	-1.0690645	2.4375236	2.552233	-2.9938238	-2.8281844	-1.3715054	1.1392859	0.57158065	-1.6832467	-0.8187124	1.6469476	-0.2511717	0.4056435	-2.420918	1.2965839	3.0029507	-1.5138035	-1.7966121	-1.7902343
2.0849898	-1.9912666	2.436996	2.4026027	-4.5162773	-4.6772423	-2.0398695	1.9432877	2.138626	-0.11686633	-1.5162314	1.3997117	1.0657675	1.5885996	-3.446809	0.7646339	3.7147548	-1.6563256	-1.5580887	-2.3675635
1.2225635	-2.4569943	1.0646021	0.93382055	-3.3063738	-1.4232697	-2.8211977	1.173369	1.6480482	-0.2608172	-2.3193607	2.1696541	1.0629165	0.47506508	-2.941411	1.3768241	2.3318725	-1.2189807	-1.3656822	-1.8932704
1.0402075	-1.9629902	0.29543194	-0.05681654	-1.4529412	-0.63606274	-0.7440715	1.4549811	1.4165434	0.40087602	-0.2002644	1.3857415	-0.67969155	-0.027758775	-1.8167504	0.020966709	0.85767955	-1.0786524	-0.27764365	-1.0116029
0.42158574	-4.158173	2.9593563	1.9915388	-4.801972	-4.163807	-4.0771694	1.6244222	2.218364	-1.2884594	-3.6513839	2.587006	0.8249069	-0.055702724	-4.4496393	3.9368265	3.1860514	-2.8643765	-3.3493524	-1.8778849
1.828603	-2.7878618	2.3764179	1.8813218	-1.8496459	-1.9383291	-2.1573577	2.133831	1.6078234	-1.5493329	-2.9282444	2.045774	-0.10821138	-0.08594362	-2.2953353	2.0757294	2.2703156	-2.4902856	-2.9273074	-1.0070016
1.5355895	-1.8440053	1.5043013	2.9029174	-2.4042675	-2.3298855	-1.811256	1.9089468	2.442757	-0.081591666	-2.1055334	1.5824201	-0.029473921	0.7561231	-1.9386256	0.5813593	1.7539525	-2.2007506	-2.4668245	-1.5667318
-0.20088921	-0.89605296	1.2525018	0.6390519	-2.2810278	-1.9914874	-1.9386934	0.89370346	2.0358002	-0.42645392	-1.9920366	1.430555	0.28469294	0.20495632	-1.680458	1.7093841	0.7925105	-1.208356	-1.1288959	-1.4298835
1.3491157	-1.8964123	1.5958005	0.5039293	-2.6310909	-1.2455814	-1.7370281	0.97138494	1.1884836	-1.5159025	-2.0902398	2.141585	-0.029368162	0.39923656	-2.1800725	-0.08790406	1.8454274	-1.3382025	-1.031244	-1.7971096
2.2442544	-2.754917	2.470258	0.8179745	-3.2709758	-2.5836487	-1.6960324	1.896197	1.3666232	-0.01765674	-2.169808	1.7505571	0.79389143	0.9991259	-3.0044236	-0.26838425	4.1234508	-1.2342852	-0.7919423	-1.7663293
-0.519072	-4.7713656	2.6784754	4.380807	-4.0744767	-4.7778406	-2.737202	3.1167018	2.8846025	2.444191	-3.9135761	1.524658	-0.08627605	0.90328723	-3.2569363	2.9953027	3.2517352	-3.344233	-1.187375	-1.7512269
0.38604444	-1.7959284	2.0331867	1.609395	-2.2666683	-3.1393754	-2.4348588	-0.95087034	1.6496928	-1.4717714	-0.50243837	1.4607893	-0.9555903	-0.4040294	-2.4326227	2.1460798	2.1833472	-1.7347338	-2.7122924	-0.5847253
0.0018101314	-2.2296884	1.1368437	3.411167	-3.302696	-3.7559352	-2.603193	1.0429265	0.54021096	-0.33869272	-0.70326895	2.1399415	0.16321613	0.0845131	-2.1318254	1.4221578	1.7013397	-1.9880713	-0.30593166	-2.2213044
3.2139084	-1.2713078	1.2196656	1.9053173	-2.1678271	-2.2529423	-1.6503745	0.34408796	0.3022193	-2.3545022	-2.446775	4.095826	-2.1444309	-0.6568257	-3.058313	1.0282706	1.3224893	-2.9351368	-4.01395	-1.1380332
0.9453356	-1.2947711	0.345584	1.7019421	-1.1850951	-1.1894795	-1.8485482	1.841358	1.2964194	-0.7675145	-1.6964132	2.443176	-0.86804944	-0.79432905	-1.0115892	2.4239466	0.53998196	-2.1400554	-2.750657	-0.84009236
0.07246224	-0.83023584	0.10615014	0.8580655	-1.31608	-0.505265	-2.3675132	0.0930493	0.3909905	-0.7243143	-1.1130658	1.2620972	-0.52687114	-0.6474041	-1.5406208	0.41919506	0.043923303	-1.120451	-1.5183725	-0.6506102
1.7748693	-1.8705697	0.20747839	1.5797403	-2.5988212	-2.5549583	-1.3507109	-0.0047726515	-0.24057654	-1.7195061	0.72828853	2.867174	-0.10498021	0.6543156	-3.0281527	-0.20685272	2.6664257	-1.7796246	-0.40620482	-2.0946977
1.3162488	-2.6056535	2.5129278	2.0151112	-3.3569927	-2.0762756	-1.330106	1.2158083	1.0528256	-0.59823775	-2.0445962	1.7194984	-0.25754684	0.31425887	-1.7884587	0.7569841	2.5881624	-1.0828481	-1.6492056	-1.7703012
-0.5836392	-2.4721718	0.81319016	1.1217319	-1.0816212	-2.5348823	-4.325336	-0.61706096	0.48424518	-0.036922716	0.91047776	3.2531962	4.5009456	0.41060343	2.5745552	-0.14278437	-0.83660066	0.8533619	1.61261	-1.867376
1.6030155	-2.3354387	1.540951	1.6069332	-2.738293	-2.382393	-1.7076491	2.1953444	0.6244641	0.6081688	-1.691405	1.8816286	0.3810394	0.58932245	-2.7597258	0.8774625	3.6634936	-2.0725825	-1.1526337	-1.4841335
0.016139613	-2.0172913	0.13789572	1.474039	-2.389637	-1.7474879	-2.0210333	1.2960855	0.19617848	0.92823905	-1.6709578	1.1459036	0.45151109	-0.11422027	-1.4222176	1.6504843	1.0663068	-1.7319684	-1.9309157	-0.4416271
-0.8562188	-1.767521	1.7532027	1.1192001	-0.4333951	-2.3803165	-0.34758666	0.53715837	1.2002361	0.6385283	0.06643869	-0.09266216	-0.98083574	0.8300146	-0.9760497	2.006518	1.7550464	-2.283099	-0.008798956	0.023113206
1.877297	-2.1139162	0.36987352	0.3778388	-2.6266232	-1.9157846	-2.0577135	0.4656796	0.9079574	-1.7891394	-0.46852595	2.8294683	-0.19499072	-0.600396	-2.1612918	1.7601607	1.9519202	-1.8682145	-2.2512176	-1.032797
1.9415228	-0.70089865	0.6728762	1.4869139	-2.4797869	-0.97132546	-1.9630022	1.8344431	0.6530297	-1.8143857	-1.8333981	3.0170841	0.21243998	-0.09137356	-2.6115172	0.84654	1.4058534	-1.3729342	-2.1230404	-1.5136471
0.7610968	-0.5641793	-0.33745396	1.8494653	-1.9654083	-2.7763302	-2.2380674	0.12466522	0.7500143	-0.57738703	-0.6772685	1.6268946	-0.17911553	-0.01598902	-1.9925289	1.3580985	1.5516926	-1.2943507	-1.4900799	-1.2976409
0.5588006	-1.1234875	0.4525503	1.8021609	-1.3380945	-0.79204863	-1.1250237	0.76872945	0.050987758	0.39100918	-1.9737792	1.2111249	-0.4086638	-0.27488953	-0.80899477	0.607734	0.39990875	-0.7840555	-1.7036805	-0.85653365
0.7658743	-1.6150113	2.389268	1.5537934	-3.053779	-2.623772	-1.7006127	1.387453	1.1067599	-0.124491856	-1.7065237	1.0395346	0.9682988	0.84449387	-2.479954	1.9656788	2.5971596	-1.0374768	-2.1820736	-1.3401905
0.3237195	-2.1045358	1.4833102	0.8490252	-1.7130331	-2.0037518	-0.89120907	0.8061472	0.44574896	0.32933766	-0.95841056	0.5874289	0.51307034	-0.5470234	-1.1552515	0.8239438	1.028713	-0.39537874	-1.0788814	-0.7413675
1.5058669	-2.2573032	1.4686974	1.8999819	-3.9377906	-3.0492187	-2.8440733	1.0112336	1.2184306	-1.2138668	-1.6812454	3.3831472	0.6351631	0.1624643	-3.1205642	1.6894882	2.08223	-0.9096633	-2.0241683	-2.0415359
1.9681865	-1.0434506	-0.4975581	1.0087731	-1.8990836	-0.9563835	-1.4643658	1.466627	1.4947531	0.09949174	-1.854934	1.548288	-0.23248726	-0.6086052	-1.8300169	-0.056702334	1.5331374	-0.73250806	-2.0217779	-0.96235067
-0.14000481	-1.9764295	0.48179102	1.8406601	-1.4891788	-3.1488256	-1.6240093	-0.36197916	0.77942115	0.13689835	-0.77999645	1.3442487	-0.6595569	0.9343051	-2.324821	0.80512667	1.6209791	-2.7019315	-0.15970546	-1.2988011
-0.5475749	-1.3528844	0.4566949	0.18792932	-1.1475232	-1.2882164	-1.7939786	0.2935596	0.933061	-0.7775072	-1.5803407	1.5073147	-0.24067517	-0.40304404	-1.8745205	2.156969	0.7433602	-1.494161	-2.3361301	-0.31594935
0.757984	-2.6452327	1.2111769	1.7409958	-3.1235497	-1.6625777	-2.6205866	0.97781825	1.6159663	-0.1119445	-3.2065802	1.1602615	0.30398494	0.4583518	-2.2008078	1.6188232	1.7848674	-1.8958257	-2.0302525	-1.1518669
1.6825454	-3.1063488	2.1046824	2.7028942	-6.482193	-3.5734851	-4.755471	2.0264354	2.7629993	-0.2410026	-3.6067188	3.8506598	0.97639596	0.41981682	-3.9815342	1.6398742	3.613362	-2.5005865	-2.6978629	-2.2020578
0.26763272	-3.0797822	3.594887	2.1031137	-3.1559842	-3.3823328	-1.7072453	1.2151132	1.580466	-0.65389085	-3.6143284	1.5650314	-0.36374235	1.0516897	-3.5336435	0.8360015	4.3003993	-2.1732512	-1.7481287	-2.2065878
1.0657861	-2.034939	1.552544	-0.1735827	-3.0364475	-1.8292282	-2.021928	1.1261969	1.7070324	0.09505405	-1.8027184	0.9952704	1.2969334	-0.098652385	-2.1731205	-0.17081468	2.023327	-0.46413174	-0.7165717	-1.4360535
0.6687376	-0.46990222	0.17952573	0.7562687	-0.9444492	-1.0113108	-0.4115118	0.38783476	1.372302	-0.42969766	0.5635419	-0.1888524	0.29067993	0.14080812	-0.5874403	0.021811731	-0.25253966	-0.094726816	-0.33990943	-0.86902046
-0.3083058	-1.7452871	0.8518621	1.5445148	-1.5226446	-2.427524	-1.0898062	-0.3431445	1.0143449	-0.032625094	-0.076012745	-0.21684866	-0.18654679	0.8325607	-1.8876612	1.3691604	1.9892544	-1.8039484	-0.825775	-0.611913
1.8645693	-1.9979048	2.3302333	2.0851216	-2.2760599	-1.7684408	-0.83594036	1.7459602	0.9860649	-0.83814204	-1.4047502	1.5092528	0.21406677	0.7642026	-0.99240315	0.10780116	2.0982172	-0.86056626	-0.39652064	-1.9099979
0.11318411	-1.1967818	-0.27420136	0.8034656	-1.7791723	-0.87656057	-1.8427484	0.67031497	1.1564555	-0.30989015	-1.7823343	1.9973402	-1.5270725	-1.0546634	-2.3190646	2.2996368	0.70264685	-2.271809	-3.211024	0.024768513
2.0300314	-0.8471671	0.02372201	0.7716858	-1.8740829	-1.2689222	-1.7917905	2.1450007	1.7334585	0.1288913	-1.4496303	2.2742963	-0.12918276	-0.25835738	-2.4329765	0.6661784	1.5396683	-0.24915586	-1.4248165	-1.5043834
0.5165578	-1.9982119	1.6307598	1.0582134	-2.0824187	-2.128893	-1.2398663	1.7540444	2.2057345	1.1615319	-2.4065347	0.07469169	0.29420635	0.99409777	-2.5468178	0.49143934	3.1270447	-0.98184663	-0.6296869	-1.2276324
-0.7395904	-1.4105984	0.894237	1.4963661	-1.53789	-3.0686514	-1.2202235	-0.3182341	0.6902266	0.22226597	0.08431423	0.7127753	0.1680099	0.7873345	-1.3305256	1.3279202	1.0350889	-1.7732431	-0.22654647	-1.103314
1.1372885	-1.6879995	1.3144057	3.20299	-2.2467828	-3.1681252	-1.0681295	1.7074382	0.7599518	0.36876872	-1.2566843	0.6949575	-0.5539766	0.23402993	-1.313512	1.0744367	2.2531426	-0.912218	-0.985301	-1.5588799
0.7662013	-2.0544171	-0.44159117	1.883648	-2.6172044	-2.1002321	-1.83661	1.220586	0.6082828	-0.857605	-0.7617522	2.5451117	0.94745535	-0.17386654	-1.4709176	1.3057963	1.4919031	-1.7204865	-1.8607315	-1.4717962
2.3752704	-2.6168008	0.96123993	1.9652135	-3.954357	-1.9042321	-3.7213638	2.3305013	2.5192027	-1.0911802	-2.4319074	3.8501222	1.1492326	0.626244	-3.5816069	1.2014996	2.7812262	-2.5872657	-1.6921132	-2.8865278
0.26372993	-0.9583559	1.1733408	1.1822196	-1.7620456	-1.7569685	-2.2617927	0.6462775	1.6046934	0.84993607	-1.0813034	0.9062769	0.89171356	0.30555725	-1.6487442	0.059285283	1.5535716	-0.80902594	-0.75407064	-1.1731144
1.2662432	-1.0521613	1.173144	0.9590937	-1.5977731	-1.0024765	-0.4795215	0.27289233	-0.92688775	-1.1821792	-2.0869627	1.908229	-0.23861341	0.08838881	-1.3258789	0.63893086	1.0597124	-0.761296	-1.8947793	-0.9378262
-1.0844736	-1.3264656	0.17298336	1.2629483	-1.7166092	-2.2440684	-2.6293883	-0.7770804	-0.34586608	-0.8370872	-1.6522896	2.061914	-0.15372379	-1.0120322	-0.8851474	2.0673845	-0.40663102	-1.6636114	-1.5796489	-0.029720318
0.40561473	-1.3480729	0.15206946	2.978892	-1.982246	-2.3399084	-2.8318274	0.8960903	1.2384005	0.011277992	-1.2675595	1.9974997	-0.9159311	-0.46864453	-1.5959833	2.1659749	1.417888	-1.8175963	-1.7301496	-1.0382003
1.6658309	-1.2028232	1.1285604	1.020021	-2.4018946	-1.6467456	-0.6747298	0.44465083	0.01350824	-1.2797931	-0.10418802	1.1785384	0.31585938	0.76539963	-1.6521939	-0.24467169	1.9037498	-0.820034	-0.41297525	-1.8099239
2.0737402	-2.3490536	0.9957765	1.9565532	-2.0637958	-2.1371644	-1.7409403	1.3392406	1.1269572	-1.0230609	-1.2825377	3.1145658	0.58135	0.89390796	-1.8019129	0.45211926	2.6364474	-2.1574774	-0.7658409	-2.025924
1.8933206	-2.1018956	0.9343159	2.0886607	-4.5487857	-2.2761836	-3.0225601	1.4137017	1.786704	-0.79653203	-2.845465	1.9463938	0.86459917	0.55053365	-2.765985	0.45604163	3.3635647	-1.7076241	-2.7574782	-2.3190155
-0.077751026	-2.054097	0.42990637	2.5044909	-1.1951005	-2.608012	-0.16909555	1.2204807	1.2186971	0.40625918	-1.4017076	-0.25817806	-0.7116312	0.7968272	-1.5135314	1.793232	1.32006	-1.5199893	-0.74220985	-1.044907
-0.07584645	-2.8509085	1.9051667	3.2729633	-2.827694	-4.147066	-1.9611132	-0.24249315	1.1381361	-1.4010739	-0.5564299	1.7013619	-1.1117665	1.1450574	-2.2956772	1.310778	2.4298155	-2.7435527	0.20784579	-1.7774014
1.0300223	-1.83267	1.9896706	1.6153523	-2.3520954	-1.4039224	-1.4571584	0.6515634	0.56708634	-0.5610997	-1.5717311	1.6317099	0.21540341	-0.1993601	-0.9041407	1.3341445	0.6427909	0.000197438	-1.8387926	-1.6494817
-1.4468248	-2.3719258	2.2896445	1.116381	-2.5399067	-1.68552	-2.5170517	-0.40646622	0.83583105	0.7307211	-2.1148512	0.032974556	0.52421653	0.45665464	-1.5132555	0.4206796	0.3596014	-1.0543408	0.107304774	-0.27891654
1.8233651	-1.7974615	2.3632627	2.1111648	-2.9595041	-2.5904698	-1.2032585	1.3081229	1.7234685	-1.3294742	-1.245207	2.0387962	0.19767871	0.791905	-2.3786829	0.22910197	2.4444227	-1.3469758	-1.5272149	-1.9707029
0.66476685	-2.3773098	1.204298	1.7212492	-2.6321845	-3.089419	-2.359527	1.9483746	2.5612597	0.8598625	-1.893101	0.5936711	0.09661544	0.22036722	-2.517019	2.2028549	1.4138421	-1.992969	-1.9877003	-0.82937086
0.8059768	-2.1261709	0.18250471	0.3897025	-1.3742893	-1.2302154	-2.148221	0.9678744	1.486965	-0.020292386	-1.0406201	1.2910955	-0.47575256	-0.1527669	-2.8037663	1.5255662	0.42450932	-2.4010315	-1.8549527	-0.1957674
1.1108744	-1.0779682	0.78014255	0.99473053	-1.3559457	-1.1743951	-2.1413114	0.7827508	1.5368782	-1.00039	-2.1062505	2.089311	0.021047285	-0.4845181	-2.0458705	0.812143	1.5912017	-0.90727395	-2.4146473	-0.89291745
0.6173381	-1.8434935	1.0085175	-0.26603886	-1.6185361	-0.6020878	-1.8638259	0.7593244	1.6327893	-0.76132375	-1.2474984	2.3078306	1.1040311	-0.37326583	-1.649737	0.5335656	1.0863806	-0.8241648	-0.5780693	-1.151491
0.5870172	-1.8206177	1.1411439	2.0546858	-3.7460854	-2.388777	-2.7077327	1.3064635	2.2092571	1.3025595	-1.7213508	1.23814	0.43987364	0.41741383	-2.083714	1.6102914	1.5614896	-1.28366	-1.3122591	-1.1784813
1.1785074	-3.8691747	3.4270637	3.5032375	-5.4729996	-4.6528506	-4.9309244	3.0450716	3.3292549	0.24604453	-3.3220577	3.0260515	1.1834184	0.7750919	-4.7024083	2.4884655	3.1773453	-3.5576813	-2.643176	-2.3591096
1.5992734	-2.45241	1.3342694	2.2527347	-2.7746918	-3.0921483	-3.1856322	1.4151872	2.0780942	-0.6017362	-3.0993433	2.3520582	-0.25972268	-0.13247286	-3.0167813	2.088934	1.854715	-1.6720948	-3.192084	-1.8774476
1.4193013	-2.1624727	1.7418708	2.307899	-2.1407442	-2.4379296	-1.426817	1.0230594	0.47976673	-0.049789894	-0.8174159	2.0177372	0.31275642	0.61865944	-1.8344259	0.6545889	2.2194316	-1.2162095	-0.077905074	-1.4381188
3.3991704	-2.8822134	2.3832989	3.9216492	-4.9067454	-3.625583	-3.1975079	1.9630834	2.127308	-3.3305385	-2.7741933	4.0303903	0.9049887	0.4455064	-3.732492	0.6935844	3.1883936	-2.3033705	-4.213714	-3.8057997
1.4991522	-2.1395645	2.162085	2.9379215	-4.1020474	-3.3038723	-2.4279745	1.453199	1.3794535	-1.1009332	-2.5267496	2.2037783	-0.54609746	-0.09978364	-2.8150854	1.0691737	2.1205974	-1.4389261	-2.2861664	-2.133632
-0.18222256	-3.9899082	2.001824	2.3579998	-4.3210855	-3.6909184	-3.4574523	2.2842996	2.1326509	0.82511425	-2.6921272	1.492297	1.4687898	0.061634813	-3.1241376	2.9583948	2.1001713	-2.0000083	-1.4769562	-1.3265918
0.9723677	-0.7151207	2.3104632	2.483218	-1.1435875	-2.5423548	-0.3711566	0.7163233	0.51931876	-1.3609444	0.15375707	1.0865275	0.0622222	0.6148523	-0.85402477	0.6642972	2.2640176	-0.8887031	-1.1327131	-1.8214967
1.3213364	-2.8984492	3.040746	4.4039426	-5.7935405	-4.535164	-3.9354002	2.8506937	2.0766842	0.19134153	-3.7625515	2.5478835	-0.19894531	0.46309862	-4.473934	2.1805995	3.3897858	-2.808237	-3.694944	-2.951899
0.8668227	-1.6510321	1.2994673	1.8360972	-2.7749865	-2.7964816	-1.228307	1.7842982	1.4442518	-0.80629987	-1.3485103	1.940927	0.31839657	0.18062244	-2.1392899	1.5349989	2.4483187	-1.636262	-2.44255	-1.804474
1.4329445	-0.42020944	-0.11108525	1.662167	-0.40722728	-0.7311314	-0.6419032	0.21625456	0.40632656	-1.2278949	-0.7386408	1.0235772	-1.24101	-0.46654245	-0.3505307	0.17539087	0.84822285	-0.76414114	-1.756531	-0.45730054
0.9147787	-2.2862527	2.5971766	4.116526	-3.5596297	-3.1930208	-2.162396	2.0520108	-0.011221169	0.08394787	-3.070005	1.864923	0.46496657	0.21038094	-1.62846	1.4427289	2.7169757	-1.584634	-1.7238755	-2.0427446
0.90935594	-1.4178337	-0.041720137	0.76611143	-2.1044524	-1.6866714	-1.4671582	0.28846824	0.016025571	-0.96470356	-1.5529195	2.3767247	0.34698814	0.30128643	-1.7648406	0.049740534	1.0702232	-0.8962803	0.28463417	-1.0409561
1.0412841	-2.328509	2.8608134	0.9351413	-2.6625652	-2.1123385	-2.0508854	1.3745164	1.3363158	-0.51235104	-1.5179639	1.1156061	0.9481064	0.2314889	-1.6202427	0.88977385	2.2537286	-0.91495496	-0.8637553	-1.3274684
1.3630614	-2.2325933	0.3206185	1.7427051	-2.8455293	-2.688636	-2.7902396	0.8547576	1.9925289	0.27160543	-0.7024494	1.2677863	0.1562518	-0.11192932	-2.0255384	0.9880858	1.4361902	-0.6504535	-0.8063173	-1.4201536
2.8562522	-0.72012234	0.9138128	1.7595769	-2.122713	-1.4473087	-1.6784304	1.3069137	0.20489477	-1.9336399	-1.9068118	3.4985619	-0.5824108	-0.19963449	-2.8376405	1.107941	2.065103	-1.1389481	-3.1736305	-1.7722111
0.8468146	-0.7868515	0.40898508	1.6824626	-1.618699	-2.2651546	-1.3785177	-0.14891735	-0.7439891	-1.2133573	0.57364523	1.2992697	1.2804885	0.6491872	-0.60200447	0.4406161	1.3219074	-1.3567748	-0.10130051	-1.5692455
0.311216	-2.3181565	1.9146605	1.7049801	-1.9272584	-1.7115921	-0.9051852	1.6126125	1.4309235	1.1909084	-1.714631	0.72613984	-0.050672285	0.22660087	-1.007367	0.7413793	1.4427592	-0.81761676	-0.6377272	-0.80169314
1.137126	-0.25412786	0.69940317	0.711342	-0.9052494	-0.6068564	-0.9144974	1.5482395	0.78149265	-0.8331734	-1.0410997	1.4147481	-0.5154829	-0.14745937	-1.7143521	0.25539294	1.1632737	-1.0723283	-1.6410396	-0.49440208
-0.39931852	-1.6268579	1.0337853	1.5493971	-1.2708049	-2.2805939	-1.1693664	0.64267474	0.6583408	0.07159159	-2.1545289	0.80553645	0.28776702	0.472591	-1.5805976	1.8685997	1.4158359	-1.7933073	-1.0910193	-0.4750742
0.61625344	-2.4782774	0.33893955	1.6977434	-1.3963717	-1.6621885	-1.3597698	0.96816975	1.6735476	0.46778557	-1.0313245	1.260909	-0.32614544	0.5055016	-2.416514	1.2154315	1.3855578	-2.8968546	-1.1523799	-0.9376147
1.7434608	-1.4644234	0.662805	1.5167513	-3.334581	-1.6193199	-2.7362971	1.5471241	1.2064338	-0.9391985	-2.9345586	2.7112825	0.16534206	-0.47027194	-2.3233995	0.2549612	2.759041	-1.8779252	-2.8552012	-1.0760841
-0.11719172	-2.587329	0.7461748	1.3188171	-2.6476068	-2.1686707	-1.7366995	1.0104835	1.8425785	1.078178	-1.5573792	0.7713407	-0.11461699	0.70935005	-2.396754	1.5331199	1.2748154	-2.1130893	-0.55962616	-1.1530236
1.169473	-1.8922083	1.829084	1.5568117	-3.101253	-1.7665596	-1.1158926	1.5528358	1.043801	-0.08176843	-1.3779217	1.4404817	-0.11404016	0.080361865	-1.4301472	-0.2971068	2.2035813	-0.34824795	-0.6397585	-1.7268791
1.532529	-1.581894	0.092728935	2.249038	-2.9577034	-1.1507304	-2.601944	1.5602254	1.3210812	-0.9234387	-1.8142716	2.6531012	-0.32705912	0.04544757	-2.4758756	0.29897046	1.5345712	-1.6846628	-2.2739503	-1.3245856
2.4385269	-1.3318986	2.636848	2.9616926	-2.926053	-1.391917	-1.7106624	1.6843532	0.56498086	-1.870475	-3.2572277	3.4911466	0.47551748	-0.20962314	-1.5180482	0.41696224	0.90290326	-1.9364672	-3.207954	-1.5176864
0.8870415	-1.2821447	0.19810581	1.2036582	-2.197751	-0.64467895	-2.5647132	1.3080518	0.66908133	-0.35809773	-2.4028397	2.4133906	0.11060096	-0.6506995	-1.3919209	1.412323	1.1768371	-1.6937295	-2.259269	-0.5490638
1.6842208	-0.8466335	-0.8318827	2.5833936	-2.8356144	-1.0726589	-3.3857024	0.8346348	1.0966964	-1.8523015	-2.415976	3.9055865	-0.14438537	-0.47902998	-3.1781857	0.010963748	0.92398584	-2.5483642	-3.845589	-1.4875183
1.0247357	-1.4217598	1.2667452	1.1176752	-1.6760192	-3.122047	-1.6340097	2.4482167	1.8277739	0.26393038	-2.1580622	2.3948443	-0.17548245	0.75657505	-3.5408933	0.86041045	2.6396272	-2.2503827	-0.74836856	-1.4569799
-0.38013107	-1.8062503	0.7176799	0.39689213	-2.4178953	-1.7601576	-2.3153672	1.2419224	1.0245444	0.9990875	-3.0291595	1.2863624	-0.21914636	-0.3470253	-2.4369047	2.4379675	0.3661755	-1.4869953	-1.4340184	-0.08800763
0.48971114	-2.1371312	1.4686722	1.448495	-3.8375487	-2.894387	-2.109808	1.271368	1.1088301	0.16092144	-1.5503185	1.1812829	0.24097851	0.20755167	-1.6531125	0.944381	1.9157909	-0.81029946	-0.48816895	-1.5336878
0.98222804	-0.93092597	0.28032103	1.1843499	-2.2622309	-2.0904925	-1.4686402	-0.3062724	0.072610475	-1.2417085	0.23632915	1.4654322	-0.23365644	0.4757136	-1.4632761	-0.009561536	2.0314183	-1.9152898	0.33652255	-1.4103403
2.6409466	-1.7181755	1.3194811	-1.031257	-2.2420723	-0.8793689	-1.1815003	1.5803896	1.5361005	-0.553691	-1.3826733	1.7013915	0.47096238	0.6826938	-3.4576318	-0.5957421	2.7267528	-0.38544405	-0.7600294	-1.3492911
1.1545085	-1.8110356	1.2260803	0.4300962	-2.7898424	-2.1139433	-2.0001044	1.9076498	2.2421823	0.35545427	-1.2157359	1.7706635	0.40938124	0.5682945	-3.4303896	1.3620677	3.0361938	-1.151304	-1.4327275	-1.4083083
0.36277294	-1.3802419	1.2153598	1.7511486	-0.5635315	-2.488496	-1.0642421	-0.88862854	0.20503469	-2.456937	-1.1893966	2.305079	-0.5873455	0.28420946	-1.5109665	1.7118549	1.5589904	-2.9475937	-1.4823503	-1.0273616
0.47195223	-1.3669585	1.1203467	2.856892	-2.5539773	-2.489669	-1.3386221	0.57986325	0.6330869	-0.25142634	-0.92448753	0.15023936	0.32945442	0.82597244	-1.3868357	0.85855657	1.9306802	-1.1346421	-1.2733973	-1.3384326
0.28801873	-1.5426204	0.4404607	1.6367445	-1.999531	-2.0505939	-2.5674648	-0.3214449	0.3764317	-0.77142805	-1.8725048	1.8292977	-0.10571427	0.23338562	-2.2352188	1.1947473	2.9103239	-2.092907	-1.3048538	-0.8246364
4.7205033	-3.920864	1.2430681	-5.3327518	-5.4736905	-3.2159634	-4.2520742	0.82236356	4.9564	-1.2550281	-1.1930441	2.4698277	4.0433774	1.3379066	-7.8664293	-0.14321548	7.994976	1.1432799	-3.110702	-4.2940264
0.026512036	-1.2866633	0.4523728	1.3566898	-0.32808155	-0.8246102	-1.7845467	0.04299318	0.26381934	-1.9484065	-1.7502897	1.9140576	-0.83513874	-0.8695725	-0.96766984	1.7140359	-0.21615013	-2.1050098	-2.4141238	0.0824645
-0.48793882	-2.0543814	1.7102692	2.3633964	-2.5352411	-4.1198483	-2.0190039	-0.3465912	0.19241822	-1.1671301	-1.4908619	2.3368201	-0.0643761	0.9980916	-3.1028378	0.9098991	2.7665532	-3.2150292	-0.59403175	-1.997624
0.9078625	-1.9142926	0.98065174	0.7288069	-2.0831327	-1.4250804	-1.1154675	1.1222591	0.5286345	-0.78423804	-1.5407065	1.4539648	0.39660445	0.4015409	-2.2020123	0.45831665	2.3617074	-1.3021615	-1.0490172	-1.7392802
3.2627087	-3.2323024	2.918076	2.201811	-5.18898	-4.6532845	-3.7610776	2.4466417	1.5488707	-2.3669736	-2.839107	5.544057	0.10136224	0.38143104	-5.455932	2.652976	4.8801727	-3.518358	-3.815782	-3.7383273
0.17013429	-1.9486198	0.66189575	1.7017605	-2.2161782	-1.8121508	-1.885328	0.85137856	1.3566833	0.071742795	-1.484182	1.2849793	0.15631777	0.25279558	-1.5810142	1.5970227	0.97079426	-1.5356487	-1.0013896	-0.78575295
0.44133863	-2.0191746	1.8113192	1.5593654	-2.5803905	-2.1864643	-1.8577776	0.7879344	0.7167443	0.5052782	-0.8954844	1.1569614	0.034882378	0.50617665	-2.0826142	0.7354682	1.918866	-1.7996955	-0.85470194	-0.5619993
0.8334645	-0.76624435	1.1135451	2.0614126	-2.2410886	-1.3274633	-1.2962936	2.1311939	0.96148914	-0.08119308	-2.0426826	1.4158294	0.70518994	0.14710979	-1.8751308	1.8558807	2.1088278	-0.79929715	-2.30332	-0.93497354
1.6153879	-0.5094109	1.9618939	2.3598347	-1.9145309	-1.5763353	-1.3930478	1.003414	0.81938994	-0.7806187	-2.436063	1.0074508	0.029474873	0.34763265	-1.4362414	0.3522461	1.1849447	-1.7876724	-2.3813345	-1.2372055
0.82221955	-1.9294164	-0.25721684	1.6783354	-2.336429	-1.7329454	-1.2953181	0.7583399	0.23285875	-0.6571334	-0.89862037	3.0102344	0.4852913	0.6377377	-0.90499765	-0.054983307	1.9438972	-1.9896427	-0.23814161	-1.9528571
0.85276234	-1.5703834	0.7729684	0.9671974	-1.2992109	-1.2404212	-2.2885008	0.5836679	1.8523389	-0.7953991	-1.8505331	1.24659	-0.2223598	-0.293399	-2.193667	1.0646809	0.84133524	-1.6618356	-2.0835786	-0.67984694
-0.25518936	-1.7637799	2.6476398	1.4064639	-2.6343377	-2.4922	-1.3471282	1.3211418	1.1424664	1.0095191	-1.4109093	0.12366066	0.5887286	0.9578272	-2.5036018	1.1237216	2.2276912	-1.376721	-0.40564084	-1.3454576
0.3777768	-1.6761614	1.1484865	1.6277959	-1.5774486	-1.3780881	-1.696121	1.090326	0.36256638	0.5437356	-1.7671111	1.1104418	0.37751922	0.15399222	-1.2076055	1.3099887	0.5763138	-1.3020996	-1.0377561	-0.5746605
1.5200249	-2.017716	0.93916845	1.0580906	-1.9145799	-1.0746922	-0.9001677	0.98599595	0.3721335	-1.3337338	-0.94461465	1.3821373	0.80759615	1.0221282	-2.0778673	-0.18989953	2.4494264	-0.9107471	-0.08536206	-1.4356238
1.460168	-0.87618774	-0.20715883	0.8057529	-0.79612464	-0.5672261	-0.9778087	0.7743742	0.4799392	-1.0384191	-1.3274542	2.3516934	-0.94889116	0.5834711	-3.0373647	-0.30578503	3.1029224	-1.539222	-0.6448897	-1.3313859
1.0422324	-2.392123	0.4171305	2.1356578	-2.8551037	-1.7093941	-2.8385816	1.4930893	1.7615469	-0.42364925	-2.2400854	3.0474825	-0.06654642	-0.16773301	-2.0602772	1.2172517	1.3454022	-2.583961	-2.439263	-1.0961057
0.8251346	-2.2713013	0.7579818	1.827493	-1.9922712	-1.0055404	-2.46079	1.8337493	1.9277617	0.23845032	-1.8837196	1.2765534	0.3413547	-0.34054402	-0.97049516	1.6485194	1.4784108	-1.5908643	-2.1924744	-0.9173931
2.224793	-1.8174274	1.2391908	1.1592008	-2.9859354	-1.4672316	-1.6824577	1.1324252	1.3187873	-1.4916165	-1.544689	2.5142388	0.6041616	-0.025887975	-2.1237462	0.20374265	2.2138114	-0.49552622	-1.6086483	-1.9394758
0.16931568	-1.785023	1.6850924	1.4059819	-3.1183283	-2.738557	-2.51607	1.8835168	1.6335614	0.6656662	-1.3029928	1.2549201	0.56181705	0.02280136	-2.8392515	2.39461	2.9578116	-0.69686073	-1.5129567	-0.98677075
-0.91432226	-2.3172064	0.8033684	1.3489482	-1.8719727	-2.0054688	-1.6962792	0.53200287	0.19118086	0.33066908	-2.0796578	1.5888015	-0.6500589	-0.47330853	-1.7501223	2.669162	0.7608708	-2.4181795	-1.803642	0.15172902
-0.078484535	-1.8447239	0.9763602	1.3542739	-2.6051595	-2.509408	-1.6497444	-0.5403103	0.5117924	-0.19748817	-0.45191237	0.781335	0.68937194	0.87565845	-2.2592425	0.33758628	1.803509	-1.2542801	-0.028292121	-1.0606086
0.38699004	-1.9396204	1.8600973	0.8228936	-2.5416362	-2.774165	-1.4816711	0.840339	1.032257	0.8543498	-1.3440769	0.7311244	-0.34338668	0.48247558	-2.7585163	1.2091225	2.812783	-1.1859853	-0.973496	-0.986637
0.6756044	-3.0584276	1.5702645	1.8597177	-3.1726863	-2.333728	-2.6697109	1.0773685	1.4900179	-1.1179154	-2.5766144	3.3281937	-0.09259099	0.25300863	-2.9535534	1.0258582	3.05053	-2.2427564	-1.3626262	-2.2579513
0.7903337	-2.134938	0.5795638	1.397888	-2.5999405	-1.7459679	-2.496262	1.6326653	1.5043706	-0.33682874	-1.8980545	1.6848366	0.9935767	-0.27693024	-1.4792477	1.6375656	1.5930626	-1.45762	-2.1582673	-1.2419771
0.38775873	-1.4425861	1.7404823	1.3536325	-1.6782444	-1.029467	-1.8781064	1.0212233	0.9228027	-0.3644628	-2.6970978	1.2675458	-0.03675969	-0.25144666	-1.2764173	0.93582183	1.2802362	-1.5365546	-1.5967978	-0.854473
0.6244537	-3.110181	0.99098366	1.7753493	-2.7335427	-1.2984295	-2.4755838	0.85181886	0.92056555	-1.1479247	-2.3983276	3.0053046	0.019643746	-0.070431225	-1.7998576	1.1336098	2.3767416	-2.78371	-1.5955853	-1.4880569
0.9742843	-1.1742216	0.3543899	0.7879385	-0.41670728	-0.86193335	-1.1671983	0.3953803	1.1422905	-1.1193334	-0.5840888	1.6096554	-0.013153542	0.35850006	-1.3455738	0.49536207	1.6282111	-1.703974	-0.6406036	-1.0546867
1.2445649	-1.7026628	0.6320021	1.3898153	-2.632386	-1.5173599	-2.8507423	0.72206116	1.0371192	-1.467849	-2.288251	2.7875538	-0.01410896	-0.159584	-2.9699457	1.0135286	2.8657777	-2.215753	-2.695368	-1.1672109
0.013239208	-2.09795	0.97510684	0.8079157	-1.9652908	-1.1383599	-1.0791901	-0.19171086	0.9857712	-0.3315915	-0.5110247	1.3677493	0.17502749	0.06096108	-1.0208386	-0.07230547	1.2795855	-1.2912273	-0.44282833	-0.84660584
0.95835894	-1.9053354	1.1294068	1.9161382	-2.458465	-2.011772	-1.3240652	0.66629416	0.03884698	-0.46803665	-1.3692211	1.7188084	-0.6906524	-0.12069609	-1.8795165	1.214359	2.0139186	-1.843159	-2.1162992	-1.3249435
1.4485061	-1.3270386	2.9129136	1.6575156	-0.67711294	-2.4741592	0.42766652	0.50564736	-0.7677506	-1.0042615	-0.3990084	1.8516527	-0.953087	0.7598754	-1.841343	0.10852152	4.4255476	-1.2267114	0.07246404	-0.8022287
1.4160559	-1.466267	0.9774002	1.4872853	-1.703085	-1.6684843	-0.68211585	0.7904197	0.5547185	-0.30281886	-0.39605403	1.3621529	-0.9460602	-0.04389348	-1.0037973	0.4558676	1.6648123	-0.40403825	-1.2428093	-0.9265542
1.539574	-1.7601944	1.1701726	0.9915068	-2.079794	-1.894904	-1.6722602	1.7713915	0.9044575	-0.6408769	-1.4581975	1.6220311	0.48951396	0.24226588	-2.0190535	0.82673174	2.5332546	-1.201831	-1.1947491	-1.18331
-0.3713292	-2.573863	2.5702128	2.7958844	-4.477267	-3.8344421	-2.5343134	1.523614	1.9160293	1.5729201	-1.9708067	0.33790934	1.3993758	1.5674628	-2.7065947	1.0911144	2.7451875	-0.6419016	-0.645911	-2.1058624
2.49223	-1.8211248	1.276483	0.8569297	-2.1741788	-2.5950322	-1.8146905	1.040827	1.1746361	-1.5351931	-1.1297685	1.1937187	1.0427231	0.83850414	-3.0564437	-0.08842702	3.1912556	-1.4238893	-0.79981315	-2.167329
1.2124279	0.58861274	2.4799333	1.961903	-1.3026333	-1.7033329	-1.0457641	1.2233322	-0.68369555	-1.9355745	-0.8615932	2.1746523	-0.16916037	-0.5630173	-0.904651	-0.099484175	-0.10436531	-0.17442498	-2.0559268	-0.9830636
0.5646875	-2.3794165	1.9416201	2.480945	-2.4940395	-3.0291908	-1.9791887	1.5563755	0.84878397	0.66157335	-1.9239267	1.720035	-0.07511881	0.3955704	-2.4308705	2.121682	2.5333948	-2.0792718	-1.8365179	-0.9952149
0.7480975	-1.1947379	0.7510082	2.0333908	-0.26999253	-1.1949742	-0.46210793	1.5854787	0.8455175	-0.6191739	-1.4081862	1.459038	-1.333362	0.005620419	-1.5786134	1.4366915	0.5188783	-2.6370904	-2.492061	-0.8298859
1.4258046	-1.2235199	1.563669	0.7127884	-2.2333238	-1.3731658	-1.8075306	1.0962805	1.7287879	-0.7094661	-1.2417226	1.2924774	0.97538644	0.11563466	-1.9305925	1.5415586	2.0185153	-1.1738771	-1.7739456	-1.0574989
2.324723	-0.6100218	-0.15254907	1.3830718	-2.3766155	0.46638176	-1.486075	1.0425265	-0.6800206	-1.6670085	-2.1359484	2.890115	0.45069423	-0.22567931	-1.571089	-0.05686734	1.0598434	-0.64780104	-2.3696687	-0.89365244
2.4771264	-2.772984	2.4673648	1.4815341	-4.152116	-3.4473765	-1.892711	1.2364461	1.4800674	-1.6300975	-0.8029561	1.616165	0.25126368	0.20662482	-3.2410655	1.0353742	3.4296534	-0.67451966	-2.0681105	-2.3449807
1.4123089	-1.2386307	0.8349619	1.6862657	-2.3143845	-2.2033048	-1.6807992	0.95268375	1.4913098	-1.2486076	-1.3258889	1.288314	0.14790502	0.60177463	-2.2247398	0.06626816	3.2202563	-0.58647907	-0.7236632	-1.8683277
1.070419	-2.1481278	1.2246532	0.94200075	-3.3355837	-2.5625036	-1.8803327	1.7049321	0.5800598	0.065613195	-1.3451802	2.2518237	0.47436124	0.9694818	-1.994738	0.16472687	2.9462864	-2.0535905	0.09060215	-1.6499335
1.9454515	0.6118982	1.76126	1.6721773	-1.2312934	-0.65137726	-0.8885675	-0.008537708	-0.6619131	-2.0018797	-1.9391595	1.8142135	-1.0551652	-0.8180487	-0.26423392	0.36371025	-0.8404861	-0.6320514	-3.3528094	-0.192791
0.8210678	-1.3346777	0.7404632	1.4121157	-1.7789692	-1.3646617	-2.2324038	0.9372046	0.85000163	-1.0617378	-1.6387292	2.8211505	0.5849482	-0.18342744	-0.63796145	1.5358232	0.6434756	-1.6029586	-1.8164254	-1.2843086
0.21739207	-2.5852666	1.382271	1.2028984	-3.1293416	-3.1334178	-2.3079522	1.0425123	1.9868448	0.91275185	-1.8986741	0.46769762	0.7263641	0.84893084	-2.6624217	1.8345021	2.0949879	-1.7252946	-1.2836952	-1.0048145
0.84477663	-1.2870877	-0.30655372	2.2196808	-0.9435864	-2.4715507	-0.6211684	0.96628165	0.47048688	0.014803726	-1.0517942	1.70185	-0.9719257	-0.59571916	-0.66134316	1.6932826	0.8058087	-1.0076094	-1.4718785	-0.7471633
0.99267757	-0.75002736	0.5712901	1.2298578	-1.0169863	-0.051371884	-1.0531627	0.2381044	0.21441115	-0.5953691	-1.5727519	1.468185	-0.84134537	-0.7258533	-1.1743135	0.43264675	0.93451875	-0.6488312	-2.0112185	0.37127024
-0.2968717	-1.2983862	0.7532677	0.7073245	-1.957041	-1.5355719	-1.6300653	0.4236424	2.0093825	-0.7644913	-1.1193988	1.8464239	0.013206036	-0.15921664	-2.0672717	2.1276224	1.0876256	-2.184593	-2.2179635	-0.5378479
1.1616093	-2.040068	0.8475404	0.3459286	-1.805261	-0.50694764	-1.6863378	2.003429	1.7265676	-0.10258723	-2.1206217	1.4673313	0.483382	-0.14160469	-1.4282311	0.49282357	1.9595116	-0.90458524	-0.81712425	-1.450008
1.5262991	-1.5154471	0.8437494	2.4462202	-2.2199507	-2.281976	-2.5577297	2.1077385	1.0784339	-1.1327418	-2.408459	2.642461	-0.9579633	-0.4714042	-1.9858546	1.7930411	1.3855169	-1.9757458	-2.348985	-1.5031489
-0.20768964	-1.8128128	2.5003357	3.2275388	-2.901182	-3.4437804	-2.4418201	0.29411072	0.78882694	0.8732797	-0.13107437	0.56184226	1.2777745	1.4288933	-2.6934917	0.496537	2.8853307	-1.3960847	0.2810459	-1.9451756
0.39843786	-2.7979596	2.2265477	3.0124943	-4.3299584	-5.1841927	-3.9259272	0.94221705	1.4954115	-0.51189554	-1.7313045	2.905406	1.0010871	0.5200773	-4.0065575	2.3265176	3.4116764	-2.2179508	-1.8415475	-2.6023698
0.038374912	-3.0327885	1.5331286	1.0301493	-3.2823198	-3.6481936	-2.6018915	0.7673855	0.9781706	-0.0665446	-0.886112	1.6786076	0.95181775	0.17125191	-2.9581797	1.7988504	1.8199259	-1.3642203	-0.7095966	-2.0080953
1.687885	-0.73101836	-0.6347691	2.0698254	-1.466338	-0.9613668	-1.5813501	1.3166095	0.15458915	-1.2667133	-1.4516135	2.7930567	-0.7010024	0.025173843	-0.98661715	0.09525879	1.5879564	-1.8040808	-1.1875755	-1.4134297
0.42951575	-2.2732065	1.5636595	1.3477392	-2.8379738	-2.6366234	-2.5023482	1.0485339	1.3431615	-0.27765045	-1.4597629	2.1582448	1.7178228	0.22937399	-1.3364825	1.2091178	2.3023849	-0.5721331	-0.7125229	-1.1781697
1.3843647	-3.732352	3.4030979	3.4005096	-5.285491	-4.212369	-3.0497901	1.9345958	2.4958513	-0.9474493	-3.6810873	2.6082761	0.18752126	0.40483433	-4.0730934	2.1791496	3.2488017	-2.204547	-3.6169617	-2.5039089
0.19429503	-1.5177561	1.0649279	2.5490358	-1.9244142	-3.2805488	-1.5711477	1.0134964	0.29007283	0.079325974	-0.97768486	1.2413436	-0.3321445	0.018832857	-1.3984005	2.2646856	1.9817742	-1.1993026	-0.9290461	-1.1196717
1.4657272	-1.9618853	0.78151864	0.28051597	-1.9223506	-0.63937336	-1.2462695	0.6511652	0.37569425	-0.31600952	-1.1567934	2.7453306	-0.08109501	0.43324602	-1.7505391	-0.4063379	2.174399	-1.4517766	-0.6361161	-1.3982551
0.6804471	-2.4697165	0.71120846	2.8715935	-4.156942	-2.707824	-3.4988842	2.1025898	1.0817413	0.25245622	-4.0525103	3.0588949	0.3494349	-0.9132366	-3.122908	1.6885475	2.3449626	-1.860982	-3.5365038	-1.2134391
1.9585003	-2.030384	1.011496	0.93299574	-1.675286	0.3693206	-1.6107115	0.91475654	1.186651	-0.8957022	-2.663748	2.4361289	0.009121206	0.170009	-2.1234753	-0.9089453	1.5539382	-0.9877973	-0.8159668	-1.2690665
2.0551221	-3.0273108	1.5867748	3.924059	-5.4786577	-2.8870645	-4.5392623	2.0429163	2.424827	-1.4594777	-3.3348927	3.3682752	0.5124881	0.31333217	-3.3018892	0.77194256	3.026919	-2.948876	-2.857535	-2.8941703
0.68029517	-2.1814482	1.5325692	3.6954217	-3.3566513	-3.9594944	-1.5525559	1.4460553	0.95394826	-0.28303558	-0.9953654	2.0770833	-1.0688703	0.26307234	-3.2504492	1.585437	2.8924093	-1.8517306	-1.4482484	-2.3428109
1.3440888	-1.431722	1.1939156	-0.4545244	-1.3556408	-0.66944784	-1.2294071	1.3311538	1.7242621	-0.53334206	-1.318364	1.0887806	0.15977883	-0.13323456	-1.8021253	-0.05089949	1.1952701	-0.5482329	-0.8471298	-1.0870185
0.28703263	-1.6298329	1.7432708	1.7515051	-1.8610349	-2.1425352	-1.2352487	1.9230789	0.63510936	0.17856422	-1.6266025	1.0303735	0.72833216	0.4063599	-1.6631614	1.8682125	1.6771518	-1.5102968	-1.8319961	-1.1527877
1.4640586	-2.7204983	2.4170077	3.6452296	-3.8894427	-4.9929714	-3.146907	1.3553184	1.3247207	-1.8273813	-1.9344547	3.7204604	0.7697413	0.10134363	-3.3114212	3.0181594	3.3067312	-2.1620197	-1.6861488	-2.4839554
2.650724	-2.0794392	1.3063898	3.230119	-4.914795	-2.8606408	-3.0323448	1.7497663	1.7404343	-1.3243047	-2.4662604	3.194762	-0.776639	-0.46802717	-2.7440019	0.6679918	1.6928642	-1.2042618	-3.1652277	-2.400562
-0.087211855	-3.808495	0.93475366	2.9806437	-3.9081383	-3.07987	-3.3026276	1.7563875	2.0916753	1.2781935	-4.08109	2.185689	1.0531456	0.3437855	-2.9575136	2.746601	2.9084065	-3.1876526	-3.0066726	-1.5631799
0.49184558	-1.1826319	0.39673936	2.809528	-2.6241457	-2.5968578	-2.0318365	0.74040264	0.69801354	0.37551177	-1.3468375	0.9750079	-0.26002833	-0.06449714	-1.2741026	1.0180657	1.5353912	-1.0399536	-1.4097575	-1.4719117
1.3781114	-0.8985591	0.89542323	2.1380754	-0.9660786	-1.0748703	-1.1907841	1.7116677	1.1058013	-1.1855565	-2.0274103	2.662515	0.18034999	-0.2337753	-0.70716286	1.3248434	0.7200623	-1.4628023	-1.6600889	-0.93810964
1.9468033	-2.649997	1.9549081	0.8699917	-3.8393636	-2.0019057	-2.6194801	1.654022	1.6437508	-1.1581787	-3.0495825	3.5611622	0.39003962	-0.3691114	-2.813037	1.2990456	2.1268058	-1.0945835	-2.2233675	-1.8828111
0.98325604	-2.107744	0.61604464	0.6073319	-1.6056044	-1.5746529	-1.0586929	1.2401314	0.8575208	-0.73656857	-1.8764497	1.2714213	1.3419209	0.9999626	-1.7344214	0.17262726	2.4177523	-0.68062234	-0.38751096	-2.308286
0.70715815	-1.4947342	0.90791166	0.8563668	-2.3277104	-1.2492926	-2.1960104	0.4875547	0.91415656	-0.78972864	-2.1603436	2.071761	-0.31356344	-0.747908	-1.0606639	0.44717288	0.89200515	-1.4678619	-1.8059473	-0.9481775
0.86640114	-1.0768816	0.27787143	1.5498317	-0.8876703	-1.8503349	-1.7549565	1.0118883	0.7665134	-1.2578377	-2.4675307	1.1813166	-0.6534864	-0.5848422	-1.6302974	1.4344577	0.957306	-1.4793743	-2.6618958	-0.65705746
1.3644358	-0.92234296	1.2102438	2.5890384	-2.8496614	-2.5031424	-2.1696846	1.2368722	1.2511647	-0.16073252	-1.4361422	1.404797	-0.2723009	-0.2649775	-1.550038	1.1649523	1.9555163	-0.8944762	-1.6005428	-1.166311
1.4851431	-3.7737777	2.6081057	3.814367	-5.258475	-5.712418	-3.9220226	2.7806742	2.0591817	-0.21514599	-3.9652736	3.9120936	0.45490608	0.7547266	-4.5536833	3.7110198	3.5316298	-3.9835858	-3.1531248	-2.4442163
0.8301214	-1.6478308	0.37525523	1.5549588	-1.9634069	-1.1303262	-1.5687463	1.038867	0.768314	-0.8580073	-3.4047775	3.1921084	-0.9835584	-0.7401533	-2.2201114	2.1119618	1.194317	-2.6615863	-2.8536937	-0.1434747
1.332933	-2.3694968	1.2736071	1.4427084	-3.1870115	-1.8078012	-2.4831722	1.4240651	1.5178832	0.3045934	-1.928692	2.5478718	0.89910567	0.8110091	-2.0637605	0.35146108	2.6043122	-1.7672195	-0.9877984	-1.8649017
1.2255093	-1.3073943	0.7411596	1.628781	-2.3663397	-1.908146	-1.8368814	0.092752926	0.68708986	-0.5297277	0.19859435	1.6901615	-0.18946843	0.48965627	-1.8711493	-0.11690083	2.053664	-0.524155	-0.74095803	-2.0327432
1.9743211	-0.73810023	0.09505207	0.5138452	-0.5615106	-0.52685905	-0.9782021	0.43250597	0.9528951	-1.7777646	-1.008879	1.7707736	0.711611	-0.0331223	-1.3256509	-1.055186	0.81986785	-0.44525784	-0.628459	-1.4242884
0.17362139	-2.1304848	0.91243327	1.498063	-2.8500504	-2.6893265	-1.8194149	-0.19003323	1.2332702	0.8472785	-0.6503768	0.80201066	-0.28872243	0.91187555	-2.3690438	0.9389394	1.5905695	-1.9751347	-0.93628603	-1.0294716
0.9345925	-2.2664597	2.603375	1.646743	-2.872884	-2.8988044	-1.7918041	1.6639731	1.6558646	0.40262103	-1.3378587	-0.18673503	0.8240012	0.69961554	-2.0268312	1.2959477	2.2581456	-0.8887256	-1.284651	-1.3452078
0.75495934	-1.146996	1.0004354	1.0547366	-2.5680714	-0.88620234	-2.184269	1.0666456	2.320965	-0.15734376	-1.85122	1.1725781	0.17249076	-0.23970482	-1.236492	1.834734	0.9610896	-0.9714473	-2.601577	-0.5060582
-0.9091122	-1.1507852	1.5952221	1.3498365	-2.3313904	-2.631426	-1.7809699	-0.060934376	0.7346769	-0.49939474	-0.21486464	1.9008285	0.24014246	-0.381961	-0.99945796	0.8147867	1.262781	-0.46406043	-0.23668249	-0.815619
1.7856269	-2.011313	0.75132936	0.40745863	-2.6856806	-1.2278818	-1.8122798	1.702368	0.9751534	-0.59011436	-2.613725	2.3845742	0.71266055	0.47132787	-2.3508067	0.14730214	3.3214178	-1.0348326	-1.269297	-1.2534294
1.694516	-1.8852733	1.6109753	2.9440172	-2.585397	-4.415962	-1.4874892	1.3879141	1.3947016	-0.46638107	-0.26502496	1.5548158	-0.33278185	0.805272	-3.1704886	0.8469015	2.509344	-1.9154041	-1.8567935	-2.424467
0.6853873	-1.5272493	1.3225302	2.263373	-1.4894179	-2.228534	-0.62512463	1.084625	0.30381846	-0.20658034	-1.0889553	0.6813892	-0.59032935	0.58065563	-0.9470636	0.68290895	1.4552814	-1.1782917	-0.37510112	-1.4137889
0.82728744	-1.7570622	-0.9106269	0.009956984	0.014420183	-1.1846693	-0.36982888	0.41561514	1.7070566	0.14303672	-0.90129226	1.5845343	-1.3339655	0.051675137	-2.1566718	0.9595597	0.09700115	-1.6629394	-1.9557682	-0.96834123
0.528144	-2.1696348	1.2835226	2.9682395	-3.5071092	-2.989452	-2.2809854	0.89990985	1.5617777	0.34260157	-1.2077929	1.2674478	0.5374263	1.0348098	-2.3995728	-0.36086208	2.3075595	-0.7250762	-0.21070032	-1.7936952
1.3146323	-1.7969651	1.0144238	-0.05972556	-2.8373377	-1.1007082	-1.2704061	0.07213008	0.6963859	-1.0190336	-0.08189945	1.2482853	0.32549408	0.3473138	-2.6058152	-0.5219562	1.8223804	-0.5291053	-0.38088244	-1.430159
0.7909247	-0.75601023	0.16776595	0.8029228	-1.5653327	-0.77963966	-1.4088719	0.82142466	-0.4653676	-0.7368534	-2.3479483	2.0555658	0.037811242	-0.5940096	-1.052244	1.4924542	-0.250588	-0.98449194	-2.591617	-0.2665067
1.89502	-1.4369847	1.2999166	0.9684508	-1.8665481	-0.6569318	-0.11859235	1.325521	0.3762675	-0.92877406	-1.1212122	2.141937	-0.7192441	0.92167467	-1.8812279	-0.34402895	2.9970365	-1.0519582	-0.83094275	-1.9835638
1.6889161	-1.254052	0.7785048	0.4459949	-0.9902806	-1.9102002	-0.8767437	0.18121034	0.69621885	-1.6071953	0.20347594	1.2001818	0.56859124	0.90750384	-1.5275878	0.09265539	1.8415596	-0.64625233	0.08964021	-2.140867
1.7804754	-0.9644807	0.6467767	1.5465424	-1.7965937	-1.8927742	-1.7537422	1.0495212	1.0700393	-1.5984526	-0.35358262	2.8737848	-0.8326174	-0.5268301	-2.4006462	1.7838521	1.8634732	-1.7699282	-2.194221	-0.9938299
0.9749412	-0.9938538	-0.027669461	0.853615	-0.9006276	-0.771345	-1.6117507	0.4050862	1.3209497	-2.0232737	-1.2040668	1.3295971	-0.9386025	-0.45424208	-1.2827218	0.86375386	-0.10422167	-1.7310424	-2.1835327	-0.98850834
1.1072953	-1.0001091	1.9265945	0.6563698	-1.3065914	-0.6141381	-1.6673822	0.61179566	1.7638375	-1.523045	-2.1438084	0.90095645	0.45104557	0.4933281	-1.3783542	0.58984345	0.7012659	-1.1684247	-2.1499238	-1.0736895
-0.03615233	-1.8176531	0.09369612	2.9634626	-2.2980707	-2.782199	-1.3857565	1.1003947	0.010304363	0.16648969	-1.007218	1.4838644	-0.7913472	-0.022241179	-2.2490435	0.8582735	1.0046492	-2.0631769	-1.4943937	-1.4213263
1.6120349	-1.0730494	1.0457402	1.3279449	-1.8186141	-1.286116	-1.077588	0.6228464	0.7178943	-0.978407	-0.892388	1.5516174	-0.24142183	0.09053047	-1.2678435	-0.070006035	1.0272766	-0.5300691	-0.6501199	-1.5046321
0.96843606	-2.4803896	1.4509292	2.234084	-3.396432	-2.5333722	-2.6634736	0.951035	0.83240855	-0.18196504	-1.9466196	1.9194815	0.30587453	-0.3304097	-2.9228618	0.6941765	2.6986775	-1.4105266	-2.4970238	-0.84485257
-0.68112576	-1.4603897	1.2776862	1.8164098	-2.446715	-2.9367301	-1.8448005	0.260181	0.12102814	0.31217572	-1.7346488	0.9149297	1.5288028	0.73116875	-1.52424	1.6291437	0.8825932	-0.88019305	0.30391723	-1.3429605
1.3319553	-1.8403982	1.5684245	1.0798875	-3.0284154	-0.845167	-2.8509488	1.0048748	1.8934925	-2.0644515	-2.2841685	2.0791678	1.4985465	0.188111	-1.6821126	-0.5334479	1.1672442	-0.37912115	-1.1010618	-2.2277877
0.20112616	-1.493746	1.0241846	1.5335561	-2.6914	-2.3452528	-1.7677253	1.7271453	0.8611271	-0.797639	-1.5746368	2.4447198	0.0052141976	-0.5756604	-1.4552674	2.1961367	2.096768	-1.3113861	-2.4117298	-1.0828679
1.4159387	-1.1692739	0.56761616	1.177236	-2.358129	-1.1908798	-1.7380289	1.3089739	0.915124	-0.11896902	-1.4594432	1.5330237	0.31477728	0.56734586	-2.164276	-0.14004706	1.4974911	-0.49906	-0.6860694	-1.5995663
1.3863213	-1.0428813	0.7258847	2.0816412	-2.3250678	-2.2865918	-2.3901243	1.071404	1.9258672	-0.058161266	0.1333204	2.068154	-0.86870414	-0.24020037	-2.584312	0.71311134	2.5182805	-1.2095696	-1.9918932	-1.1702838
-0.42703328	-1.3691033	-0.5710799	0.98132014	-1.3035642	-1.0024496	-1.2821212	0.5438356	-0.22170077	-1.4586542	-1.0486501	2.5640185	-0.38194254	-0.6410172	-2.5137594	1.5851407	1.7430911	-2.2678611	-2.8670297	-0.19995856
1.8662267	-2.1881394	1.3479285	2.2372792	-2.5129278	-3.1026957	-2.234973	1.8035235	1.5840564	0.274463	-2.045856	1.9336292	-0.43713045	-0.145069	-2.857947	1.6564006	1.9340504	-1.9467858	-2.4518116	-1.1795429
1.4775932	-0.9350083	2.6996057	1.0543826	-0.79004437	-2.2954907	-0.5518145	1.1005528	0.46234706	-1.4630609	-0.49606872	0.40569943	-0.25514317	0.5189327	-1.6655188	1.2966518	2.0451925	-1.6609427	-2.2071033	-1.6572368
0.63169485	-2.3562489	1.8992398	2.4937482	-1.9775735	-1.8246422	-0.6089296	1.7297051	0.78632313	0.84911007	-2.7267573	0.92638063	-1.1750965	0.21335658	-0.6732548	0.579162	2.1564536	-1.3958426	-1.2508292	-0.9271454
1.8854922	-2.0823984	2.2795677	2.1929889	-2.512614	-2.7647219	-1.2938966	1.2977427	1.2306026	-0.76464653	-1.5266721	1.5049025	0.58306134	1.1383128	-1.8482316	-0.120179646	3.2718227	-1.4230642	-0.8273173	-1.8023009
1.0827625	-1.3000972	0.75725937	2.0037513	-0.55044675	-1.9226271	-1.6403596	1.0292411	0.6304807	-0.60892856	-2.574143	0.86237925	-1.3125392	0.04325588	-1.1243484	1.2680348	1.3189821	-1.3622147	-1.5799308	-1.1432052
0.4677367	-0.4505311	0.63998467	1.9797015	-1.5489986	-1.7686886	-1.0048772	0.44284526	1.348551	-0.57538015	-0.4629559	1.0040157	-1.9074401	-0.42654282	-1.1498495	1.2186599	-0.083303384	-0.6012703	-1.3274693	-0.6962852
0.960717	-1.1270957	1.6691924	1.5693674	-1.93906	-0.9189803	-1.2960292	0.52029675	0.16777256	-1.3021833	-2.514272	1.7026267	0.40940452	-0.0033517224	-0.6924678	1.454233	1.4312936	-1.5429174	-2.657762	-0.65946496
1.6304656	-0.25219896	0.56221884	1.4758421	-1.0865433	-1.2679694	-1.1611114	1.0725684	0.6096959	-2.158635	-0.63231695	2.8645837	-0.88116395	-0.43491173	-1.489424	1.8560501	0.8942656	-1.9204292	-2.909966	-1.64317
1.8321337	-1.7893085	0.34577772	2.3896017	-3.1463902	-1.2991105	-3.209157	1.7507172	1.9891291	-0.55065966	-3.2474203	2.2651427	0.4931982	0.27574855	-2.2794502	0.11036345	2.4776266	-1.9399157	-2.5474384	-1.8524168
1.3708342	-1.4253958	1.6769682	0.37346554	-1.8081	-1.7004675	-0.85313725	0.6264381	1.1334797	-1.0381835	-0.79509455	0.89214087	-0.12683831	0.41036764	-2.0654302	0.18550494	2.254866	-0.50059545	-0.7793645	-0.8940055
0.10010421	-2.0886056	2.301455	2.0729537	-3.4981735	-3.0369897	-1.9324619	0.7601363	0.6240445	-0.28211546	-0.575541	0.53262466	1.2621104	0.8088205	-2.4689019	0.6907072	3.0960805	-1.3020562	-0.1268733	-0.9961909
-0.090562254	-2.5326586	2.052614	1.530923	-2.6326725	-2.7332833	-3.167707	0.8000886	1.726464	0.6117934	-1.3439708	0.6561642	0.7196217	0.34063992	-1.6310605	1.978248	1.6485864	-1.3096192	-0.88783455	-0.8757421
1.9745269	-2.531804	2.3298054	3.4147482	-3.6167233	-4.038135	-3.1771505	1.2343252	0.9637622	-0.94109994	-1.4870957	2.8422725	-0.4165021	-0.0060710968	-2.9372358	2.4207122	3.5797179	-2.6205473	-1.3006433	-1.545738
1.1918755	-1.932918	0.70490974	-0.20169234	-0.13923563	-0.15273987	-0.2127347	0.8570368	1.8286954	-0.4800013	-1.5467395	0.91469526	-0.31691477	0.48018616	-1.9181418	0.5223808	1.8899463	-1.5142704	-0.5596501	-1.0314094
1.8340209	-1.5750583	0.94290864	3.5064197	-2.9475405	-3.7047777	-2.617815	1.2834283	0.74879146	-0.5169403	-2.1023724	1.3728131	0.24681865	0.08322682	-2.5083015	0.687025	1.2844386	-1.0219581	-1.6618825	-2.155028
-0.12234381	-1.5397912	0.8443119	2.732198	-1.7117941	-1.5630945	-1.6682447	1.092142	-0.27512565	-0.4341135	-2.454119	1.9566149	0.6087885	-0.6538404	-0.7850696	1.5000082	1.0868425	-1.1279109	-2.221883	-0.84783536
1.3554356	-1.1069304	1.4269538	1.2160965	-2.974166	-1.0549347	-1.5118198	0.92000204	0.4234815	-1.7555798	-2.3496957	2.5430517	0.34705123	-0.48474118	-1.3909844	0.9707804	1.1747876	-1.1973672	-2.7151973	-1.3408613
1.6799507	-1.1043776	1.5315698	1.8601079	-2.685977	-2.0195787	-1.8978765	1.1304548	0.8230177	-0.977523	-1.4576733	1.9144373	0.5977736	0.44945586	-2.3321397	0.22591396	2.583479	-1.0885932	-1.8725827	-1.839902
2.0641544	-1.8594446	1.953049	3.9926116	-3.731588	-2.241209	-3.0925772	2.8261037	0.5659916	-2.0709596	-5.3019724	4.407507	-0.3713195	-0.61400396	-2.9760802	1.3948561	3.289819	-2.9403226	-4.082743	-2.0993216
0.9297104	-1.7952461	0.5416158	-0.7139718	-1.8320184	-1.2194881	-1.3572739	0.9603691	1.8265134	0.32088244	-2.48645	1.0445412	0.13724627	0.14147037	-2.6394563	0.3349461	2.8246558	-1.0138327	-0.9045104	-0.55065316
1.4544319	-2.0191286	0.111991934	1.06455	-2.1505399	-1.48062	-1.5579746	0.7561444	0.6385912	-0.30718988	-0.8168489	1.621602	0.28703114	0.30884224	-1.9022547	-0.74234766	2.2039378	-0.62923384	0.015125968	-1.5746197
-0.31508568	-1.1634071	1.3286134	0.5092381	-1.598291	-1.7211409	-1.2589487	0.31969827	0.023516662	-1.0282134	-0.3158084	1.5801704	-0.24446504	-0.4036606	-1.618717	1.3089755	0.98860765	-0.92081106	-1.0039973	-0.6698282
1.4521779	-2.6648018	1.1251106	3.510522	-4.008948	-4.2183766	-3.6932342	0.65565026	1.3767334	-0.8721292	-1.5781504	3.6889455	-0.60684204	-0.10123831	-2.870676	2.4255126	1.6566772	-2.4553533	-1.7331535	-2.4660285
1.3618699	-1.1964563	0.9411559	1.9459813	-2.0433924	-2.1397345	-1.2065396	1.6309913	1.2741804	0.55954	-0.6834201	0.94811463	0.06788861	0.08172774	-1.3689343	0.9900148	1.1837825	-0.85234946	-1.3755753	-1.2447442
0.07604768	-2.5136397	1.998796	1.7892728	-2.9790154	-3.942267	-2.0654092	1.0692235	0.530568	-0.4981206	-1.6587873	2.542792	0.16874902	0.08636458	-2.5440078	2.0150857	2.8144493	-1.6804237	-1.8480303	-1.4967619
1.4473215	-1.0219935	1.1861448	2.660514	-2.2010078	-1.6890143	-1.5040625	0.38546407	0.5495637	-0.6068749	-0.5868079	1.0043734	-0.5301881	0.34912816	-1.3948059	-0.5842245	1.353377	-0.98493594	-0.673706	-1.9161013
-0.09081991	-1.4885304	1.9180925	1.1277283	-1.8479134	-2.3565125	-0.9432549	1.0510174	0.5396934	-1.0039501	-0.19434056	1.3397443	-0.26838958	0.020721905	-2.4894965	1.5024527	2.1272478	-1.1173414	-0.8528946	-1.1366204
0.28364223	-1.8385442	0.59310657	0.6726331	-2.0735428	-2.0312886	-2.443567	0.85327244	2.1353607	-0.40965867	-1.9789425	1.4020067	0.5744685	0.19036724	-2.339514	1.8405317	1.3746397	-1.9640073	-1.6666813	-0.735582
0.70037776	-0.74456924	-0.34900036	1.5135645	-1.822642	-1.2204802	-1.7953843	-0.08371508	-0.6238689	-0.25977522	-1.1104745	2.9761486	-1.0346148	-0.9648535	-0.9686875	1.7516751	0.047369882	-1.716996	-1.8747917	-0.1392685
2.798377	-2.5343406	1.111062	0.26032913	-2.6325092	0.16372572	-1.6111916	2.2624714	2.0524514	-0.6433852	-2.7726996	2.7912543	0.4217576	-0.03432553	-2.4935157	-0.30619317	2.9666636	-0.7925512	-1.2267519	-1.3262284
