4.5314245	-7.453653	7.485068	6.810861	-9.395571	-8.876726	-4.5915356	2.5444934	1.4836937	-2.8618996	-6.881427	8.154555	-0.4111131	1.0196023	-6.90209	2.297278	9.396843	-4.568633	-4.3379474	-5.3097005
3.8175657	-5.2744446	5.3709526	3.2183733	-7.0129275	-4.60823	-3.4439058	2.5997474	3.013636	-1.4384815	-3.6409376	3.7822201	1.0620574	2.0739017	-4.8693314	0.6896652	6.047987	-2.7668538	-2.100307	-4.0336857
1.8841588	-2.1151433	1.1878036	0.7832495	-3.6116545	-0.8711957	-1.8476018	0.9199145	1.8329269	-0.63792086	-3.213391	3.0904946	0.04590078	0.60511184	-2.6658878	-1.10295	2.2277484	-1.4403521	-0.933304	-1.6551608
3.926587	-4.0178866	6.0428276	4.625451	-5.717224	-7.333445	-3.436312	1.7636285	1.2923355	-3.6552877	-2.8654764	7.2440124	-0.09037383	0.7151701	-4.003938	1.7083321	6.202207	-3.3207302	-2.4080265	-4.1910343
1.0039421	-1.2730294	2.078139	1.1115185	-2.319538	-1.9930313	-0.39460874	-0.29918694	-0.21595465	-2.338032	-0.5356466	2.4401948	-0.59026873	0.14880283	-1.6925342	0.47766265	1.5341413	-0.92477065	-1.3672004	-1.791262
2.0079446	-3.4194686	4.0839076	4.488831	-5.7636523	-5.2224956	-4.59933	1.3996214	2.2017038	-0.80745053	-2.974239	4.4094753	0.31086153	0.098896585	-3.1872213	1.4273068	3.7169275	-2.6826355	-2.4144938	-3.1241975
1.7751814	-4.1998706	2.7746859	3.2385967	-4.867962	-4.483886	-1.9487237	-0.014450569	0.092266604	-1.6129491	-2.3660865	4.664498	-1.5392576	0.8924363	-3.1228557	0.5507499	5.31792	-2.9605641	0.018780433	-2.8910599
0.39913598	-9.217834	8.312713	9.494939	-7.6269937	-10.423229	-4.5250473	4.2233243	2.9224122	1.7577099	-9.233382	5.4744687	-1.0764897	2.085774	-7.5751953	6.2118826	10.2243595	-7.6049104	-4.183437	-3.1579132
1.9340476	-2.9277709	1.7303768	0.2910857	-3.9177582	-2.5162368	-2.338156	1.5669551	2.3454964	-0.15445791	-2.0378897	2.8267365	-0.73883885	-0.42037886	-3.6445713	1.5292515	1.9165211	-2.07092	-2.5856597	-1.6442715
1.8727394	-2.929817	0.5951253	0.46207908	-2.6144001	-1.1636449	-1.5840443	0.5054547	1.2418171	-0.8306392	-2.616424	2.8315818	-0.35868728	0.22526263	-2.4788222	0.9040859	2.1262624	-2.5647128	-1.3657879	-0.9599072
1.6155717	-3.88191	3.0147653	3.5023263	-5.2672486	-4.9828854	-2.4096434	2.209807	1.4077463	0.23968524	-4.000509	3.0986874	-0.8749286	0.43956888	-3.1684916	1.9930251	4.0877056	-2.4894712	-2.7070274	-1.9175456
3.328761	-6.7026367	8.634236	10.720533	-7.381645	-12.652326	-4.2813416	2.112279	-2.2357955	-6.426883	-7.4255223	13.332671	-2.9482787	0.07434739	-5.841122	5.6035028	7.529962	-6.214618	-4.243911	-6.5009446
3.1363826	-4.9819264	2.0466673	2.3384469	-6.734905	-3.6571026	-3.3456445	0.66168284	1.1122975	-2.0315237	-4.7820525	6.5183864	-1.0699558	0.32898232	-3.935872	0.044895712	3.8668013	-3.2834432	-1.8683957	-3.642994
1.0939499	-6.205647	4.053235	5.694085	-5.374874	-7.450497	-4.078293	3.2483985	1.382679	0.24679068	-5.660695	5.5002003	-0.8815724	0.57701045	-4.609877	6.1436276	5.5195074	-5.499769	-3.6158001	-2.3776433
1.0344204	-3.8879325	4.515725	1.9769969	-5.1612296	-5.3925943	-3.354752	0.34060827	1.1751033	-2.3617375	-3.0745409	5.207962	0.9377278	-0.33093864	-3.5927591	1.0651336	3.0243278	-1.8343533	-0.67810947	-3.199629
1.6146798	-1.7942652	2.0845542	0.8987267	-3.0436468	-3.451201	-1.9427427	1.0900674	2.1994772	-1.4324127	-2.2757204	2.791577	0.2836013	0.79727757	-2.9527626	0.72321826	2.0809827	-1.7486528	-1.7744386	-2.409512
1.4778805	-2.8965936	3.1511247	2.3496807	-2.7583566	-1.7484674	0.35787818	0.8218493	0.9465866	-1.7653428	-2.2665093	2.6426027	-2.2636259	-0.05905323	-0.4642237	0.009237327	2.4815042	-1.1294398	-0.84499663	-1.9719807
1.1912731	-3.2172108	3.8512182	0.70044935	-2.7295177	-2.5616891	-1.4484761	1.303108	1.4005464	-1.0401309	-2.1439102	2.98653	-0.121381335	0.26548365	-3.1272054	0.7579197	4.007674	-2.0845568	-1.2557899	-1.6266686
2.8142962	-2.9668992	2.8044972	4.3578134	-2.34314	-5.185485	-2.0621805	1.1333568	-0.8704538	-3.5432577	-2.7165363	6.2966247	-1.7164365	-0.29979768	-3.1002111	2.5279849	2.9061987	-4.2691655	-2.5724792	-2.247793
0.4127634	-4.144197	4.298476	6.2702494	-4.4809074	-5.93865	-1.9344597	0.9908043	0.4317703	-0.9528632	-2.6285505	2.7240224	-2.1105042	1.2489897	-3.914121	1.4641736	4.6654463	-2.1314435	-0.5978469	-3.2602336
3.10815	-3.6257005	3.7804692	2.2466266	-5.045448	-4.3967586	-1.9719981	1.967629	0.96280396	-2.2240956	-4.0245	4.6887226	-1.1413866	0.7629239	-4.0025153	1.2714893	6.1619596	-3.7135515	-3.1287482	-3.5007453
1.715121	-4.7889156	2.8204045	2.7961924	-5.910012	-5.853028	-4.9210124	0.7000102	1.8538773	-1.5995446	-4.186701	5.9320717	0.93109965	0.6950961	-5.1128044	1.2699385	5.4341416	-3.9973338	-1.5807533	-3.443134
1.1903349	-4.688769	2.0987093	4.014523	-6.3649373	-5.4444613	-4.1101513	1.2112052	1.0226302	-0.26923075	-3.7145755	5.5531926	-0.8285747	-0.010246313	-4.18149	3.401229	3.049517	-4.00428	-2.4972644	-2.0561378
-0.0027353237	-1.6118398	0.107858025	1.0307665	-1.6234552	-0.11301128	-1.6495113	0.2271239	0.173496	0.69305974	-3.2209518	1.8014826	-0.6286375	-0.5592836	-1.1619194	0.17815109	0.7635676	-1.2883254	-0.24753566	0.22627193
3.5558274	-4.433019	4.8121853	4.079235	-7.2698474	-6.7183204	-4.2435946	1.860106	2.1216557	-2.6210272	-4.2260013	6.654404	-0.1673894	0.9740839	-6.6996226	2.5303843	6.365042	-4.7135863	-4.2961583	-3.7329214
1.0993654	-2.7201953	3.348644	2.4747772	-2.232619	-2.591354	-1.9052032	0.18175924	0.57974386	-1.6627586	-2.5095065	3.392916	-0.9498852	-0.14388263	-1.2107112	0.48199365	1.6381441	-1.5033567	-0.5197386	-1.5914055
2.740962	-2.2881486	2.5936	3.2985775	-2.93972	-4.143804	-1.7632055	0.9149957	-0.20090239	-1.6995525	-0.45713905	3.784187	-1.2656147	-0.26876634	-2.075646	1.109389	2.7282257	-1.6744399	-1.8384497	-2.0653636
4.978827	-4.9953556	4.4662943	5.2528653	-6.297349	-5.7862053	-2.415133	1.8752471	1.2806207	-2.745076	-4.061212	5.362464	-1.7501212	0.1979452	-3.1081448	1.3890909	5.272213	-2.4593747	-2.9525683	-4.1420493
2.0585022	-2.6546707	2.9618921	2.5085921	-3.3405583	-2.9461012	-1.498582	0.6205454	-1.0567944	-1.3672802	-2.6588092	4.7294097	0.055049825	0.1061743	-1.9640497	0.004601376	2.5016983	-0.6061283	-0.2397134	-1.9954062
2.7921104	-5.713073	5.5169997	5.4258122	-6.4254894	-6.576755	-2.9101143	3.1971152	1.8671017	-0.21123876	-5.4634414	5.419726	-0.783465	1.3167491	-4.6710978	1.4914162	6.624842	-3.3983932	-2.9559717	-3.7377398
2.4597228	-3.8328762	3.329458	0.95319676	-4.782043	-4.48946	-2.7780855	-0.4789418	-0.062396176	-2.2124188	-3.182844	4.2691054	-0.89670104	0.8197957	-5.0448236	-0.32068965	5.212241	-3.402057	-2.579462	-3.0617049
1.627311	-4.904396	3.8570082	4.168145	-5.3329043	-7.9780707	-4.356486	2.4740956	3.0459766	-0.6995015	-4.128612	5.0611477	-0.7065778	0.4176456	-5.2946434	4.6274166	5.514587	-4.2365394	-3.3439045	-2.5416603
-0.39761183	-3.5529194	1.9174116	3.4508517	-3.9198895	-4.911132	-2.0101233	1.4745996	1.3238316	1.0823407	-2.4294987	1.9468573	-0.5694184	0.2507736	-3.3433926	1.8626019	4.3097034	-2.07532	-1.5764991	-1.8373135
0.49982107	-3.1611586	2.4454136	4.288232	-3.094972	-3.3823416	-1.2496125	2.2301443	0.80003417	0.31742078	-2.3939698	3.4611497	-1.9406317	0.22733556	-2.8761163	1.8478088	3.5679145	-2.915279	-1.4534006	-1.6999807
0.5817067	-1.9794716	2.5300133	1.6771702	-2.2180967	-2.405783	-0.6273756	1.8365806	1.294512	0.23385915	-1.3019466	1.7247353	-0.037703644	1.0982256	-1.7411561	0.8534994	2.590925	-1.585292	0.03628359	-2.118269
2.1943133	-5.0103736	5.0617733	5.6485353	-6.517823	-6.7667003	-3.2969484	2.6312447	1.3934175	-0.81194055	-4.2471466	3.6762724	0.535381	1.4822415	-4.5475526	2.9068959	6.7812767	-2.6961188	-2.6312535	-3.30681
1.4649063	-2.1121655	2.5953865	2.5054457	-2.742965	-1.7805014	-0.7441676	0.9860415	0.76946497	-0.42554352	-3.113097	1.8555324	0.090683796	1.4707739	-1.0773748	-0.789421	2.1967428	-1.0590808	-0.504616	-1.5101873
2.1790278	-4.8695927	3.5203874	2.999509	-4.5868826	-5.5107803	-3.5237532	1.4845151	0.7304564	-0.14002568	-4.2226224	5.1975365	-0.58057183	0.24108587	-5.0221324	2.507266	5.839785	-2.6003335	-2.2898905	-2.1013796
1.2096052	-2.3538027	2.1412964	1.1988058	-2.8689306	-2.63191	-1.5567632	0.65373266	1.1951841	-1.2801622	-2.4418278	3.2050936	-0.46705663	0.47251642	-2.7263298	0.7868181	1.879302	-1.5786511	-1.0126384	-1.5996774
0.93766487	-7.628007	7.4937105	8.536351	-5.9418454	-7.896721	-4.1687665	3.051249	0.80431986	-2.183973	-7.4990253	7.2947006	-1.7397363	0.32085323	-4.476512	5.27089	7.6448975	-6.021416	-3.5369897	-3.1364405
4.0121512	-4.0779157	4.2497225	3.252887	-4.8958097	-5.905611	-1.2295358	1.8388449	1.2477947	-2.4482234	-2.8443348	5.8867345	-1.1629709	1.4558961	-4.382793	0.9278392	5.24373	-3.3002326	-1.6771917	-3.576887
1.7321732	-3.4261568	2.8976295	2.853229	-5.333201	-3.2212107	-3.424361	0.8257997	0.5890953	-1.220302	-3.9672425	4.236503	0.30785376	0.8029754	-3.7327182	0.3920367	4.0031214	-2.5597603	-1.4515878	-2.5338218
2.5768447	-6.070077	4.5726247	4.9129586	-8.526742	-8.205757	-5.7996225	3.3115308	2.829844	0.016398335	-6.2036695	6.433368	1.4714974	1.7684449	-7.7852054	4.3527303	9.818931	-5.9162774	-3.8843277	-3.9149303
-0.77839696	-2.4130008	0.860835	1.6657537	-1.4024446	-3.0111535	-0.9009408	0.26303294	0.5376021	0.57760966	-0.057244528	0.85397434	-1.1379026	0.3197405	-2.0372696	1.8947446	2.4574876	-2.8344765	-0.5441023	-0.64838225
1.0263083	-2.6004903	1.1590487	0.3277508	-2.8989716	-2.2469838	-0.9313937	0.3168311	0.16511346	0.096504346	-0.8307293	2.4169567	-0.58142763	0.5514019	-3.1345649	0.6474263	2.6894808	-2.1348546	-0.72289884	-1.1580708
-0.6448663	-1.003327	1.422345	0.41263124	-0.9899723	-0.70412713	-0.9022238	0.8921802	0.2715566	-0.69399285	-2.2822115	1.7071155	0.5294115	-0.5595007	-0.41083488	1.3965306	1.0350723	-0.97601604	-1.3599123	-0.34053394
0.9346004	-4.364618	3.9048104	3.3721046	-5.0168695	-4.032801	-2.5302687	1.3492324	2.339497	0.54581773	-3.9816194	2.6293607	-1.1897852	0.9101557	-3.1372588	1.3634742	4.1185317	-3.005279	-2.025415	-2.223464
2.1148438	-3.6875372	2.870041	2.6200192	-4.1281857	-3.4295084	-2.598276	0.7913342	1.2041353	-1.8158574	-3.2290802	5.234061	0.31409493	0.8512197	-3.0492177	0.92265344	4.2003856	-3.0761938	-0.97376144	-3.2504601
2.0323803	-3.5316393	4.7898397	5.619715	-3.7059426	-5.6119194	-1.4621172	2.5286603	0.16285129	-1.769605	-3.695896	4.135499	-1.8442359	0.5757403	-2.8807743	1.440091	5.309596	-2.7453082	-1.9551461	-3.5939043
3.8801174	-3.6651907	2.9803934	3.385501	-4.8282957	-4.3715568	-2.202649	0.77310336	0.40456334	-3.5882812	-2.3841283	6.7824144	-1.5218906	1.2592002	-3.930546	0.40918282	4.351093	-3.4309676	-1.9245564	-4.733544
2.030722	-3.5904794	3.6240947	2.8420956	-5.542513	-3.8006918	-3.81211	1.3145158	1.3761388	-1.0635611	-3.0594916	3.730232	0.49612603	0.24529858	-2.9592578	0.77397865	3.7748017	-1.8827091	-1.7909727	-2.6899364
-0.3645969	-2.1747773	1.123874	2.2955623	-2.0626333	-3.8529963	-1.7188358	-0.14559233	0.5666453	-0.40765095	-0.3615417	2.5818977	0.6378422	0.6270935	-2.0619426	1.1535988	1.9717304	-1.8138189	-0.9610736	-1.8327707
-0.093347624	-4.0537114	1.8318208	4.1875935	-1.9797322	-4.3550177	-2.1647809	1.6126527	1.6970522	0.9965946	-3.7132878	3.770201	-2.4509957	-0.21068166	-3.0042658	2.3981066	3.1994011	-3.670509	-0.9915647	-1.2148901
3.154384	-6.383811	5.3656235	3.7341816	-7.762583	-8.378941	-4.701082	2.5207539	3.3970127	-1.2168043	-4.3848248	6.268913	0.6992018	1.613757	-6.6786137	2.62354	7.238394	-4.642108	-3.1277032	-4.3227553
1.2067053	-2.6310303	2.0919223	1.629566	-3.0934181	-2.717128	-1.1529542	0.90494704	0.13010839	-1.3747059	-2.2157683	3.4139516	-1.5816474	0.28864098	-3.8681054	1.5230507	3.9816616	-2.8449955	-2.2583342	-1.6251711
3.5875263	-7.7395873	8.404577	7.6500163	-10.732946	-10.368831	-5.355998	3.6237078	2.0925953	-2.4797332	-7.510892	8.77305	0.40945858	2.255159	-7.693453	2.6602416	8.695652	-6.121986	-4.5280695	-6.5439734
1.3062108	-2.3403118	1.781816	0.65575695	-3.616255	-2.8753362	-3.3620064	0.11806593	0.28957057	-1.5097903	-3.7710707	3.1494296	0.12749802	-0.7643764	-2.766096	2.9084852	2.960965	-2.889268	-3.579494	-0.82879484
0.7216839	-3.7368612	2.2915468	4.478688	-3.2839773	-4.1068234	-2.6077292	1.4521465	1.1038193	-0.22425383	-3.72958	3.6234076	-0.33258554	0.6624716	-1.6001965	2.0044224	2.2228613	-2.6138341	-1.0099065	-1.999426
0.64598477	-2.7751043	1.3359101	2.5765207	-3.2210753	-2.7702544	-1.8689852	0.96941715	1.2935858	0.14162853	-2.364904	2.4511626	-0.26333556	0.30157483	-1.5459987	1.6660243	1.1400737	-1.3288674	-1.5634742	-1.4762466
3.5273237	-4.840092	6.537879	4.583444	-6.5686293	-6.5415673	-3.101941	1.771175	1.4601038	-3.2713778	-5.3184576	6.0662885	-0.8589107	0.062919684	-5.052485	2.6863928	7.913227	-2.9775033	-4.520299	-3.6106331
2.7406244	-7.010914	6.1514916	6.0402284	-6.7781954	-6.7628713	-4.3567133	2.101052	1.5800319	-2.2091632	-7.533028	7.435376	-1.622435	0.58427554	-4.302968	3.8533273	6.1043434	-5.090577	-3.8005707	-3.4237046
3.223668	-5.3890104	6.2915783	3.2857678	-8.307911	-6.134557	-4.9275446	2.408424	4.3016033	-1.6258522	-4.541063	4.5083117	2.61039	1.097843	-5.2964926	2.0822792	5.579582	-2.9821649	-4.569398	-4.0215735
2.7260172	-2.7184577	3.6160796	2.775466	-3.406134	-3.4336944	-1.5485255	1.0769459	2.009363	-1.0241487	-2.6408918	1.7563735	-1.3100048	0.46299148	-2.5071843	1.255828	3.2811587	-2.9831903	-2.614741	-1.8610718
4.833473	-4.106685	4.675067	5.5839667	-7.3004284	-6.230364	-3.614725	3.198554	1.2721223	-3.5462203	-4.860866	7.583389	-1.0850898	0.6774409	-5.9611735	1.8698196	7.2931213	-3.873127	-4.6304693	-4.825373
2.6534667	-5.129354	4.23723	4.703692	-7.093969	-6.923793	-4.138155	0.8272229	0.71235657	-2.000629	-4.8280473	7.0332007	-1.2781619	0.062807426	-3.9194076	2.3135273	5.3009815	-4.3616424	-3.2291005	-3.109272
0.3581972	-2.905424	2.7946072	4.294839	-4.283178	-3.7443922	-3.1596885	1.6487707	0.45244557	0.40947124	-4.7151494	4.0188394	-0.4800133	0.15843184	-2.2513134	1.8850266	2.3063893	-2.40149	-2.283902	-1.7436855
1.2581155	-3.1504376	1.6028392	3.0841162	-2.7907	-3.8125138	-0.8706274	0.79160815	-0.05521796	-1.1649855	-1.217885	3.0924392	-0.21362732	0.8537121	-1.7197244	0.36433145	3.0670686	-2.1234705	-0.18199	-2.5702593
3.5645084	-3.9480822	4.9667788	3.9887023	-3.508842	-5.8333774	-1.9252737	1.0248582	1.2179282	-3.7391384	-2.2009318	5.2412086	-1.6885104	0.70909846	-2.562665	0.1951977	5.3058224	-3.6566122	-1.9577222	-4.1121726
0.9034892	-1.0758485	1.6055775	2.983702	-1.2937804	-2.0352523	-1.4621097	2.2031019	0.17464964	0.26737902	-1.6969959	2.7048898	-0.3359318	-0.2938557	-0.58003646	2.3090355	1.6537029	-0.95385057	-1.4964164	-0.76669335
6.601107	-7.4084883	7.238231	6.296378	-10.119136	-6.6313214	-4.023063	3.034537	0.25792256	-4.8861494	-8.297201	10.762659	-1.2501223	0.82274514	-5.169205	0.4460062	8.721602	-3.3667114	-2.9825947	-5.9055014
1.7108713	-2.2103379	2.6883538	2.8394296	-2.6268556	-4.299894	-1.3321689	0.68301	0.22964886	-0.6833213	-1.5614128	1.9160389	-0.11169246	0.38424927	-1.9045113	0.94397104	2.2832742	-0.5801707	-1.2069229	-1.9621054
2.7718282	-5.8067846	4.7375793	4.630736	-6.845801	-6.7236514	-4.6140127	2.2078812	3.879731	-0.53416383	-4.101049	3.9829159	0.054600094	0.7455883	-6.2646995	3.0955596	6.54028	-3.4160287	-3.5050516	-3.3652706
1.8392	-4.9765964	3.840081	4.4207997	-4.969232	-6.7737317	-2.5325804	1.7997177	1.9903666	-0.08473165	-2.7146928	2.744477	-1.1178305	1.3657722	-5.2690187	3.0208871	7.336756	-4.0814776	-2.7263262	-2.9446778
2.162988	-4.687238	4.3354354	4.0912657	-5.2683673	-5.2300324	-2.612254	2.1638582	0.1763056	-2.595258	-3.864139	5.2744074	-0.6036343	0.57901144	-4.35656	2.4434843	5.4004807	-4.4088655	-3.2204492	-3.2538269
1.2896253	-3.0013642	3.0479503	2.3907144	-2.8564007	-3.700058	-1.2504994	1.02214	1.1713896	-1.3682425	-2.4904563	3.0121946	-0.7422532	-0.029983588	-1.863068	0.9047475	2.1949518	-1.6322473	-1.0694593	-1.6372547
0.21860635	-4.3386636	3.0673757	3.4043953	-4.0002217	-5.1021852	-1.8947676	1.6262516	0.82888836	0.16916221	-1.7560446	1.9727789	-0.4114505	0.50462806	-3.2993708	1.7598652	3.613141	-2.287324	-1.2919608	-1.9260316
-0.049812067	-1.4124116	0.3632987	0.62999046	-2.3447142	-2.0038972	-1.8596039	-0.18308343	0.3206713	-0.7863218	-1.3408284	2.0388024	0.7444468	0.16181014	-1.2752917	0.9554428	1.8287921	-2.0746894	0.106543474	-0.8965345
1.6765957	-3.1096084	3.4616432	2.0189142	-2.8670573	-3.0802915	-1.3644874	1.20474	1.0254337	-1.2948116	-1.2870638	2.8785083	-0.32896912	1.3282697	-3.0707715	0.5038124	4.354356	-2.6346068	-1.3253455	-2.006459
0.44412568	-3.604114	4.502889	3.390327	-4.7744036	-4.396013	-2.1935432	1.6646292	1.8823913	-0.5896562	-2.643815	3.311256	0.4091499	0.65748644	-2.5810099	2.0392232	4.3926716	-1.5754333	-1.1695267	-2.5654757
0.49253333	-3.3296878	2.266749	1.3051944	-2.5970051	-4.130559	-1.4948376	0.44957766	1.164654	-0.90318	-1.5386567	2.8684256	0.11973013	0.7069437	-3.1626127	2.1104355	2.7947695	-3.1315584	-2.1012769	-1.9507718
1.1780936	-2.33783	1.9169366	2.2192109	-2.8991027	-3.938037	-1.8606051	0.77550405	0.80515295	-1.7524229	-2.212974	3.9940295	-0.082768574	0.19419225	-2.6269994	1.7604959	2.630221	-1.5200195	-2.068295	-2.4198947
1.6032938	-5.997132	4.085734	3.9895215	-6.768606	-7.051358	-4.4337063	1.4230194	2.91398	-0.6412079	-4.8969407	5.019136	0.32149708	1.175998	-5.6647716	2.9077706	5.670145	-3.4551864	-3.2293847	-2.8803194
1.6024184	-1.5777079	1.8701121	2.1501331	-1.2626374	-2.6210856	-0.9505696	0.089110166	-0.728876	-1.9081296	-1.0395157	3.468351	-0.9025917	-0.46561304	-0.73708236	0.06584531	1.3362143	-1.5063397	0.39514503	-1.5522927
2.0390928	-3.0263934	2.5749328	3.4691455	-4.0532527	-5.0259576	-1.582275	1.2433081	0.31052703	-1.191482	-2.9702597	2.2207909	-0.85757756	0.16961452	-2.5381262	0.7305617	2.9409573	-1.813064	-1.9815134	-2.4442909
0.92473084	-3.4059544	2.6896696	3.7378013	-4.0691943	-4.971992	-2.7612453	1.6173772	1.6966587	-0.43326148	-1.0491691	2.5109658	0.16601066	0.52536494	-3.0063808	1.6903006	3.1779056	-2.4164314	-1.0413573	-2.581651
1.8937546	-2.3525949	3.9095902	2.5914567	-2.7779698	-3.4162397	-1.6978047	0.28805742	-0.07677982	-2.7215784	-2.2025354	4.6101446	-0.5462624	0.26434252	-1.9253398	0.64367783	3.0050395	-1.803353	-1.0407038	-2.3765328
0.48334944	-4.519678	4.2101727	4.0480638	-5.0710683	-4.828482	-3.058537	1.4487747	1.2871118	-1.0586346	-3.648668	3.9709811	-0.13026138	0.79243195	-2.675718	2.5077777	4.7715325	-2.844368	-1.410024	-2.375475
2.0551538	-4.8229656	3.9296339	4.032544	-6.0807633	-5.4378715	-3.7476492	1.2184206	2.038377	-1.2570516	-5.3330336	5.523711	0.059649378	1.2071955	-4.476806	1.4026154	5.1649637	-3.4291062	-2.6741838	-3.7834935
0.9125698	-3.1454067	3.1615367	3.533434	-3.4754932	-4.0180187	-2.1118376	0.4483314	-0.37033018	-1.3064944	-2.0893004	3.988512	-0.47676066	-0.3995402	-1.3914841	1.2059673	3.0475104	-1.5415664	-1.7034864	-1.9682354
1.4668081	-2.442057	0.8619387	1.3547459	-1.5381565	-0.6728032	-1.2341646	0.57012147	0.90817195	-0.54363793	-0.43947813	2.6610808	-0.83984756	0.34051248	-1.3060304	0.17935885	1.8905725	-1.7474743	0.45389912	-1.3296466
0.09621046	-1.30171	1.5701431	1.5713526	-1.9573774	-0.6061611	-0.8081485	1.0527052	-0.17591424	-0.29899073	-1.6321793	1.5674621	0.5652268	-0.3983949	0.21393847	0.834703	1.3074005	0.023606347	-0.7044963	-0.75876075
1.5388538	-3.0682693	2.4724522	3.9491432	-4.3263397	-4.366586	-3.1145082	1.8879164	-0.0912911	0.0532439	-4.2263227	3.9343693	0.18214482	0.34671324	-3.3366148	1.5842626	3.4154027	-2.2339966	-1.5874327	-1.7854862
1.6018564	-1.194889	1.6134347	1.7827628	-2.3960404	-2.5230343	-1.470383	0.9593337	2.0860782	-0.28183967	-1.1523755	1.5109642	-0.06015349	0.11783938	-1.4520346	0.93696976	2.1847	-0.18660429	-1.4749178	-1.9104972
5.89377	-8.795978	10.185451	7.474316	-12.893485	-12.569096	-7.1021924	3.5223484	3.0057914	-5.5459375	-7.3697057	12.110388	-0.19718246	1.6325995	-9.885712	5.4829717	11.183563	-7.7892947	-7.373286	-7.7779994
2.1199007	-3.1092849	2.2888308	2.9464898	-4.202193	-3.3539119	-2.164723	2.0090327	1.6815943	-1.7345141	-3.3752577	4.9517946	-0.17185035	0.5575509	-3.6335268	1.5136136	4.3774204	-2.4378455	-1.6183457	-2.5267572
0.45999935	-1.9449697	1.3529068	0.61136484	-1.6104723	-3.1503537	-1.8365513	0.019839665	1.4508944	-1.0465204	-1.3284057	2.1084864	-0.2020942	-0.19519894	-2.4016435	1.248057	2.0098255	-1.110714	-1.9275103	-0.934182
1.4004409	-3.995181	2.7834263	1.7874943	-4.197413	-4.9103646	-3.0140274	2.2835186	2.7417219	0.8630871	-2.8052883	2.2810178	0.14838554	-0.09035567	-3.7313151	1.9916081	2.9769566	-3.2463818	-2.085554	-1.4152535
2.6459372	-2.6964927	3.0205207	1.9685184	-4.089731	-3.1724362	-1.8700718	2.1739192	1.1414912	-1.8181471	-1.8072968	3.8088005	0.17090958	0.81591165	-3.1575017	1.3042202	3.388875	-1.7918861	-0.91370046	-2.7058547
0.8131054	-2.7977602	2.4469042	3.0815852	-3.0245612	-3.773562	-1.8735201	-0.55330133	-1.25522	-1.7884939	-1.8435317	3.8876917	0.0969036	0.098932415	-2.1644087	0.26459473	3.3297203	-0.68804437	0.70911473	-1.6249355
5.5447106	-8.017808	11.475919	8.870579	-11.015177	-10.779697	-5.767693	3.5265794	1.2102765	-6.633822	-8.577272	12.479779	-1.9338368	0.36814055	-5.2570367	4.711967	8.004953	-7.0691385	-5.8439407	-6.5600986
1.5639178	-3.2257762	4.281413	3.3687403	-4.806563	-4.205003	-2.1867986	0.80893046	0.6832638	-1.5344247	-1.5448195	4.551997	-1.0450038	0.5411361	-3.4240735	0.80157924	4.1021347	-2.2059443	-1.1716826	-2.9896123
0.39066425	-2.7457867	2.154352	1.9324515	-2.529401	-1.6310362	-0.21583071	0.25310674	0.23383369	-0.61333394	-0.6090867	1.9199692	-1.341669	0.33859947	-1.5354463	1.2350866	2.145277	-1.875651	-0.41186547	-0.88235974
1.0473616	-5.8600607	6.139042	5.1850057	-6.8479967	-9.104647	-5.626423	1.856946	2.6389134	-2.4417274	-5.990648	7.024928	0.5938802	0.37002543	-5.587521	3.5613356	5.857259	-4.792745	-3.2217476	-4.051481
2.5119932	-3.9258165	4.7568135	1.6512812	-3.129989	-5.5778165	-1.6032383	1.622596	1.6354144	-1.6698949	-1.513569	2.769222	0.023514882	1.602398	-3.8011956	1.26927	4.253402	-4.2072344	-1.9469887	-2.7140527
2.2086594	-3.9584963	3.9393444	3.9940538	-5.529797	-4.129641	-2.070811	2.6540642	0.2771256	-1.0335935	-3.6077998	4.0704303	-1.2650604	-0.015298728	-2.5551333	1.4909307	4.838473	-2.1560333	-1.921188	-2.6482081
1.3154875	-4.863302	3.523572	2.2094514	-2.6836846	-3.970166	-1.9617448	0.9167837	1.4120663	-1.0444313	-3.2021155	3.4475825	0.19009985	0.72754204	-2.7529168	2.0296884	3.5695772	-3.4008627	-2.1755083	-1.2550163
1.9034015	-3.5111535	2.7605762	2.3482864	-3.0913286	-3.5608537	-1.3691646	0.7957575	0.09125241	-1.5092202	-2.6405156	3.7863634	0.28294012	0.82913107	-1.733686	1.1290977	3.8960614	-2.3872268	-1.2713746	-2.550015
2.9721599	-6.903747	5.2077603	8.212956	-8.539042	-8.827385	-4.362099	2.4932473	1.1159377	-1.4640975	-5.8467164	6.626571	-1.8188337	1.1924378	-6.095617	2.2690506	7.710163	-4.8166027	-3.5514653	-5.0403934
1.968288	-6.4350677	6.2574887	3.0542061	-8.928664	-6.609155	-4.827986	2.1203728	3.816274	-1.8637928	-4.2527137	4.9924793	1.1442859	0.9963968	-5.754464	3.2391443	6.438605	-3.7825763	-2.5672433	-2.9337692
3.8715556	-4.7658176	6.303579	7.9748845	-6.0606318	-6.6845098	-2.4033666	1.5600163	-0.88250065	-3.6175053	-5.9505506	7.6492205	-2.3818812	1.0913218	-3.2064598	1.0782081	6.1281276	-3.681191	-2.9203813	-4.458602
2.6700459	-3.1149573	1.8376465	2.4744034	-3.1622899	-3.7726247	-2.6695342	1.6169491	2.1654656	-0.8747057	-2.92266	3.5840952	-0.6111957	-0.26664022	-2.2213035	1.0759218	2.8096728	-1.8343923	-2.0335426	-2.1616216
2.289009	-0.22609612	0.42380685	1.5693307	0.6802443	-1.2557721	0.48985928	-0.9848625	-0.98382604	-2.7953048	0.8759421	1.9515944	-1.1845262	0.07166753	-0.46637878	-0.8349493	1.5974778	-0.14406921	0.4961978	-1.5058649
0.08937552	-4.7489386	4.7373557	2.569228	-3.0185242	-3.7108507	-2.125296	1.9746205	2.1475837	1.062369	-3.8188524	1.8891773	-0.71767974	0.100175604	-2.6888428	2.3741553	4.076672	-2.6787717	-1.1576113	-0.18506612
0.9657014	-2.8085432	1.3511063	2.4302096	-3.9880996	-3.6458483	-2.7043796	1.1692904	1.9381225	0.0129220635	-2.12057	1.5530415	1.1730207	0.8860823	-2.613441	1.9056562	2.6647243	-1.9140382	-1.1485004	-2.0336475
6.159823	-3.3503263	4.008482	5.233117	-6.783158	-5.2392755	-2.290065	1.4417895	-0.59441113	-5.236207	-4.1032224	7.9388404	-1.7712069	0.80063355	-4.9103384	-0.48693493	7.0142355	-1.51156	-2.968226	-5.5532236
2.2743285	-7.6351495	7.9538007	5.010069	-7.7697377	-8.231439	-5.577363	1.5266385	2.0222554	-2.7860668	-8.135235	7.1696324	-0.5075415	0.5398815	-6.384605	2.457746	7.328241	-6.066208	-4.298255	-4.133234
0.19216108	-2.727278	1.0532768	1.5724291	-2.3878872	-1.9123758	-1.4385903	1.0756758	1.1323079	0.4365047	-2.30567	1.6040332	-0.5846302	-0.118680105	-2.465747	2.1289961	2.1869967	-1.7105932	-1.6932714	-0.4460585
3.2022684	-2.6032634	4.5686374	3.3796325	-4.557141	-3.8731859	-2.279729	-0.17426917	-1.2427837	-5.3370295	-3.3258781	6.701415	-0.5901455	0.045194704	-2.7319784	0.9774735	4.6421733	-3.3830817	-3.330727	-3.5116415
-0.07081417	-2.1708572	2.3545158	1.3539813	-3.2985997	-1.3127781	-2.1868958	0.5942073	1.0825384	-0.43403825	-1.8721423	1.5609607	0.38093725	0.01857104	-0.59538555	-0.32235456	1.5757234	-0.80903745	0.12319651	-2.0219502
1.6121722	-5.113612	3.0970821	5.160562	-5.106356	-5.261955	-2.4221537	2.5319436	1.1600808	0.46788898	-3.338743	4.419561	-1.1955081	0.75789636	-3.1766553	2.4702818	4.768117	-3.6153376	-2.1001005	-2.3257127
0.02534269	-2.1383004	0.6071111	0.27005965	-1.7882142	-1.6008391	-1.0840936	0.16145632	0.6566483	-1.0127933	-1.2705669	2.6342266	0.09107807	-0.40633473	-0.7056524	0.7984683	1.1399456	-0.8746945	-0.1537508	-1.0279665
1.0715443	-2.352504	1.4850415	2.9705763	-2.361293	-3.3452792	-1.9418002	0.28954634	0.5682799	-0.9830216	-2.514227	2.867609	-0.78078634	0.027020836	-1.7167712	1.4079026	2.864289	-3.004472	-1.7154747	-1.2374296
1.307173	-2.9754844	1.3819491	1.3036935	-3.3005838	-1.8956696	-2.168383	1.9422123	2.4496665	-0.07451763	-2.8548586	2.1785095	0.20990063	0.6626048	-2.8152225	0.7079144	2.7929313	-1.88896	-1.4682212	-2.5006115
1.2703215	-2.5818605	1.1835802	2.488448	-3.111069	-3.2627988	-2.635058	1.1323055	1.828871	-1.9925284	-3.0919874	5.4569955	0.21088767	0.27921075	-3.6761909	0.41508946	2.0703063	-1.6956843	-0.7988853	-3.0339496
0.8432834	-2.9922032	3.027243	3.506844	-4.1455264	-3.2004201	-3.0724232	0.5097028	0.47624984	0.31454083	-3.9822192	2.7274902	0.34250042	0.5166744	-2.2652524	0.6066932	3.5067918	-1.678609	-0.9416201	-1.6278743
2.014028	-5.2758884	4.6143465	4.1012278	-5.7505217	-5.3651314	-3.3102195	2.198513	2.1735575	-1.2150142	-5.0134525	4.3839145	0.12135097	0.49230438	-4.534805	1.7744737	5.540217	-2.8056693	-1.9979622	-2.757856
1.4170748	-3.7379582	3.2548642	2.4237554	-4.916254	-5.309571	-3.5205002	-0.12647204	0.4711376	-3.4716158	-3.7949939	7.031463	0.48136717	0.20304419	-3.384804	2.5175786	3.4364514	-4.234733	-2.1481082	-3.0744877
4.230409	-3.6108613	5.4737544	2.8816934	-7.182534	-4.352126	-3.6948287	1.4292408	1.1386393	-5.115782	-4.8961883	7.180713	0.6642627	0.15627421	-4.6613827	1.2230443	4.709701	-2.0781398	-4.471828	-4.563935
0.033496793	-2.4212797	1.6705726	0.35678414	-2.6936724	-1.482348	-1.6638231	0.059800934	0.65004194	0.010296438	-2.2796657	2.488263	0.6276253	0.2061783	-1.1243243	1.369129	0.7668375	-1.4255625	-1.1324676	-1.1631362
0.7731075	-4.602587	3.6966712	4.270068	-5.080262	-5.011784	-1.7556171	2.7681375	1.1681722	1.2827339	-3.2632983	2.0250068	0.6655577	1.1781378	-3.61141	0.8438691	5.4975195	-1.6107773	-1.8757902	-2.7375262
0.8744126	-4.69484	4.420719	2.7475002	-4.88823	-6.07893	-3.7725928	0.8222175	1.2197021	-0.8977145	-2.8724496	2.9190333	0.053901408	0.4204842	-3.8367383	4.0725946	4.5968027	-4.263659	-2.993344	-1.6755009
4.4944205	-4.4055505	5.8579884	5.944615	-6.554905	-6.1128883	-2.4022233	1.2182076	-0.14432709	-3.456438	-3.549619	7.2249756	-1.2703979	1.7587025	-4.540639	0.77259356	6.1648765	-3.3798761	-2.3742194	-5.3660593
1.8444761	-2.6487627	2.161455	3.3494725	-2.7114756	-3.7223935	-1.5175991	0.9302779	1.5582296	-1.10841	-2.1598454	2.784826	-1.4602147	0.51840264	-2.5290337	1.2640758	2.8148239	-1.8933755	-2.6611419	-1.5654218
1.4688951	-1.5128139	2.5986485	1.480666	-2.2773395	-2.7573073	-1.3675284	-0.037668783	0.70676285	-2.1908832	-1.5229746	2.501418	-0.10874171	0.08897963	-1.1678497	1.1706064	1.4922038	-1.5378209	-1.7577279	-1.5638502
3.3125663	-1.2990655	0.9836887	0.61810076	-2.4168901	-0.3597821	-0.87916726	0.04373556	0.03885012	-1.5618289	-0.07435504	2.58249	0.61246383	1.0336286	-1.1766516	-0.52485764	2.6844761	0.15752673	-0.49371052	-2.0502145
0.07743857	-3.5373125	2.3199284	2.449117	-2.3202844	-2.8174481	-1.9131092	0.4413296	0.8332972	-0.6530451	-1.431622	1.9536229	-0.3913638	0.42652762	-2.0525897	1.9003451	2.7909594	-2.7603197	-0.24123631	-0.88243
1.8541307	-3.270509	1.5055494	2.1442208	-1.665258	-3.662585	-1.7021389	2.937329	2.0776882	0.18978642	-2.8304396	4.1080785	-1.7963156	-0.24022417	-3.7331069	1.5244051	4.420513	-3.162414	-1.1206088	-1.6481411
6.6462255	-5.3132777	7.7480106	8.057424	-6.865918	-7.6168566	-2.1073546	2.1679583	-0.93772256	-5.7955294	-5.6548524	10.715947	-3.0418053	0.016496224	-4.35354	1.4150097	7.2982316	-3.59572	-4.5471463	-5.861938
3.414074	-2.8829095	2.654119	1.1895535	-4.0964446	-2.9066088	-1.9631153	1.0270973	0.9993178	-2.720124	-1.7464206	3.8712347	0.26991713	0.60039467	-3.3579724	0.15104194	3.9007728	-1.499738	-1.2806672	-3.2391706
1.6161158	-1.5894926	1.321954	2.7910466	-2.1595669	-1.4104118	-1.2534587	0.9246502	-0.4637149	-0.9968628	-2.3915372	3.1706698	-1.332979	-0.32123032	-1.031324	1.5610956	1.7347581	-0.656575	-1.4634976	-0.84173614
0.67995274	-1.6514634	1.9098805	1.1408823	-0.6961791	-1.8551986	-0.39949942	1.5279697	1.8021759	-0.30299193	-1.403842	0.3915162	0.40344882	0.9237162	-2.5263648	0.6609484	2.8762085	-1.0492533	-0.7717164	-1.5574802
1.8916494	-2.5116704	3.4956055	1.3752553	-3.5637336	-1.2207114	-1.6667135	0.927363	1.9689964	-2.1680732	-2.5560648	2.3093	0.5225047	0.51975805	-1.7104181	-0.206745	2.3451326	-0.025362765	-0.71610594	-2.2147603
3.3341339	-4.68123	6.4775662	4.322691	-6.1345596	-7.1572924	-2.4664707	1.4609381	0.4829845	-2.0802493	-2.8990397	5.4394436	-1.8382006	1.4181612	-6.297295	2.6358724	5.9370294	-3.0110986	-3.5993204	-3.5801811
2.5813854	-7.904576	8.222776	6.682933	-8.249567	-8.306118	-5.2936954	1.802158	1.7347528	-3.614173	-8.4060335	7.8165774	-0.42271236	0.59434426	-5.8275347	4.061044	6.675053	-6.0572433	-4.562258	-3.9436438
2.7138	-7.0113883	4.733631	4.832817	-8.495282	-7.304018	-4.896079	2.0513847	3.1667898	-2.231201	-6.262157	7.270851	-0.3765254	0.7964514	-7.380586	3.854136	7.5349565	-5.6881204	-4.979291	-3.8550038
1.7720077	-3.6350484	2.2347937	3.7857025	-3.583845	-4.29993	-2.06411	0.4455523	0.19570637	-2.5209887	-4.0010777	5.58546	-0.4860525	0.5535749	-2.7791502	1.528182	3.8214498	-2.4427056	-1.9324962	-2.970447
2.4156284	-2.6924024	2.375018	2.620809	-2.289659	-4.143213	-1.234433	0.8903841	1.1362659	-1.2093201	-1.2214315	2.1979969	-1.089384	0.53042495	-1.9716079	0.4604618	3.3137076	-1.8456692	-0.6791193	-2.117042
2.513954	-0.4934042	0.6776161	3.0213702	-3.2193935	-2.0380876	-1.4719847	0.941666	-0.03675711	-2.9080281	-2.1426086	4.512074	-1.003396	-0.8116966	-1.7962704	-0.10337289	0.5830755	0.15183815	-1.7140981	-3.325232
0.9120859	-2.9765666	3.35837	2.4236555	-4.4693274	-4.2866344	-1.9352558	1.509579	1.5461022	0.47242066	-2.4030664	1.5886464	0.3169448	0.5760172	-2.9140604	0.95693684	4.2507153	-2.1064894	-2.3321333	-1.7002532
1.5578032	-1.811373	2.5388172	1.7375892	-3.0472212	-2.9570916	-2.0832772	-0.8557758	-1.7987372	-2.9419715	-1.7514049	5.590642	-0.7475451	-0.7378607	-2.1004815	0.5252881	1.8860097	-0.95822805	-1.1455773	-2.5208137
1.147644	-1.9591837	1.1703656	0.25981656	-1.509836	-1.642142	-0.76229894	0.38166416	0.6040836	-0.06832249	-1.7957225	1.5173973	-0.21977597	0.47106576	-2.432578	-0.68925935	1.8917229	-1.2845207	-0.8349918	-1.2498953
1.602609	-4.7888837	3.4414277	3.2329829	-4.531632	-5.5957575	-2.9329793	2.4311266	1.7861819	0.5210282	-4.6279263	4.6549697	-1.1724579	0.06368494	-4.9383674	4.040429	5.419141	-3.844251	-3.5094743	-1.5432533
1.2761925	-2.328945	1.1794517	2.5075154	-2.0177562	-3.1927912	-1.5769265	0.2062128	-0.276973	-0.4736864	-2.5862226	1.8049738	-0.5189668	-0.42412975	-1.3518095	0.7951942	1.617391	-1.0222788	-1.2089858	-0.7349006
3.375145	-3.348303	3.880594	2.337066	-5.3153367	-4.7887454	-2.6055262	1.1999931	2.328461	-2.1834505	-2.360938	4.5022388	0.15866227	1.1001905	-4.6027884	0.94723207	5.520996	-2.180702	-3.0016882	-3.0658832
3.39646	-7.4038324	6.3612704	5.819619	-7.239525	-7.2536874	-5.046493	2.68126	2.8316412	-3.1828253	-6.249193	7.5381927	-1.5783595	-0.3793779	-5.8065243	4.316584	8.175151	-6.3008265	-5.14643	-4.2243147
2.9528942	-5.4102917	5.212977	5.092982	-7.1634316	-5.485601	-4.046372	2.2716262	2.4079964	-1.9207801	-5.5161223	6.599848	-0.61341965	1.3194458	-4.802907	1.6059375	6.0179157	-4.8782616	-2.2965975	-4.448942
0.8824597	-3.515603	2.206153	3.1887145	-3.6129656	-2.9616878	-2.002404	3.1106186	2.0236645	0.43313545	-2.7049062	3.134374	0.20560886	0.5486322	-2.3647082	1.7608185	3.633613	-1.6796625	-1.7029629	-2.4277205
4.7714033	-5.952826	6.5608764	5.0828857	-8.713378	-8.428095	-5.6321664	3.97229	1.6558275	-3.2934155	-7.243735	9.425679	0.40557835	0.6640343	-8.764504	3.9139588	8.4477215	-4.855178	-6.012704	-5.3151045
1.3339019	-2.5071738	0.93096095	1.005562	-1.8411872	-1.4330926	-1.209632	-0.09488175	1.1260048	-0.37276873	-1.3114364	2.851651	-0.8033799	0.17321351	-1.1867867	1.3380485	1.3448309	-1.6223714	-1.8817842	-0.8260928
0.4665112	-2.0668168	0.94975376	1.3973366	-2.025091	-1.3992746	-1.9282968	1.5244213	1.0602387	0.26648772	-3.5439572	2.4677002	-0.123714164	-0.85406744	-1.7370851	2.353635	0.50678027	-1.333133	-2.7012486	-0.657903
2.8581893	-4.2843084	3.4817307	4.4505	-5.5904937	-5.8842363	-3.294279	-0.17496018	-1.2710247	-3.4397256	-4.414978	7.560531	-0.7301196	0.21824549	-2.9181192	2.0576036	3.8060677	-3.0484037	-1.4433206	-3.1691518
2.056047	-2.4173505	2.8175066	2.340881	-2.9219437	-3.8479826	-1.2847478	0.71218944	0.48680943	-2.0640776	-1.3626528	4.18417	-0.13526756	0.6755559	-3.1556456	0.70809793	2.212755	-2.5083597	-0.73745763	-2.1164231
1.6581448	-2.7030568	2.004973	2.1036923	-3.846299	-4.00251	-2.0794854	0.5717893	0.8445444	-1.414796	-3.3576708	3.4455903	-0.30708215	0.16819756	-1.6013731	0.20453994	3.4228408	-1.9070333	-1.8881842	-2.3438587
0.8333738	-6.4467115	4.694639	5.387119	-5.5340176	-7.5247726	-3.5784068	-0.033709623	2.0465555	-2.0147822	-3.202936	5.976689	-3.1256893	-0.12078259	-4.2675433	2.7256975	4.1265364	-4.484153	-2.3111496	-3.9617052
1.968015	-0.8178677	2.087782	1.9618493	-1.1844354	-1.534088	0.45145148	0.1635434	-1.0559093	-1.7716659	-0.7827346	1.8315525	-2.2097597	0.13470843	-0.74742836	-0.05383993	2.505898	-1.2543498	-0.298357	-0.82061046
4.082891	-8.866244	4.9034634	6.799559	-8.729193	-9.375217	-5.1791387	4.4182982	2.8575351	-0.08923456	-6.547063	8.275226	-1.4395252	0.735505	-7.295399	4.61321	8.8883095	-6.4073257	-5.624429	-4.9304028
0.04624428	-1.4719574	1.8962098	2.9024239	-1.1862568	-1.9059074	-0.75082356	0.21362899	-0.1486631	-0.2224424	-1.1522639	0.84560406	0.08100286	0.45795822	-0.8745354	-0.38240248	2.0974476	-0.83981997	-0.07580778	-1.2621524
1.5656806	-2.5510452	3.12743	2.2806866	-3.8823028	-4.3434014	-2.7275627	1.4366857	-0.1464276	-1.24342	-3.3879335	2.7645192	0.0022767882	0.3894413	-3.5637016	2.148409	4.173316	-2.901057	-2.826232	-2.1623504
0.41051114	-2.3270423	2.6830068	2.1461246	-2.8696315	-2.1797152	-1.0456183	0.55341256	0.6093386	0.06411824	-1.375608	1.5478904	-0.029012976	0.21496767	-1.6492176	0.39522365	1.4944557	0.0034747082	-0.1203215	-1.0114119
-0.19511098	-2.0051494	1.0143876	1.4102437	-2.349471	-1.9229683	-1.3751235	0.51122606	0.23377684	0.18934017	-1.0134026	1.2333373	0.044391517	0.68303543	-2.3295393	1.6410571	2.4092631	-1.9219959	-0.2506484	-0.5624475
3.1557732	-5.1123366	4.3644695	4.041065	-7.772466	-6.5142994	-5.9705205	1.17554	0.9296932	-2.0274057	-6.034963	6.333706	1.3700027	-0.029429838	-4.952144	3.7678757	6.0638857	-3.7939963	-5.694316	-3.647789
0.35531035	-1.9911289	2.5933888	0.69631124	-2.227116	-1.9488217	-1.4554158	0.58688414	1.2698294	-0.85100526	-0.8287948	1.3400111	0.9340185	0.694302	-1.610721	0.4119489	2.2453785	-1.0206574	-0.81688917	-1.6609225
4.204409	-2.7475898	4.2198887	3.8104327	-4.1535635	-2.697871	0.6255062	-1.0900801	-3.0404391	-4.461063	-4.676858	7.1395445	-3.5224245	0.10460247	-0.84205306	-0.7285425	3.5115395	-1.383498	-0.5718121	-2.5533333
2.7334023	-2.3160605	4.1711936	1.5944078	-4.6834373	-0.84057885	-1.9475033	0.9705044	0.9252299	-2.4753983	-3.6748297	3.6080964	-0.3260703	0.94279706	-3.1402996	-0.65575707	3.9465528	-1.5876346	-2.6624384	-3.3762946
4.342619	-5.085165	6.0279136	7.3465223	-7.3532376	-7.3597	-2.234154	0.26897058	-1.2420331	-3.6321893	-3.6335485	8.513979	-2.2180204	0.45976087	-3.2216642	2.9115393	5.5035934	-4.230746	-3.4859922	-3.1624749
1.3643659	-2.481363	2.106006	2.8360162	-2.6386104	-3.3024392	-1.243937	0.7821352	0.26711872	-1.3374896	-3.1162415	2.5216362	-0.10226322	0.81206465	-2.2455328	1.4334848	3.130745	-2.175594	-2.1482432	-1.7752553
0.8655905	-0.54134285	0.82235056	0.61950254	-0.36091158	-1.8243839	-0.14685698	-0.22936238	-0.23051241	-1.6679556	0.042079892	0.94517213	-0.19782841	0.9909438	-1.5585461	-0.035014156	1.4393593	-1.0639555	-0.6258364	-1.736505
2.9316587	-4.131672	4.6089163	5.2461176	-6.9942646	-6.719175	-3.794367	1.654788	1.1361489	-2.2709255	-4.818628	6.061527	0.89340055	1.1049434	-4.2396436	1.4571091	4.602004	-2.0814223	-2.308431	-4.1766458
0.794987	-2.861117	3.2366009	2.4145553	-3.009541	-4.066876	-1.3564813	0.85459095	1.3179598	-1.6748977	-1.0447589	2.3872466	0.04701202	1.0981001	-2.7597973	1.4912307	3.667786	-2.2022424	-1.1083521	-2.4632342
2.616746	-6.2162747	5.4031887	5.885641	-7.198129	-7.78372	-4.715692	2.1569402	1.565242	-1.3042665	-4.429091	6.7811637	-1.226848	0.57316065	-5.159097	3.2660193	5.9532075	-4.682735	-3.2851493	-3.8435316
1.2098517	-4.07435	3.4105177	3.1853447	-5.226562	-4.2200904	-3.0602946	0.58399	0.728826	-2.1052685	-4.560974	5.2847075	-0.80294454	0.36664483	-2.3797524	2.235836	4.68982	-2.5293686	-2.5720236	-3.1602497
1.0793418	-4.884143	4.349853	5.4349046	-7.0662775	-6.997989	-4.931526	1.4221976	1.0643151	-1.7916455	-5.346266	7.0573573	-0.24625187	0.58540934	-4.9245157	4.010599	4.932621	-4.276346	-3.5243993	-3.2488244
1.883701	-6.2336984	6.7282834	4.95767	-8.345018	-9.144607	-5.732789	2.1513386	1.4352902	-2.7173033	-8.104158	7.684357	0.01318017	0.99292743	-6.966688	3.899851	8.54653	-6.679471	-4.200642	-4.4130917
1.2156094	-3.857136	2.3022134	2.1904347	-3.841175	-5.025356	-3.033521	0.23144811	0.5122204	-0.8666355	-3.8199024	3.3366392	-0.38173443	-0.32729548	-3.9300132	3.1371424	3.53124	-2.7384174	-3.2353082	-1.1891658
4.260243	-3.8022902	5.681189	5.6762166	-5.7568536	-5.561675	-2.1921337	1.5284438	-0.8169068	-2.7144108	-4.26787	5.769067	-0.6097656	0.6027999	-3.9940915	1.2427462	6.2427597	-3.4010115	-4.189925	-3.1394515
0.95950645	-5.3210483	4.0895243	2.9886682	-5.0154195	-6.672001	-3.4504383	2.2205174	2.1689723	-0.45701772	-4.1252513	5.140516	0.20095281	1.5356352	-6.9136057	3.0442393	7.2831674	-5.605833	-3.3493598	-2.5999336
2.38162	-5.9386396	4.7174935	6.402778	-7.7709193	-6.634346	-4.4775157	2.2423556	2.053029	-1.4413469	-6.3860283	7.055211	-0.16477583	1.2005454	-4.337642	1.8257492	6.261287	-2.9164317	-2.5392966	-4.3525157
0.58296657	-3.1487343	2.0761323	0.82818955	-2.7407901	-2.3727994	-0.9763803	0.56207234	1.5614787	0.07592425	-1.8642073	1.3551409	-0.32565185	0.21242292	-1.6526759	-0.2083953	1.6264695	-0.91894436	0.25213704	-1.278055
1.74666	-8.051862	5.6281924	6.2243123	-4.674654	-9.206048	-2.4377205	2.9175355	3.1577296	0.21458812	-4.6716423	5.2958837	-3.876499	1.1115344	-7.5168767	4.384568	9.384167	-8.45597	-3.425368	-2.17508
0.63547164	-3.8556046	3.366583	3.9664905	-4.8443446	-3.3558533	-1.8386933	-0.4875358	-0.42825884	-1.0194956	-2.4151778	4.307393	-1.0390428	0.031186597	-1.3105444	0.35538745	2.306885	-1.7298183	0.48553595	-1.7127973
1.1166537	-4.0635047	2.7714832	3.6196244	-5.2696147	-6.909546	-3.087859	-0.4759491	-0.10111944	-3.8844287	-1.8134043	7.307645	-0.27441275	-0.18421926	-2.2158287	1.3200667	5.372797	-4.3362184	-1.2535659	-4.103394
2.5029557	-4.9845266	3.6618342	4.3421044	-6.343512	-6.2174354	-3.8939593	2.6565788	1.6745307	-1.8926165	-4.6478515	5.411543	-0.037379246	0.53879863	-4.304112	1.6239271	5.5578537	-2.9481366	-2.0241373	-4.2833443
1.5350932	-6.7946644	6.2696877	6.7161517	-8.234098	-8.972547	-5.0854664	3.267775	3.2959368	0.4819713	-7.2481365	5.878788	-0.31399623	0.86495966	-5.9026675	3.4227023	8.060816	-4.329034	-4.452155	-3.9287736
1.2680597	-2.2483897	3.165576	0.69516736	-3.3903375	-2.2274973	-2.150638	1.6702319	1.5928777	-0.68386036	-1.9349315	1.8420236	0.87846255	0.7071207	-2.7452013	0.429294	3.6134837	-1.4043725	-0.8580488	-1.2237992
0.46548197	-3.1672802	2.7973967	2.329425	-3.1162276	-4.691394	-3.1374671	1.6909738	0.46336007	-0.5384334	-3.7097116	5.149147	-0.46593833	-0.19290508	-4.171407	3.820102	3.4569552	-3.973218	-3.4647593	-1.6012815
1.4569263	-3.5883534	3.20339	1.8672087	-3.261754	-3.3579562	-3.0738208	1.4371006	1.6093261	-1.1970042	-3.792422	3.6371894	0.063767396	-0.1576036	-1.0573806	1.8228421	2.5155127	-2.3907595	-1.8244671	-2.4766273
1.3134861	-3.9749358	3.9541068	5.102396	-2.127399	-4.8223987	-0.1329864	1.501283	0.96088517	-0.30419016	-2.1126704	2.3377316	-1.8982311	1.1158407	-2.2172332	1.5845014	5.3350654	-3.320983	-1.6390287	-2.0171468
1.5342315	-2.8040442	2.4165366	3.681718	-3.4941657	-3.0317662	-1.3345593	1.1852535	0.10527233	-0.94468683	-2.6034863	3.080675	-1.0951632	-0.1342124	-1.8320667	0.98285115	2.5693715	-1.9070232	-1.6803814	-1.5974613
1.2218822	-3.4524944	2.4706817	2.669047	-3.3655713	-4.060341	-0.94810337	0.5882313	0.8575336	0.04881053	-2.2716537	2.0720584	-1.8125914	0.53649485	-3.0803137	1.9597567	3.7258213	-1.830293	-1.8465827	-1.1543932
0.33631182	-2.9486074	1.1881101	3.2002563	-3.3319483	-3.7076504	-2.7426627	2.5464575	1.0263394	1.065328	-2.783074	3.0851982	-0.062198386	-0.023017721	-3.3868778	3.2055192	2.9855134	-2.3793097	-1.5558572	-1.2134444
2.7443237	-5.7107644	7.1601157	3.0233529	-6.7340913	-6.995004	-4.7502203	0.49070743	1.613856	-4.044108	-6.861815	7.3067465	-0.7665738	-0.0807793	-5.3422065	3.4558444	5.698385	-5.138128	-5.1724596	-3.9284632
0.8042775	-7.610525	5.7533903	4.83071	-7.2463884	-7.761706	-4.4683824	2.7571633	5.188464	1.1065191	-4.269668	3.0045867	-0.47961494	1.408682	-6.561016	3.6276217	6.9313936	-4.5061474	-2.240587	-2.640558
4.0910172	-7.5114627	8.760135	7.267785	-11.733623	-9.55701	-5.108028	2.505174	1.6123631	-3.3500624	-8.886075	9.761344	-0.69057477	1.7114816	-8.285134	2.48377	9.671924	-5.4240847	-5.132656	-5.7783365
-0.119296186	-1.4573888	0.09149412	-0.0075822724	-1.7223879	-0.7278823	-2.718377	0.41354492	0.3091831	0.31889796	-0.14570743	2.2654002	1.5123769	-0.86493284	-0.14256045	0.34658477	-0.19079961	-0.3025116	-0.15626228	-1.7320757
1.4551826	-1.789769	3.3341715	0.960237	-2.469019	-4.4582286	-2.486425	1.1293669	1.698905	-0.36967248	-0.654095	0.6307784	0.58860564	0.39914584	-2.9509826	1.1759878	4.079668	-1.282831	-1.5942155	-1.158024
2.077433	-2.892502	3.052191	3.9761796	-3.9362967	-4.6264896	-1.9029053	1.4551256	0.24778427	-2.5115306	-3.648599	5.3503976	0.7322317	1.3165448	-2.9817333	0.35521573	4.537995	-1.3604128	-1.2476926	-3.8432474
2.3075392	-5.6831937	3.8445675	5.6610246	-7.0206842	-5.8102484	-4.0861845	2.2551353	2.3911982	-0.04607889	-5.2631564	4.3842854	-0.8593672	0.720061	-2.93826	1.3335525	4.613752	-3.4529846	-1.8830332	-3.2669938
1.7624123	-5.4483624	5.9375696	2.5678186	-4.7848783	-5.0613055	-2.6748555	2.4137259	2.4853103	-0.83492374	-3.4210675	3.6529727	-0.5825838	0.37417454	-4.3768954	2.66202	5.995586	-2.9739866	-2.5744143	-2.1134746
3.9213355	-7.907714	6.797803	7.0752215	-10.763726	-10.7922735	-6.196084	2.6514544	3.3021967	-2.8843405	-5.3534293	9.697987	1.0517215	0.82286406	-6.448655	2.8591354	8.28651	-4.8772345	-3.5071461	-6.720268
1.3630124	-3.2701933	2.4403553	2.606454	-3.8231688	-4.583196	-1.7604959	1.0938746	0.1838393	-0.5633515	-2.0116234	3.324485	-0.20151296	0.75911015	-3.2231011	1.5338836	3.9153278	-2.0379803	-0.8626563	-1.9944956
1.2190633	-2.9212463	3.470449	1.9767936	-3.3217216	-3.6638944	-2.087363	1.7960331	0.34749514	0.056162026	-4.7319145	3.123497	-0.55741537	-0.081683904	-3.121813	1.4053982	3.575503	-1.34587	-2.3127234	-0.34971744
1.8212951	-1.6579454	1.5813781	1.3571788	-2.0605145	-2.240437	-0.9647317	0.22131486	-0.09295599	-1.2339368	-0.0071591614	2.8208573	-0.25281352	0.9183203	-1.6995575	0.6706067	2.0114174	-1.6647393	0.03080883	-1.5645956
0.699381	-2.486734	2.744301	2.187606	-2.100495	-3.5934365	-1.336738	1.8701384	0.7429857	-0.7617585	-2.8111908	2.0674343	-1.3125427	-0.20457572	-3.0878015	2.6926897	2.8232098	-2.254991	-2.2080693	-0.89396554
1.4511378	-4.0555367	3.691904	3.7798817	-4.6364145	-5.538169	-2.3603747	1.443106	-0.30681857	-1.5172879	-2.4219587	5.7601304	-0.10581743	0.9983218	-4.166937	1.6104238	4.648179	-2.3205338	-1.0764883	-3.218196
1.5653387	-2.4393463	1.8454857	0.99728984	-2.468541	-0.9900696	-2.005513	2.1283345	2.0281746	-0.35406864	-3.0343435	3.2188447	-0.3830954	0.38657317	-2.7798831	0.8876624	3.5812106	-2.2778924	-1.3964537	-1.4372584
0.7846227	-1.9811649	0.59750026	0.7443698	-1.86533	-2.1172726	-1.0321631	0.88743174	1.3905578	0.21934159	-0.8785259	1.8086605	-1.0846357	0.06266617	-2.4965937	1.4383296	1.0642674	-1.8440144	-1.6492364	-0.7190336
0.97124636	-2.8017654	2.3440957	2.821589	-4.2578673	-3.849357	-2.3143177	1.4733584	0.49121585	0.3261734	-2.619128	1.900872	1.0252762	1.2646301	-3.0994184	-0.24895906	4.035175	-1.4491683	-0.5808442	-2.2205217
0.8109229	-5.280934	4.951628	4.4416723	-4.5369635	-4.8115783	-1.9426821	1.7292638	1.191909	-1.2419801	-4.413824	4.1675844	-1.3411611	-0.15243283	-2.7477543	1.7378676	5.217953	-2.4091146	-0.7486885	-2.1836736
0.04778189	-2.809115	1.8529422	2.3534174	-2.049058	-2.9408364	-0.99056196	1.7531544	2.0568943	0.029647892	-1.2753851	1.9526705	0.061864715	0.74867815	-2.2334905	1.8966368	2.4870245	-1.2563987	-0.7437979	-1.2995633
1.1253724	-2.1864667	1.0633605	2.304672	-2.325481	-2.315018	-1.9342242	0.63744617	0.6261769	0.037810065	-1.8367894	1.29056	-0.34815258	0.68371403	-0.44992572	-0.3861599	1.1347077	-1.0281138	0.067241855	-2.1876798
1.0974256	-5.037565	3.754884	5.200987	-5.7338195	-5.40487	-3.271802	1.9556236	0.7935259	1.6249545	-4.4842877	3.0075903	0.3797585	0.8344593	-3.424918	2.0893235	4.341649	-3.0108082	-1.9883454	-2.3784077
1.1237061	-3.5030546	2.5638366	2.4064112	-3.164099	-3.5251803	-0.85610545	0.34595716	-0.4059324	-0.32208297	-2.3780897	3.1300392	-0.6126208	0.26497248	-1.8365185	0.10573373	2.8463616	-1.4034	-0.3139058	-1.4449034
2.7148492	-6.1759877	4.1039495	5.9790683	-6.4273276	-6.2386084	-3.5210605	2.6690662	1.7066226	-0.23240373	-5.699177	4.4667063	-0.90520453	0.68431604	-4.5018578	2.5607758	5.5024023	-4.23345	-3.7605405	-2.8286958
0.71684784	-4.1603494	2.366412	2.6632726	-6.357148	-4.364383	-5.002457	1.7409616	1.1001316	-0.23257047	-4.140798	4.7270756	0.29567024	-0.15118971	-4.7965956	3.3912628	3.594273	-2.9888055	-2.8823655	-2.3259125
0.84700626	-3.4127972	2.137523	2.0908315	-2.5545428	-3.4576457	-1.5772423	1.2611115	0.81596035	-0.107021086	-3.2137864	3.221904	0.13973495	0.4267515	-3.2286875	1.0923128	3.3280978	-2.4488406	-0.9545601	-1.1388359
2.0532467	-4.4486814	3.0844016	3.894734	-3.9126868	-5.2221465	-1.3038211	0.3473399	0.19436774	-2.4463701	-3.6813302	6.404904	-1.4253606	1.381744	-3.9895396	1.6849753	5.081205	-4.419622	-2.0758266	-2.9716237
2.1941125	-7.3879995	6.590765	4.4470515	-8.217058	-9.258508	-3.7398708	3.7018507	1.8538972	-0.7544464	-5.3243103	6.814377	-0.94457865	0.67694724	-7.233247	4.4349685	8.442001	-5.8129053	-3.6786904	-3.742024
1.5320573	-1.4925486	2.7777393	1.5891439	-1.6550809	-2.8149421	-0.7080045	0.8381521	0.09998032	-2.0526037	-0.6511529	3.35242	-1.0038756	0.4971038	-1.5548981	0.6062651	3.5578568	-2.0037377	-0.746613	-2.0357893
1.7782059	-3.4202607	3.4593809	2.801999	-4.5570874	-4.338962	-2.1891966	1.279188	0.36022475	-2.5168338	-2.7482598	5.06214	-0.10016448	0.74671316	-3.0007684	1.1015311	5.013306	-2.5919175	-1.3819854	-2.9751575
0.48211467	-2.5749104	2.428022	3.0250325	-1.9197671	-3.235142	-1.5429126	0.46964133	0.5172706	-1.4496901	-1.4517959	2.1649709	-0.5565088	0.44507417	-2.1133034	1.9898716	2.6855257	-1.6324627	-1.3562291	-1.5910629
3.4207714	-4.597249	5.528261	4.7670145	-5.6068554	-5.089211	-3.6794362	2.2036014	0.30515614	-3.3684	-5.5095873	6.987136	-1.1381028	-0.4801993	-4.0265203	3.5345716	4.649565	-3.9275022	-4.3847213	-3.370604
1.3767672	-0.79747385	1.6814445	1.50951	-1.453974	-1.4963937	-0.547896	0.5434404	0.09431564	-1.2466635	-1.1907762	2.470288	-0.619147	-0.5811292	-1.0673118	0.22456215	1.6774504	-0.29651722	-0.43378183	-0.85113823
1.7094162	-4.198392	4.3748503	4.3364496	-6.882041	-5.296243	-2.561184	1.9944272	1.282779	-0.86704224	-4.3908544	3.8790574	0.9911263	1.771736	-3.8579812	0.6653949	6.0016356	-1.1615964	-1.3030291	-4.029159
0.23459077	-2.5078876	1.8961998	0.8017995	-2.6474442	-1.4992778	-1.090727	0.41254178	0.56429636	-1.8380572	-1.4435525	2.107061	0.1900611	0.57854956	-2.5986047	0.050346345	3.0338924	-1.377868	0.4195384	-1.9572899
1.7901409	-2.100259	0.7839902	0.8840014	-1.651507	-1.9111552	-0.78923726	0.9588131	0.086873405	-0.8944563	-2.0125313	2.2039855	-0.773635	0.24363524	-2.091987	0.3489773	2.2742538	-1.7313689	-0.5038072	-1.3552521
0.6272538	-4.390647	3.619956	1.7383081	-4.525046	-4.1415415	-2.8409312	0.8151044	1.4609913	-0.9265318	-2.8102078	3.2118058	1.5253199	1.0154228	-3.0556855	1.8864809	4.385759	-2.391055	-1.0154072	-2.3964114
1.0775144	-3.162912	1.9587379	2.1952987	-2.864762	-3.0909472	-2.0060427	1.9056642	1.1288445	1.1598569	-2.872899	2.7596228	-0.8900784	0.46049196	-3.1937077	1.3001803	2.8333828	-2.367648	-0.070494354	-0.9390588
0.8430559	-1.3984411	1.1225915	2.636401	-1.5935292	-1.220954	-1.159075	0.12156539	0.103887826	-1.3812999	-1.4231787	2.0274715	-1.7244699	-0.5470761	-0.29638785	-0.42592943	1.1441935	-0.85292774	-0.29575047	-1.1503849
1.0488828	-3.2023878	2.6402333	2.9147823	-3.820767	-3.1216056	-1.9806592	1.5133299	1.0216022	0.43274125	-3.5299916	2.1192434	0.18821014	0.15041462	-1.3660156	5.0577535e-05	2.7060122	-1.2039849	-0.84486246	-1.8406653
0.82160115	-2.672442	2.704288	3.5147996	-0.65643674	-3.518948	-0.1928954	1.3805994	0.057922386	-1.999028	-3.2207727	3.9042027	-2.250323	-0.10399221	-0.749399	2.7297838	1.1242535	-2.859639	-2.1945004	-1.609861
3.1457784	-4.666849	3.2766337	3.2547123	-5.0320783	-4.2444468	-1.2356814	-0.43934125	-0.6109036	-2.9646347	-4.151825	6.8900795	-1.3639421	0.90698355	-3.5606263	0.4153827	6.037536	-3.7872896	-1.7311306	-2.9365504
1.6587982	-8.3319845	5.1416197	6.8311048	-6.086521	-8.023298	-3.1181607	3.6396163	3.4584675	1.5528135	-5.331076	4.612531	-2.7137775	0.9548573	-6.2185125	4.2286625	7.9127693	-6.3604827	-3.2713928	-2.4746783
1.2740284	-1.3573128	1.9095198	2.2437148	-3.1197104	-1.2577894	-1.1676064	0.2567706	-0.4503108	-1.0103933	-2.6554172	2.579354	-0.3759336	0.43943593	-1.0153301	-1.1186734	2.2126296	-0.19559622	-0.19966319	-1.5984223
3.9256105	-6.52467	5.057317	5.6432624	-8.575341	-6.9986224	-5.0607233	3.4344287	3.8903785	-0.13375187	-5.789698	5.523311	0.8175349	1.2351551	-5.968925	2.193497	6.468856	-4.321898	-4.558302	-4.50445
2.1553848	-2.405171	2.1727507	0.23334798	-3.792344	-2.1050851	-2.6012204	1.0349991	1.4433848	-1.7753992	-1.8604505	3.0223198	1.3162128	0.2535166	-2.7900434	0.62041384	1.772359	-1.2615056	-1.3441739	-1.9053141
1.3152217	-4.7885895	2.704176	2.6190646	-3.584379	-4.215878	-2.0649674	2.3030617	1.2042687	0.3508668	-3.1309547	3.5958529	-1.7764621	-0.08062088	-4.6412206	3.1923683	4.959513	-4.2045846	-2.6021767	-1.3599125
1.6452849	-4.7293477	5.424263	3.8029556	-4.9784884	-4.4532027	-2.0751646	1.5721754	1.9804891	-1.4571784	-3.5239022	2.316524	-1.2374783	0.25839588	-2.506363	1.9520243	4.679338	-2.6256723	-2.1165473	-2.4705722
2.7360969	-6.673701	7.737713	5.6099463	-8.036599	-8.175099	-3.467468	2.171978	1.6869881	-2.5856216	-5.6855073	6.036295	-0.33289018	1.2935668	-5.0814037	1.7690238	8.503708	-3.6674275	-2.466118	-4.202196
0.35652098	-6.126032	2.983526	6.2556252	-5.556752	-6.534455	-4.6988134	2.6264842	1.6652641	0.24488063	-4.7559905	6.3107486	-0.39339817	0.35715815	-4.2221494	4.2278914	4.7744203	-4.357213	-2.109289	-3.0027294
1.5329579	-3.0403712	2.31368	0.48420042	-2.373493	-2.6971567	-1.2744197	-0.07792824	0.7252359	-1.1393859	-1.6544464	2.5202212	-0.41042817	0.623329	-1.5486712	0.7923743	2.0027575	-1.2337773	-0.31079704	-1.8318628
2.4391243	-2.965402	3.365058	2.894702	-2.9534566	-3.147475	-1.7242038	2.1733725	1.3967255	-1.8970256	-3.661544	3.439785	-0.41348583	0.47603193	-2.3975708	1.618965	4.069894	-1.4249445	-1.5709774	-2.4464924
1.5706844	-3.5444965	3.114745	4.4053674	-5.833911	-5.049745	-2.8696535	0.9276152	0.7634874	-1.2305495	-4.3461943	5.229332	-0.18784834	1.0070825	-3.903527	1.0318118	3.5077207	-2.9424264	-1.6336557	-2.8330667
2.6542852	-4.2332225	2.76214	2.1929002	-4.766299	-4.1975226	-3.7758265	1.1845763	1.1610965	-1.984327	-4.983544	6.147763	0.702756	0.51900285	-3.980025	1.7850372	4.133064	-4.3079963	-2.9942172	-3.0430205
1.7887552	-6.385043	3.5467284	4.363717	-6.675995	-5.6936088	-4.636583	1.6132082	3.1368206	-0.60319227	-5.0741477	5.919716	-0.2849443	0.5745575	-4.6576223	3.2228785	4.8357105	-4.2642336	-2.334135	-2.3569503
1.7119069	-3.5417907	2.8146086	2.767878	-3.1705234	-3.899647	-2.3860328	1.8215777	0.84602576	-0.7447579	-3.3372915	3.8576903	-0.07875218	0.22452533	-2.8633673	2.4006214	3.9841828	-3.4805734	-2.5489182	-1.8868123
2.1981928	-4.779321	3.9975917	4.230274	-4.1563277	-5.894026	-2.8791506	0.007760624	-0.85316104	-3.66319	-4.3020954	7.5963383	-0.50431174	-0.2707718	-2.9596806	1.7344711	3.9391875	-4.0201464	-2.2096171	-3.541157
2.454504	-3.851253	3.4420354	3.3941033	-4.17257	-6.230028	-1.6573886	1.892092	0.1035388	-1.9613402	-2.793196	4.3744006	-0.32921457	0.48383123	-5.6537995	0.88897264	6.4368176	-3.0513442	-1.4715331	-3.0149052
2.0516355	-2.0132	2.5710723	2.3708405	-2.7812376	-1.8449602	-2.511392	0.16543254	1.3206729	-1.0894973	-2.6918402	2.7549531	-0.9185496	-0.15908565	-1.0580778	0.64940786	2.0384233	-0.42261785	-0.98758507	-0.98918635
3.120003	-2.5942135	2.8030791	2.4099827	-3.7489192	-1.3324965	-1.1398097	0.7084444	0.26825166	-1.502568	-3.4575062	4.081819	-1.0079504	0.4791042	-1.7574389	-0.0019371988	2.2654316	-1.5238831	-1.870431	-1.933321
1.6291885	-2.856386	2.1781158	2.3752744	-2.7625885	-2.7859185	-2.0301878	1.4298484	1.4979973	-0.11261808	-2.3391645	2.4442878	-1.1266516	-0.013033766	-1.5689718	1.5953555	1.438303	-1.6051068	-1.4483079	-2.1256583
2.9888763	-5.9320707	6.0211325	5.653941	-7.803982	-7.8538036	-5.1776896	2.4325128	2.491871	-2.4342787	-5.6166353	6.818164	0.27476677	0.8881953	-7.498294	4.044917	6.9726834	-4.19346	-5.216469	-3.8719296
0.8044515	-3.6510491	4.6363587	5.1690145	-6.1666436	-5.4369936	-2.910515	1.1282945	-0.23062816	-1.4700563	-3.4677413	3.6822658	-0.030790092	0.71936625	-3.3976438	1.1177038	5.5408993	-2.1505065	-0.9819105	-3.0220344
1.692754	-2.434509	1.4584507	1.3594633	-3.459207	-1.6371162	-2.483145	1.1606562	1.931936	0.043405484	-2.1217456	1.5559851	1.4956377	0.61518204	-2.143138	0.28123423	2.4252133	-0.7911297	-0.32832068	-1.2840307
1.6916871	-3.5030298	1.8788708	3.916914	-3.830783	-3.6637955	-2.9492776	1.1414254	-0.06335654	-1.6751173	-3.9629242	5.0543337	-1.373079	-0.6286137	-2.5231967	2.4427764	2.995173	-3.899225	-3.0477862	-1.6444396
1.4733618	-3.484116	3.7802973	0.6552615	-4.629192	-3.6556606	-2.1419191	1.7247659	2.7386887	-1.2753273	-2.1300602	2.4169965	0.44171995	1.169157	-3.91016	0.5841514	4.4915504	-1.680077	-1.1701328	-2.6834545
3.3917694	-2.5405965	4.0772567	4.834338	-5.1745124	-3.4684303	-1.7086959	1.4433645	-0.5623011	-1.653049	-4.5764823	4.4956903	0.3009951	0.86744785	-1.9979141	-0.17614324	4.5491085	-1.9084724	-1.4872466	-3.218654
1.644643	-3.4387817	3.6957805	1.4439898	-3.2556117	-3.9614508	-2.950478	1.5756736	3.198134	0.21689568	-2.3446293	1.2990553	0.6369747	0.42085934	-2.5588303	2.6353772	3.8514924	-2.15918	-2.8566635	-0.96680266
2.1769056	-1.8385097	0.8063306	0.97303945	-1.8291634	-1.2859238	-0.5576435	1.549336	0.05422796	-0.91730756	-1.5202368	3.377815	-0.508228	0.6431265	-2.0343843	0.82673556	1.7498074	-0.56953937	-0.08435585	-1.719749
-0.17759597	-3.4613304	2.2693713	2.6428883	-3.4831223	-3.7276666	-2.6609325	1.190928	1.2323585	0.7549735	-2.807065	2.4665973	0.86422664	1.4331019	-1.7874273	1.9801502	2.6605184	-2.5896342	-0.8229242	-1.78331
1.1326113	-2.429922	1.8720591	1.8503174	-2.07129	-2.5601258	-1.3045311	0.7386814	0.2615432	-0.55307436	-2.9912305	2.3262587	-0.6290039	-0.7533516	-1.5172137	1.0312926	2.939767	-0.9609653	-1.6433613	-0.6799603
1.1542556	-2.3833065	1.5023863	1.3985056	-3.786484	-3.324104	-2.6335607	0.704077	0.47196355	-1.4165788	-2.336751	3.6698723	-0.63815737	0.5932113	-3.9866714	1.8000566	4.1357646	-3.101958	-1.2154086	-2.133271
0.36063042	-4.2388563	4.0914497	3.7827356	-4.3008804	-3.8711362	-2.3193283	0.94669557	0.7007832	0.94455546	-3.9673445	2.5937672	-0.9896772	0.42013362	-2.1898625	1.6258446	4.6165137	-2.1503258	-1.1117401	-1.6266972
0.89082855	-3.1740024	1.57297	3.1542711	-3.9927087	-3.3034005	-3.116599	1.6709126	1.6894722	0.507774	-2.413309	2.9418812	0.09665161	0.06617618	-2.5912313	1.722798	1.7327244	-2.4746501	-0.5201696	-1.559798
7.1773753	-5.936979	8.345326	6.670014	-9.541102	-8.249152	-4.890765	0.33164272	0.7769507	-7.1759567	-6.214747	11.844614	-1.651416	0.14801948	-7.307839	2.8793402	8.34319	-4.770684	-7.55238	-6.157208
0.6280909	-1.5812814	0.5558156	0.92338985	-1.7900884	-0.64834845	-0.40263844	0.6352364	0.8849779	-0.15341894	-0.88283676	0.75473714	-0.37058252	-0.2614764	-0.47612447	0.90265507	0.65305924	-0.9886461	-0.86491466	-0.6162181
1.7357798	-5.9995327	5.538906	3.668421	-7.601615	-6.073959	-3.8635993	2.1103165	2.5522761	-1.3536682	-3.8608627	5.050262	-0.14907464	1.0742228	-5.3174386	3.2952738	6.4665995	-3.6126602	-4.136055	-4.014578
3.3946157	-6.889729	6.2132044	5.7108784	-9.589866	-8.892514	-4.6224623	3.5444236	1.8673899	-1.4799187	-6.1603813	8.312749	-0.573	1.516233	-7.655509	2.621954	9.555325	-5.336041	-3.9447994	-5.1077647
1.5192086	-2.3505507	2.4084961	1.9439449	-2.581433	-1.71924	-0.48727366	-0.37917614	-0.4089589	-2.0097072	-1.6268286	2.4205716	-1.162459	0.69324017	-1.3424939	-0.52637374	2.9674656	-1.462514	-0.075463176	-1.8679653
2.9988558	-4.0251446	4.5283694	2.5349934	-5.433113	-5.577936	-2.63807	1.3519917	1.3472861	-2.2401795	-2.2896242	5.3481507	-0.21627687	1.252731	-4.8202434	1.5152601	4.472124	-2.7381165	-1.9325883	-3.418462
0.5841766	-3.7743645	3.1535208	4.400895	-4.992999	-4.8590736	-2.0622225	2.2004085	1.4455988	1.8757031	-3.0442047	1.1061394	-0.21663228	1.123027	-3.2840154	1.9141002	5.2896485	-2.3140945	-1.9083531	-2.03503
2.005311	-0.9815532	2.2303367	1.0122483	-2.2886171	-2.1708982	-0.807801	0.42892915	-1.0852526	-1.9950395	-1.7663639	3.0530944	-0.51892126	0.13318755	-1.683854	0.8638947	2.848065	-0.47326052	-1.3016187	-1.3785294
1.0972023	-2.437711	2.3630922	0.33930817	-4.04159	-1.3961008	-2.1239064	0.8346699	2.2427614	-0.8554588	-2.148379	2.6101804	1.3574009	0.6727276	-2.2443545	-0.3048909	2.4065402	-0.27977842	-1.0278817	-1.8939811
1.0229846	-3.1331835	2.684407	2.0736206	-3.8685784	-3.067395	-2.0007012	0.60105896	1.313681	0.1477381	-2.6075532	2.689087	-0.7750079	-0.072004355	-2.241837	1.3755013	2.1194115	-2.459342	-2.0983214	-1.0820029
2.0077991	-1.7201267	1.3558689	2.7958422	-3.0929139	-4.538502	-1.9947355	1.5558244	0.34226316	-1.9248661	-2.363412	3.7285657	-0.6161545	0.6471623	-4.2968674	1.6234767	3.374366	-1.604829	-2.0613124	-3.0784607
1.5022905	-3.4747214	3.250815	2.1130388	-2.8533356	-2.83377	-1.413196	0.9099723	0.13522883	-2.3271856	-2.9870238	4.486101	-0.87356496	0.3561052	-2.046328	1.9067086	3.069287	-1.8348107	-2.116079	-2.7313232
2.528447	-1.2676544	2.5206752	1.1909364	-3.048884	-1.5155479	-0.7646912	1.7462741	-0.12662186	-2.1451788	-1.5827762	3.3716414	-0.1680247	0.9752045	-2.1483645	-0.6617985	3.8775246	-1.624409	-0.8288005	-2.4612467
2.0272074	-3.2375503	3.5545619	2.918306	-4.6451206	-3.7240648	-2.6839242	1.74447	1.4842908	-1.2404184	-2.315496	3.8753865	-0.04622213	0.65463954	-3.2440197	1.9625582	3.664872	-2.5230458	-1.9354798	-2.6912246
3.5992253	-3.6775458	4.0369525	4.2895713	-4.9010096	-5.038561	-3.3774862	0.6117686	-0.92256445	-4.387805	-4.6790195	7.6150007	-0.7265236	-1.2944645	-2.0622141	1.1609298	2.787849	-3.19028	-2.6513305	-2.903552
3.4632816	-3.2027116	3.3924854	6.207413	-5.880608	-5.1358194	-1.9355522	2.2764204	-0.8808535	-3.0434775	-3.6466377	6.542719	-1.0152881	0.55255896	-3.5686042	0.6080969	5.648663	-1.6390854	-1.548895	-4.0251484
1.7056395	-2.3832633	1.9192572	2.18682	-3.7731037	-3.024617	-0.67246854	0.49713862	-0.67984605	-1.5498768	-1.6845024	3.8305447	0.24181889	0.73183405	-1.9073155	-0.12115952	2.670955	-1.0685662	-0.7616696	-2.4070067
2.3718379	-2.6370468	2.2120442	2.1600823	-3.146932	-3.3721042	-2.1272354	0.94294363	1.002897	-0.7384389	-0.66139746	2.6620903	-0.23894903	0.1207773	-2.7641146	0.70409113	4.0045443	-1.8065381	-1.1399057	-2.0068038
6.582924	-10.6097975	10.39018	6.9706426	-11.490167	-12.693259	-4.9649324	2.34515	0.997507	-6.317034	-6.719366	12.751661	-1.8555253	1.7356131	-10.415165	3.6216476	14.09797	-8.777772	-4.9373136	-7.0345993
0.3819467	-5.657115	3.960006	4.6150155	-6.174321	-6.227004	-3.3541543	1.6631548	1.499596	0.9909692	-4.258786	3.8578167	-1.0107292	1.0476719	-3.986973	1.9180454	5.4526978	-3.9307854	-1.680271	-2.7422771
0.7541284	-7.062436	6.1323056	5.1294003	-4.562794	-6.837956	-3.941314	3.0350394	4.040743	0.90094787	-6.0069203	2.8585622	-1.8331327	0.31207895	-5.7283354	4.359967	6.171475	-5.705761	-3.0420847	-2.1054392
1.0142037	-3.4952188	1.7432991	3.1392615	-3.1209953	-3.309083	-3.0245023	1.0293719	1.3479688	-0.7087167	-2.9341605	4.0294304	-0.6879353	-0.09354847	-2.9120755	2.6782477	2.8234293	-3.0364144	-2.5832975	-1.6194044
0.74667156	-1.8732415	2.2232907	1.9347086	-1.774818	-2.8983707	-0.77803975	0.7296871	0.37800318	-0.3967194	-1.4218234	0.95823574	-0.8747365	0.19812945	-1.7174488	1.5348645	2.381306	-1.8067262	-1.4474953	-0.70151687
4.7741566	-3.3122442	5.0299416	4.371317	-4.0608735	-5.4527235	-1.700529	0.15197515	0.02910822	-5.5339756	-2.4966924	8.40003	-1.8169637	0.21013606	-2.6935167	0.9037301	4.7245393	-4.52452	-3.6823719	-3.8794985
0.8024279	-3.8402927	2.7286706	2.7189045	-2.9130602	-3.829736	-1.9202561	0.79522747	1.0085353	0.6125206	-3.4818408	2.5129197	-0.008190427	0.5828412	-2.6907132	1.3794975	3.3440378	-2.0553105	-0.31878385	-0.98112273
0.9815382	-3.005001	2.7750378	2.1179712	-2.3085046	-3.1287472	-1.2524389	1.0719117	1.6079901	-0.3194483	-1.5501604	2.7529354	-1.5788897	0.60415006	-2.4812849	1.723188	3.7459118	-3.033262	-1.1588516	-1.7059851
1.6488533	-4.7078824	3.8089504	2.0032854	-3.4028296	-4.8245215	-2.7221887	1.8295636	3.4900632	-0.15399288	-3.3751373	2.4215581	-0.17249301	0.31532684	-2.897016	1.9969238	2.0322309	-2.6288042	-2.629083	-2.2951145
0.49364	-4.6708617	5.231736	3.6419737	-5.7639146	-6.595238	-3.3182547	2.4918191	1.6763386	0.082344435	-3.661562	3.7350318	1.0000849	1.17987	-5.3918333	3.637531	6.4104295	-3.5970542	-2.789133	-2.73726
0.6775436	-3.0974016	3.6848378	1.8774246	-4.126899	-4.3428984	-2.3828664	1.1157242	2.550448	-0.7697179	-2.156739	1.8958026	0.97790706	1.1706262	-3.081068	1.3561008	3.0730133	-1.4016417	-1.3404638	-2.5284832
1.3189467	-2.8114307	2.1135187	2.432122	-2.2508895	-2.2638178	-1.2107528	0.7419551	0.13110998	0.7751182	-1.8315846	1.4461536	-0.5837037	-0.030472236	-0.7788988	-0.23591495	2.0912857	-0.4154456	-0.29061747	-0.7997601
0.14905936	-2.9249172	1.5124413	0.55126786	-2.0127223	-1.6422166	-1.8858567	0.71356916	1.5478622	-0.5098645	-2.674438	1.4697814	1.083923	0.72568995	-3.0852818	0.96596086	2.092376	-1.9270295	-1.0219269	-1.0533376
2.0553007	-3.6678417	1.7855334	3.3621616	-2.7546628	-2.8644016	-2.4326916	-0.2676334	0.73067623	-1.6882519	-2.8133097	5.1493235	-0.81278306	-0.7376922	-0.30976805	1.4025297	1.112109	-1.8967961	-1.0540669	-0.887923
2.0064843	-4.683446	5.5706983	4.054107	-3.089097	-6.7427206	-1.6775166	0.64569867	2.2144105	-1.9664845	-2.8499727	1.382602	-1.2284232	0.7664352	-4.3029966	1.7344741	4.3329525	-3.6786408	-2.6342216	-2.3913186
0.5992567	-2.428871	1.3246799	3.5980225	-2.934964	-4.037376	-1.2722408	0.99056995	0.28313312	-0.36077034	-0.7386278	3.3452075	-2.2124302	-0.044173494	-2.0185215	0.32867974	2.8914828	-2.6720417	-0.54057246	-1.8558507
1.0172554	-3.1411185	2.1532993	2.135142	-3.5462794	-2.8080668	-3.2159774	0.94756824	1.3461114	-0.12878194	-2.7968643	2.504933	0.067954384	-0.56863904	-0.87734693	1.7953377	2.1730723	-1.7098294	-1.7219361	-1.4410094
1.4686824	-1.6310148	2.501288	0.2787955	-2.7243228	-2.9500735	-2.0028048	1.7494555	1.9019042	-0.75851303	-1.3472457	2.6713457	0.9244085	0.8141648	-3.3108711	0.8788461	2.325784	-1.4928204	-1.447068	-1.8501694
0.036947705	-2.710217	2.9519956	1.7044021	-3.7271328	-2.5638614	-1.4070822	1.8636801	1.4216461	1.3250686	-2.9912648	0.34701324	0.77582794	0.75781494	-2.6040003	-0.018524932	3.368495	-0.29906085	-0.8107483	-2.0016422
1.1831889	-0.7330003	-0.37388128	-1.1141016	-1.5394235	-0.9687199	-2.3351326	0.44076997	0.41139498	-1.0061336	-1.3390858	2.3535912	0.6913116	-0.4514666	-1.914891	1.2552578	0.18421759	-0.72638965	-0.60591054	-0.44403064
4.2312584	-3.1985621	4.593833	3.3647547	-5.110392	-5.09648	-2.4022834	1.6224235	1.5737957	-3.5814674	-3.1115375	5.247819	-0.16490015	0.58518595	-3.9744935	1.479968	5.275095	-2.2544372	-3.2534776	-3.9951754
-0.246535	-1.5297159	0.6468723	1.0722802	-1.3156276	-4.579241	-2.344745	-0.3517055	-0.551239	-1.9475186	-2.466288	4.5323963	0.82532144	-0.51098526	-0.9379032	3.2260396	0.74312526	-2.4116714	-1.7563461	-1.1842475
3.992936	-5.3431454	5.4478846	3.7057955	-5.984917	-6.703045	-3.6973374	2.418317	3.0235748	-2.60249	-3.207284	6.113621	-0.7313237	0.9386805	-5.4113307	2.728684	5.766508	-4.2609706	-3.0626342	-3.724824
3.4657614	-4.0891366	6.2661996	3.1612494	-4.443965	-7.129088	-2.8410246	0.50147516	0.5160747	-5.294532	-2.0028446	6.56705	-1.2075344	0.52909386	-4.705046	1.330338	4.869533	-3.8562531	-2.2595935	-4.62649
3.4107072	-4.9255214	5.6934814	2.426738	-7.709018	-5.8712206	-4.165335	1.8014106	2.7430477	-2.8012395	-3.7723591	6.372733	0.7949471	1.0849744	-5.8687696	3.243364	5.1302934	-3.6880083	-4.608815	-4.178579
1.1193689	-2.6565592	1.699568	1.3744419	-2.5960748	-3.2025816	-1.505507	1.1066982	0.9075817	-0.49824286	-0.807041	2.3549016	0.14106916	0.6003728	-2.4240656	0.6498128	2.6303492	-1.7823597	-0.22314587	-1.885547
3.7705212	-6.7178288	5.4931602	3.4875724	-8.454408	-7.2761736	-4.728458	3.9049306	4.459193	0.07119949	-5.7485557	4.9454584	-0.19942373	0.6494541	-6.7901726	1.9572304	5.3586082	-3.1629348	-4.0515246	-4.573999
1.8147165	-3.531245	3.1224976	3.4052057	-3.671987	-4.555224	-2.6370664	2.6734848	0.74527967	0.4586029	-3.7679498	3.0602126	-0.073399566	0.5390458	-3.6452205	2.8323808	4.166963	-2.6791472	-1.7048391	-1.0184035
2.6109748	-5.173426	4.275091	2.5455794	-6.9682264	-5.958132	-3.252655	1.49479	3.0372255	-1.5904797	-3.1188383	5.4524784	-0.30510345	1.4662114	-5.5606375	2.002518	5.5927806	-3.101987	-3.424269	-3.4907022
1.0182817	-2.536449	0.5187235	1.9186288	-4.6549754	-2.0910516	-3.0490468	-0.107532516	1.1015613	-1.9851722	-4.1586556	4.437525	-0.40245336	-0.092220664	-3.1477537	0.21825999	1.5316155	-2.0405774	-2.2266064	-2.4405506
1.8525147	-2.46563	1.2701232	-0.31890363	-2.867317	-0.9833424	-1.1357598	1.1463536	1.7402586	-0.11366894	-2.536047	2.370437	-0.019531427	0.5409614	-1.8458792	-0.8974274	2.3570533	-1.0356106	-0.37883645	-1.5132054
1.1273252	-1.4820845	1.9411885	1.4994653	-2.3027823	-1.3972703	-1.4838663	0.020256583	-0.06456173	-0.96060187	-2.6439457	2.7099936	0.10573668	0.14219218	-1.5581634	0.15923181	1.6642214	-1.2733243	-1.058856	-0.86254686
2.031479	-5.777315	4.62138	4.6853137	-6.456049	-7.1706104	-3.0119586	2.005675	1.0588212	-0.8400893	-3.7981505	6.222684	0.26648954	1.6505499	-5.261578	2.6876392	5.635819	-3.4982767	-1.2216549	-3.980834
1.205295	-2.3186595	1.9840547	1.9408331	-3.157571	-3.7592797	-2.2321439	0.7257636	0.77146983	-0.455063	-1.7469077	2.3663676	0.13328893	0.06784593	-2.5564358	1.8117243	3.380916	-1.772089	-1.2881478	-0.9378892
2.0766659	-2.167294	1.8213665	1.5688316	-2.6809618	-2.2093859	-0.6156964	0.20092057	-1.2122688	-1.9051732	-2.1114922	3.881136	-1.1631268	0.2643767	-1.1937569	0.8352759	1.0778799	-1.6321396	-1.070402	-1.301776
1.5421062	-2.0488784	1.7159499	2.4583983	-3.1132617	-2.7279758	-1.4965314	1.5485218	-0.121230945	-0.55960953	-2.1358867	1.5822549	0.2303378	0.06267721	-1.2871511	0.5944425	2.8267183	-1.3599253	-2.1068192	-1.5898775
0.7768977	-2.2262619	0.77728844	-0.36097717	-2.2941468	-1.1367928	-1.1637174	1.4591641	1.3276156	0.18695134	-1.962169	2.0635972	0.2114226	0.068775736	-2.3008597	0.43614385	1.9282869	-0.67328733	-0.5706765	-0.8766935
0.8739515	-4.796696	3.9034934	5.008162	-4.6112046	-5.1828823	-2.1888568	2.4342175	1.0267357	0.09059607	-3.9641926	3.038203	-0.662245	0.6800112	-3.264716	1.7557366	5.1708164	-3.617243	-2.1332855	-2.2688653
0.7678742	-2.0767498	1.6236999	2.0176346	-1.6028656	-2.2395055	-1.0847251	0.6651496	0.4961073	-0.797004	-1.3251132	2.7055013	-0.5582443	0.49707392	-1.3726623	0.7539542	2.290251	-1.3222777	-0.99867296	-1.7571331
0.24586178	-2.0927322	1.5418751	1.9316113	-2.0555305	-1.9256428	-1.5813688	1.0531107	1.0883635	-0.059204597	-1.8993281	1.8877832	-0.8560272	0.019811906	-1.223663	1.3751419	1.7336664	-1.5648186	-1.3655983	-0.67678785
1.3924406	-5.4268475	3.8345075	4.0581164	-5.605536	-4.1723323	-3.581167	2.9346676	2.7613156	-0.16243862	-6.383393	4.1378407	-0.07829856	0.2713868	-4.4022	2.801118	4.915082	-2.7190642	-2.7542646	-2.3086724
1.7428976	-3.6253192	2.235072	2.963177	-4.6130924	-4.749525	-2.9311981	2.3940358	1.9293501	1.5711778	-3.0524545	1.4151388	1.0405897	1.1440948	-2.9452076	1.0232563	3.5416603	-1.3103503	-1.347363	-2.0840585
2.4754713	-4.7599573	4.1658783	4.219867	-5.2448134	-6.101125	-2.8700302	2.0758312	0.7883896	-1.5726758	-3.7091434	5.4363713	-0.4183421	-0.20105657	-3.8381872	2.4268935	4.5593653	-2.081038	-2.9706442	-3.2565272
0.467455	-2.8316493	0.7664841	2.3191688	-3.3482156	-3.6177428	-2.1100407	0.17434421	-0.37870926	-0.5944812	-1.5418974	3.074428	-0.61353457	0.5779911	-2.7103837	1.6696836	2.8040462	-2.5541604	-0.8555793	-1.2447926
0.15483437	-5.5740895	4.2774315	4.2793646	-4.2086964	-4.037816	-2.3393033	2.9319742	3.2807448	1.4966373	-5.3828998	2.1683445	-1.0925999	-0.11083848	-1.9197711	2.0819113	4.3392835	-3.2924256	-1.8498363	-0.699262
0.8499476	-1.4719708	2.2188835	1.9985273	-2.337617	-2.2382505	-1.4598452	0.09436062	-1.254287	-1.0873038	-2.3056278	3.463263	0.2554967	-0.41127932	-0.8284841	0.98698694	2.6214693	-0.6663214	-0.034214467	-0.7484698
3.6146243	-5.1460843	5.836776	4.338205	-6.248288	-5.0735855	-2.8283021	1.8933	1.6594985	-2.132098	-3.209305	4.9009786	0.6210278	0.80624497	-4.040939	0.85486317	6.669046	-2.3819504	-2.725131	-4.1069984
0.6235515	-2.7703657	0.729236	2.8698359	-1.1923681	-2.2006547	-1.1491306	1.0828849	1.7504698	0.2964038	-1.8102719	1.7845106	-0.932668	0.73745096	-1.6544173	1.6756644	1.1803808	-1.7721224	-1.0992985	-1.3046865
1.2098547	-1.1687996	1.1749593	-0.08788142	0.07687645	-0.35755077	0.07962096	0.7410699	0.14657012	-1.5399935	-1.8395491	1.7505128	-0.83574736	-0.12980218	-0.9225292	0.27593955	1.1511686	-0.88457614	-0.55493677	-0.5715315
-0.13721158	-4.164699	2.5274308	3.2877064	-3.7738774	-4.9307604	-2.6510394	0.8686679	1.8527511	1.5854259	-1.5201259	1.8479286	0.42509794	1.5034772	-3.9905314	1.9288551	3.9720647	-3.18878	-0.69224405	-1.6274724
2.2354271	-1.7196162	1.1899933	0.6162741	-2.5706093	-1.9680284	-1.6142261	0.43947354	1.1587485	-1.7747718	-1.8289784	3.8216653	0.25784844	0.25012344	-1.7523065	0.8479657	2.2860882	-1.0854657	-1.3418188	-2.1634452
