2.401569	-2.3108065	1.1132181	0.23652922	-1.7712187	-1.4085892	-0.897698	1.0700477	1.3431143	-1.0241737	-2.176649	2.5476434	-0.9864799	0.014131599	-2.8252869	-0.15917929	2.1469152	-0.5023585	-1.1692982	-1.6373669
3.7029781	-2.745136	2.6055424	2.669977	-3.3024685	-3.3848672	-2.0838888	0.8258497	0.29489434	-3.9981484	-3.407471	6.0341053	-0.17721005	0.21084976	-2.3207052	1.5724256	3.8501053	-2.1004755	-2.5468354	-3.5102093
1.83967	-1.0953646	0.8548358	0.6604657	-2.267052	-1.5189849	-1.2167895	0.33677125	0.0706339	-1.2929531	-2.148206	3.0398602	0.06096306	-0.28292578	-2.0818872	1.4084995	2.6417036	-1.1980441	-2.9942207	-1.3646206
1.907859	-0.70738596	0.034455325	0.52294016	-1.12919	-1.0580698	-0.9187757	-0.41052133	-1.0479873	-1.86526	-1.0506451	2.755973	0.4213312	-0.020987615	-1.4432344	-0.6545666	0.83057845	-0.40042734	-0.065534964	-1.3016866
1.0524954	-1.0388662	0.69718003	1.0362825	-0.75499636	-1.7944373	-0.7481453	0.58229834	-0.07903475	-0.16882499	-0.9574932	1.8387594	-0.32882902	0.4982507	-2.1512861	0.08547081	1.636064	-0.691196	-0.48300263	-1.2742895
2.279243	-1.4725558	1.1378853	2.3344548	-2.4198244	-2.8420405	-1.6827033	0.8012775	0.9234077	-0.80099463	-0.50907576	2.4776614	0.13654652	0.5018055	-1.3017364	0.5083677	2.49849	-1.5245097	-0.9331646	-1.9695342
4.465401	-5.9122066	6.5698147	8.579024	-6.5081334	-8.472668	-3.8172479	3.364386	-1.2774339	-4.055361	-7.8339634	10.067638	-2.3631694	0.18420996	-4.614493	5.2902117	7.93294	-4.5128646	-4.6469507	-4.6571703
2.9693239	-2.6450014	3.3644488	4.22222	-3.922278	-3.8697402	-1.7423866	0.66264206	-0.21316361	-2.9089859	-3.1636841	5.3821864	-1.337257	-0.1285361	-2.4901946	1.8662931	3.5418656	-2.0231314	-2.4046679	-2.51635
1.1377962	-1.8792087	1.7716614	3.0049973	-2.4131653	-3.717715	-1.6418148	1.6942612	-0.078528225	-0.6867027	-1.9315805	2.4686706	0.054090258	0.07222404	-1.7880397	1.5119425	2.7221167	-0.97504246	-0.727959	-1.9697491
0.8700871	-2.3438046	2.8611414	0.5233417	-2.5050168	-2.2766774	-0.91580683	-0.3002338	1.2945975	-1.0694913	-1.3722429	1.4490741	0.2765311	0.33933663	-1.8855077	0.18794207	1.9768323	-0.49202126	-0.91549104	-1.5450629
1.8274558	-2.6815557	2.3352091	2.5529625	-3.8970675	-2.1445107	-2.8566139	1.9952812	-0.046539202	-1.687756	-4.453124	4.613637	-0.6367658	-0.36652926	-2.9455562	2.705741	2.9400861	-2.9231174	-3.1108413	-2.1217067
2.3294675	-1.9788462	1.8108264	1.323004	-1.9300389	-2.1959558	-0.98566335	0.91001797	0.6954332	-2.4546852	-1.2456945	3.5336208	-0.66558737	0.028152278	-1.8880382	0.63753885	2.5469167	-0.99571633	-1.3586658	-2.1425633
1.6055223	-3.0130568	2.4855309	2.8205721	-3.2669628	-2.4585247	-1.3137959	0.4371178	1.1530747	-1.1142704	-3.0698564	3.8919134	-0.6043024	-0.34976193	-1.1703528	0.08514716	1.3328223	-0.78937894	-1.2291707	-1.982422
2.0675578	-0.96244586	2.7675009	2.8279562	-2.2346237	-4.0826535	-0.5989816	0.80938935	-1.4252286	-1.8883663	-0.44354463	2.717839	-0.31175607	-0.020557327	-0.708734	2.0344305	2.3409572	-1.1562183	-1.0931315	-2.157334
0.5950038	-3.4448867	1.642976	2.314343	-4.112168	-3.4271069	-3.8455195	1.1228361	0.7983149	-0.008317462	-4.693546	3.759768	1.8661612	-0.5378466	-2.8842533	2.954555	1.6384676	-1.8000189	-2.1536307	-1.4331474
1.3657278	-1.2286088	3.1682103	2.7482097	-1.6544198	-3.2733784	-1.0329244	0.9301123	0.8700573	-0.5568624	-0.027119255	0.4323659	-0.065101236	0.5545558	-1.932148	0.9239125	3.6130424	-1.327917	-1.2985182	-1.5292885
1.2077701	-2.2887578	0.30507728	2.4916463	-3.1219127	-2.9544387	-2.5613382	0.28135306	0.46852916	-0.8205253	-1.514017	3.182308	-0.0658163	0.26993418	-1.9702227	0.79485303	1.4071969	-1.5934826	-1.072719	-2.1421733
2.6431146	-5.055265	2.9927871	3.480129	-5.430136	-6.0354185	-3.6948717	1.7030185	0.8503739	-2.8575208	-4.7886524	6.5138435	0.7488451	0.29785144	-4.639207	2.7269824	5.3850393	-2.7846072	-2.8132243	-3.9201446
-0.01757853	-2.4352741	1.6290218	2.0244238	-2.1287408	-2.7832682	-0.91805136	-0.1359342	0.9281747	-0.7430117	-1.4463358	1.2195677	-1.1853836	0.56545883	-2.8563488	0.60374635	2.2858577	-1.9022907	-1.0915533	-1.4491311
-0.046707008	-2.603058	2.2454143	2.2281096	-2.2632198	-2.4243894	-1.2061538	1.0674524	0.59399104	0.17204854	-0.6718851	1.0573128	0.2053851	0.30241337	-1.2826353	1.899163	2.562977	-1.4725411	-0.94330204	-1.1561822
2.4572875	-2.5402305	1.70963	2.7012575	-3.3532248	-5.970052	-3.2159977	0.75368476	0.28257784	-3.1661627	-0.96847796	4.735642	1.1373142	0.5831373	-3.056038	2.1536005	4.1913185	-2.4775856	-1.0636653	-3.971736
2.8360314	-2.3232298	2.419377	2.240976	-4.265052	-4.3483815	-2.8293347	0.7387359	0.86129487	-2.3680487	-2.2245576	3.7185516	-0.41316158	-0.32275695	-3.0939662	1.4835577	3.2059393	-1.4783163	-2.850852	-2.531266
0.7649347	-3.9224913	1.5235208	4.1477075	-3.694663	-3.7318432	-2.3978477	2.0979426	1.712316	1.8747315	-3.171677	1.6899003	-0.5117578	0.9654306	-3.38553	2.2355802	3.7029321	-2.9398696	-2.1583	-2.1580403
2.4207995	-1.3904636	2.0966418	1.9551413	-0.60138226	-1.9914186	0.1646865	-0.39567617	-0.20238273	-3.0752752	-2.9802442	3.9360697	-2.0342715	0.24596766	-1.2321148	0.49629226	1.2807816	-0.7035022	-2.2036479	-1.8682071
4.182476	-6.465082	6.153484	5.8281603	-9.545231	-9.239852	-6.8373313	3.8882792	2.2218013	-3.575031	-7.192729	8.9608135	1.1655397	0.38332093	-6.794069	3.7394369	7.820937	-3.6670349	-4.1841364	-6.4379916
1.8967316	-1.4767511	2.1407738	1.1853043	-0.6955883	-1.9121089	-1.4161222	1.1275545	0.82063174	-2.7102723	-2.2082226	3.0363808	0.024090465	-0.052798256	-2.1616995	1.4163363	1.7657492	-1.4855378	-1.9755597	-1.9792038
1.6606843	-0.81198984	0.4650992	0.1611544	-0.081284	-1.1214448	-0.13740873	-0.45867386	-0.38452932	-2.394707	0.83024025	1.2242378	-0.1966676	0.3428418	-1.0064545	-1.3866565	1.3492573	-0.5618438	0.92078036	-1.9538414
1.5399077	-1.9302497	1.979083	2.1837773	-3.6297448	-3.8123333	-2.1945696	1.7570202	0.6544272	0.019769888	-2.310852	1.9013028	0.44981748	0.99666566	-3.6078405	0.7885775	3.2827635	-0.96051556	-1.2122636	-2.0889554
0.84456956	-2.7026808	2.3912578	2.4430141	-2.7682414	-2.7053165	-1.8061111	1.3712429	2.063967	-0.5776215	-2.4312112	1.9568051	0.27653292	0.88322335	-2.7024076	0.4948601	3.5232549	-1.532081	-1.3428618	-2.1339307
0.36618963	-1.705292	2.7914302	2.6221058	-3.1012676	-3.2817488	-1.6472236	1.5430088	0.8720307	-0.7014104	-1.7788702	1.3708339	0.16581354	0.34583998	-2.1367157	1.8021487	2.740867	-0.9771205	-1.3686637	-2.0594735
-0.24640235	-2.2711332	1.1808764	2.311525	-2.3701944	-2.4009247	-2.68366	0.9242199	1.4267336	0.42396754	-2.4598308	2.1322138	0.21313897	-0.10035898	-1.7732317	1.7885293	1.2476776	-1.4420656	-1.9506913	-1.3592374
1.7872932	-4.04348	4.1959963	2.7612894	-3.7681541	-4.506524	-3.5807433	1.8856493	1.6236801	-2.1466258	-4.0958834	4.015554	-0.17326538	0.52523506	-4.2961736	3.6286237	4.1585574	-3.1461103	-2.6005332	-2.922553
1.7787557	-1.564718	1.7888464	2.6745079	-1.9597214	-2.6548214	-0.7982215	-0.19627063	-1.6633558	-2.126445	-1.5663728	3.4455342	-0.5288213	0.14439635	-1.3461739	0.39144763	2.8452172	-0.7468303	-1.1439921	-1.977725
2.260797	-5.1643925	5.446636	4.796078	-6.525649	-6.122892	-2.3684695	2.3040059	1.449304	-1.2829792	-4.6161823	3.6902108	-0.6878683	0.71336377	-4.655306	2.3478777	5.396647	-2.3166506	-3.05717	-3.5468736
0.9389059	-1.5915351	1.9816624	2.4995868	-0.6323924	-1.3110588	-1.2693772	1.2943006	-0.5266529	-0.67047393	-2.2472577	2.590629	-1.0100185	-0.2848718	-0.64509904	1.6511742	1.2193079	-1.2589445	-0.8295879	-1.1247858
-0.23288566	-1.5429283	0.30926257	2.2816412	-2.9133565	-2.9738338	-2.112147	0.22265351	1.2282434	1.1379666	-1.464526	0.28093514	0.06600302	0.62207687	-1.2753406	1.0957333	1.9684358	-1.2260623	-1.2246207	-1.2692777
0.04078849	-1.6045743	-0.29950148	0.52262014	-1.2673017	-1.5925945	-0.5502009	-0.4210649	-0.21581842	-0.8197857	-1.558767	1.3971233	0.5584669	0.6703271	-2.259851	0.2750898	1.4844719	0.015062842	0.10113828	-0.6579416
0.61797416	-2.220096	1.8909223	3.730803	-3.1564727	-2.9567003	-2.5474286	0.5896808	0.7489618	0.014004442	-2.08776	2.5135157	-0.14245038	0.48630404	-1.5232806	0.7497961	2.4415634	-1.1726018	-0.2680855	-1.9654047
2.4299736	-2.0442224	1.3192785	2.4278271	-2.528379	-1.7070729	-0.9606115	0.97730273	0.14321946	-1.722453	-2.5850637	3.728296	-1.3945199	0.15786809	-1.8705354	0.51223415	2.7992637	-1.6771318	-2.1892757	-1.6817169
0.7512595	-2.0768259	1.3098551	2.283382	-2.9538574	-1.9089744	-2.5538952	0.02072745	-0.75941014	-0.69477856	-2.6146626	2.6288345	0.28450936	0.036655046	-1.5756577	1.3445622	2.5730262	-0.6437965	-0.7695469	-1.3580438
3.0982876	-4.0349884	3.2326949	4.3357873	-5.6425195	-4.3803864	-3.1009972	2.0274856	2.5887141	-1.1894153	-3.5925453	5.4169087	-1.2463495	0.31709096	-3.8582127	3.178567	3.2030985	-2.718304	-3.3137915	-3.1841726
0.7814618	-1.8279277	2.180532	4.100973	-3.0549989	-4.162412	-0.8468414	1.0730895	-0.6272257	-0.5398323	-0.808354	1.657708	-0.01819989	0.32114288	-1.2520288	0.7646907	3.9307866	-2.1639743	-0.4042523	-1.7090222
2.1985223	-2.308909	2.3183808	2.2624545	-3.473343	-3.2216287	-2.6480577	1.3246177	-0.56255394	-2.028686	-2.765824	3.7317264	1.0346944	0.38512045	-3.7758489	1.356442	3.891388	-1.3426743	-2.0238106	-2.5272431
2.0708287	-3.3509436	2.214365	3.7190535	-3.6280546	-4.5144653	-3.9934065	1.5273108	0.35226485	-2.3238294	-3.4131086	6.435365	-0.13015455	-0.7730127	-3.3600605	2.650921	3.4104338	-3.038727	-2.831326	-3.492607
1.864762	-4.2683015	5.6770253	4.3264704	-5.5423064	-6.206437	-3.3515387	2.3974845	1.7360543	-0.56586224	-3.3517601	3.3649578	0.052472424	0.9070187	-4.3621764	1.8844019	6.83645	-2.1452913	-1.8264337	-3.5007946
1.7891926	-2.3483257	1.3708361	2.6128886	-3.1039152	-4.076257	-1.7398518	1.0915617	-0.19531822	-1.5603977	-2.735435	3.2993407	0.005747742	0.6746264	-3.2379708	1.4474151	3.8656583	-1.9251192	-1.5211298	-2.2539203
1.9435226	-3.5891855	1.9797682	1.698983	-4.581675	-4.3975663	-3.0509033	0.98425466	1.5432945	-0.95677763	-3.301309	3.5441217	0.64627653	1.1014473	-4.9133835	1.2116863	3.906386	-2.106819	-1.6965231	-2.593964
3.3717937	-3.0283418	4.6248255	4.944943	-4.641161	-5.6566997	-3.2792501	0.7616608	-1.2359788	-4.2136106	-3.2561288	6.215425	-0.4857699	0.26084462	-3.488144	3.3640702	5.189527	-2.8814878	-2.8825316	-3.787319
0.5355139	-1.9922616	1.7853075	0.4740377	-2.4321597	-1.5748296	-0.10239939	0.12901704	-0.08036172	-0.7929815	-0.33731169	0.94535553	1.251242	0.30557427	-1.2020091	0.7227819	2.4699595	-0.1393251	-0.7886428	-1.0435586
3.3644915	-4.121642	4.1036563	3.664613	-4.65693	-5.0608063	-2.6902568	0.22605556	-0.50057745	-3.6454954	-5.3256392	6.2104154	-0.49683574	0.4201069	-3.9707267	1.613368	4.2667007	-2.9560606	-3.0764341	-3.3803089
2.5066295	-2.0692217	2.2356012	1.1944014	-2.3043277	-1.2499738	-1.4030263	0.7563008	1.2751437	-2.8665674	-2.0728521	2.928782	-0.1240749	0.020910673	-1.5624142	0.7211597	1.318609	-1.2657373	-2.3688836	-1.9259444
1.0703965	-1.4633971	0.6318703	3.1185594	-1.4703053	-2.5137408	-0.75685066	-0.15187818	-0.27613348	-0.45416537	-0.6136341	0.80111796	-0.33053777	0.46933696	-0.88710994	0.010556203	1.2735593	-0.42419994	-0.64198667	-1.7821326
2.2465596	-1.3661277	2.1731424	2.3332038	-0.9980223	-2.4649243	-0.24752863	0.28575456	-0.49648932	-2.399859	0.028722154	2.3529615	-0.12944499	0.23778354	-0.63657135	0.9752056	1.6008002	-1.12514	0.3560284	-1.9265864
0.6061462	-2.2012265	2.4268274	1.9233248	-3.0732589	-1.9513456	-0.76257694	0.88239795	1.114994	-0.50707114	-1.1510501	1.0757484	0.05986418	0.67633367	-1.0232767	0.10825897	1.9159039	0.08809472	-0.2283208	-1.6604946
2.343215	-4.1052513	4.4590187	2.8065844	-5.1773887	-5.315819	-2.5262413	1.6043137	1.2272054	-0.23700243	-5.368416	3.5056038	-0.69926393	0.085409984	-3.3187902	1.2448094	4.6635666	-1.6873944	-2.171655	-1.7920682
2.7209673	-2.1648445	2.5874918	1.7511283	-3.1592543	-1.7472423	-1.13984	0.86743665	1.4050683	-1.8659763	-3.6325545	3.6625903	-1.0722686	-0.30262822	-1.5612088	0.63069785	2.8159485	-0.21184635	-2.7868748	-1.8864105
2.0088432	-2.960101	2.2983835	3.5847392	-3.6204505	-2.687322	-2.0258427	1.460224	1.0548021	-0.5177804	-2.6238086	4.011653	-0.43494976	0.40861842	-1.9024203	1.2338645	3.062922	-1.2463739	-1.6373581	-2.41436
1.5941436	-2.1485295	2.0431933	2.6965666	-3.9248948	-2.9954853	-2.8983226	1.2611419	-0.19658946	-0.736779	-2.5525026	3.383835	0.38725653	0.15512508	-2.717837	1.4398532	3.4246638	-1.9635679	-1.3986849	-1.6423064
1.5867165	-1.9741383	1.8581578	2.5276268	-1.6105677	-2.703366	-1.2556294	0.47089884	-0.54957336	-2.1342957	-2.7520576	3.4746246	0.09671959	-0.30208668	-0.7993037	1.4914106	1.750998	-1.7487203	-1.6600466	-1.5309881
1.7183679	-2.0275087	3.3683786	5.0548053	-3.7928526	-3.568427	-1.1229689	0.9378395	-0.8973271	-0.88376206	-2.203311	2.4373412	-1.2392074	0.60251176	-1.8301309	0.25917175	2.7618742	-0.2697255	-1.1691835	-2.475718
1.9729213	-0.48472932	1.9563905	1.6850232	-0.6970874	-1.2426188	-0.2066386	-0.4078131	0.39468992	-1.7202711	-1.1203717	2.530425	-1.3618047	-0.13114211	-0.16367245	-0.65105754	0.09975639	0.59308773	-0.67020047	-1.5514296
0.933393	-1.8766868	1.5070866	1.7499107	-3.0358346	-1.9888918	-1.2329754	1.0898274	-0.5005521	0.13130303	-2.3558452	1.7494527	0.2520254	0.2970414	-1.9572836	0.59895766	3.3794098	-0.82037365	-1.2553089	-1.0404801
0.780855	-1.7596115	1.7386378	1.6295141	-1.841987	-1.771571	-1.6774118	0.7724359	-0.477392	-0.77142453	-2.4827206	2.4146605	0.21638131	-0.43409398	-1.1799331	2.1758466	1.315695	-1.0276159	-1.0887227	-0.3720245
1.9102472	-2.212779	1.850208	0.69852036	-1.9059653	-3.2141647	-0.52916884	0.7667662	1.0089693	-1.6984915	-0.49767336	1.6846843	-0.30222607	0.26015478	-1.8677332	0.7844942	1.3083863	-0.9295701	-1.2583506	-2.0553992
1.4084034	-2.340173	2.9480026	3.5635788	-3.2573133	-3.1478236	-2.5748723	1.6760602	0.6813627	-2.5207043	-2.4443624	3.737057	0.67717296	-0.06990719	-1.91062	2.3352253	3.0325642	-1.4573216	-1.9053718	-2.2139513
1.7885386	-2.8638875	4.0049677	3.383429	-5.2696185	-5.3960724	-2.5538735	2.5035489	1.8539486	-1.2327701	-3.007486	3.4866216	0.14931631	1.1336753	-4.045106	1.9834087	4.3134584	-0.96697617	-1.8708519	-3.4324214
1.6498019	-2.5545907	1.4748482	2.8425333	-3.6843438	-2.728125	-2.4791002	0.5177946	0.88561165	-0.67386115	-2.4035425	3.3306923	0.11967811	0.4421207	-1.9956616	0.7769456	2.2008963	-1.3381444	-1.4601204	-2.1965694
1.6615095	-1.6247404	1.771501	1.0770782	-2.8072698	-1.6703311	-1.689742	0.0211552	0.5680606	-1.7637419	-1.5856848	1.9129355	-0.7611891	-0.26213452	-1.6978902	0.5525165	2.6658697	-1.1317184	-2.5324178	-2.105341
0.7492251	-0.10906517	0.16968112	-0.21211338	-0.59170324	-2.3439872	-0.59000677	-0.07773805	-0.40373003	-1.0908931	-0.3853296	1.5980062	-0.8276915	-0.5414663	-0.97488123	0.9161525	0.18103163	-0.7866717	-0.39075175	-0.8344392
1.571398	-2.8443642	2.3789496	2.5070257	-3.1899638	-3.7324553	-2.4482465	0.64974207	0.89997905	-1.0161608	-1.5810589	2.2624269	0.3931019	0.052142765	-2.3761399	2.1926997	4.0237904	-1.0869452	-1.2451925	-1.2119758
-0.25914192	-1.7436812	1.2015171	0.6540681	-1.7518291	-1.5630027	-1.5358042	-0.17483494	1.4383422	0.08856781	-1.4587717	0.9223498	0.12199116	-0.15602393	-1.3533691	1.258303	1.3474687	-1.3566285	-1.4393156	-0.2989338
3.8443172	-4.126198	6.0684443	4.113078	-5.3587227	-6.5263257	-2.7853842	1.2645003	-0.077014126	-3.525229	-3.9831553	5.812391	-1.7664986	-0.05192012	-5.662054	2.3326974	7.170806	-2.26529	-3.2878623	-3.921081
0.6185401	-0.52783084	2.05764	1.3287109	-1.00156	-1.7328547	-1.2495631	0.5232472	-0.91638625	-1.1516142	-1.4559706	1.9667729	0.030747265	-0.012411588	-1.2620792	1.4773405	1.9674668	-1.2060429	-1.7520542	-0.78635186
2.544643	-2.9333634	2.7094676	3.9205904	-3.6970825	-2.3634229	-2.8815928	1.871868	-0.52847743	-2.1683419	-7.049242	6.3684735	-1.5522155	-0.39260453	-2.1912467	2.9433396	3.1096826	-2.7268636	-3.4667788	-1.7742118
1.9872974	-2.3929198	2.4570568	2.9251902	-2.727499	-3.49996	-2.0001585	1.0423641	-0.62737626	-1.5847164	-3.1346278	3.6908672	-0.87817746	0.39856753	-2.5612435	1.46116	4.1910734	-2.18988	-1.7508817	-1.8541473
1.6938589	-2.204411	2.7888372	1.6812333	-2.7356238	-3.6945713	-1.2381324	1.8126639	0.101218425	0.11903955	-2.1994798	1.7558912	0.47560608	0.44140327	-2.119111	0.005721614	3.2221036	-0.62056834	-0.5587616	-1.768633
1.8470562	-2.014892	2.3614259	2.533407	-2.7287536	-2.2684026	-1.8679663	0.5750874	0.06885595	-1.4259503	-2.9831183	3.0642185	-0.25200582	-0.03342841	-2.0810022	1.0409893	2.969968	-1.3621303	-2.0471706	-1.8285518
0.8957903	-1.8262819	1.6938541	1.3295225	-2.368185	-1.3157113	-0.9746942	0.68575263	0.98638505	-0.024631057	-1.4783868	0.85321784	-0.18176784	0.09329281	-1.4037638	0.8148933	1.9228125	-0.8663599	-1.4050095	-1.0379486
1.456398	-1.8322232	1.9022511	1.794658	-2.5774548	-2.0696702	-2.2947814	0.7321855	1.7602435	-0.23792124	-2.8966386	1.6912185	0.35937178	0.6370579	-2.2090235	-0.3677812	2.3634398	-0.880011	-1.257493	-1.639351
0.92802364	-2.046619	0.62924844	1.0669506	-3.066783	-1.8000805	-1.8275951	1.2355208	1.2644901	-0.31182906	-2.143633	3.1585653	-0.39367282	-0.21634188	-2.0352669	1.6187755	2.300583	-1.7111281	-2.3675897	-1.3202351
0.8205068	-0.9465876	0.6445717	2.741939	-1.2306042	-2.3261511	-1.0478183	-0.3424647	-0.5381169	-0.76749	-1.2527028	2.3637276	-1.4434758	0.33052582	-1.5318806	0.96089727	1.4891682	-1.5711483	-0.0866305	-0.81798434
2.1983576	-2.383938	2.2276459	3.1504712	-1.8180023	-1.576607	-1.2679119	1.4072922	0.23234981	-1.0996469	-4.784664	3.1997855	-1.1851873	-0.076002166	-0.8538388	0.97368383	1.3775145	-1.180702	-1.3241426	-1.2381165
1.9179976	-1.7510662	3.138606	2.555501	-3.6737523	-3.0449955	-1.9065304	0.79930526	1.1044148	-2.2089014	-1.0828279	2.4420857	0.2641535	0.31631035	-1.464313	1.0316474	2.5596733	-0.9246577	-1.6856331	-2.522941
0.5261221	-2.6124275	1.5535477	1.9984902	-1.4639597	-2.804271	0.19301672	1.12334	0.3754335	0.3459963	-1.1622684	1.2990959	0.44089085	1.0820415	-1.995177	-0.07439317	2.2439244	-0.8078207	-0.065323874	-1.7830472
0.17520154	-1.3341116	0.6385715	1.6476195	-1.4811398	-2.692621	-1.6974509	0.12438602	-0.57636654	0.33833882	-1.6376053	1.3553002	0.63214374	0.12587568	-1.9469123	1.517216	1.6041553	-1.0435843	-1.0012169	-0.9204861
2.3708396	-3.950209	5.248818	4.6392293	-5.683646	-4.6224613	-1.8674713	1.096889	-0.596975	-3.1520758	-5.344075	6.0136323	-1.8685794	0.43432942	-2.3106194	1.6965349	4.8308773	-2.154458	-2.2702975	-3.3739965
1.4284889	-2.3538022	1.4703249	2.2920725	-3.4745393	-3.4900544	-2.4981256	0.29619434	-0.87189096	-0.7268961	-2.1904216	3.2903132	0.632322	0.24135359	-2.8939798	0.78297466	3.3010178	-1.336621	-1.5083458	-1.8600587
0.866419	-4.08849	4.1227317	3.5267253	-6.8639374	-5.5803547	-4.1813326	0.54663354	1.8121843	-1.675694	-4.404857	4.288722	1.1312749	0.9012398	-4.3974195	2.224407	4.6366816	-2.665704	-2.753954	-3.4400887
2.8693018	-1.3747908	2.8389354	5.145897	-2.144599	-3.574228	-3.3040755	1.0055085	-0.59146434	-2.9291675	-4.4244924	5.689914	-1.5591261	-0.55018514	-2.0977058	3.1224816	3.2192538	-2.6428013	-3.9529295	-1.9553988
0.35874	-2.0473652	2.0086913	0.97845036	-1.9603745	-2.099089	-1.2193108	1.2404718	0.9009158	-0.019171933	-1.2152659	1.3237844	0.29215866	0.25284702	-2.039027	1.5541394	2.5905333	-1.088824	-1.2477224	-1.00495
0.70498997	-1.6676911	1.7903591	2.957754	-2.319544	-2.2653372	-0.93039215	0.60728633	0.27250335	0.58044916	-0.922862	0.16366163	-0.14802103	0.7688083	-0.8130827	0.0042540417	1.7681077	-0.50026345	0.082363494	-1.2686687
2.229075	-2.0005927	2.551704	2.2428062	-1.9221004	-2.5815504	-0.7113856	0.87926334	-0.16193415	-2.1627462	-2.1780856	3.2010016	-1.2583061	0.3356148	-1.504827	1.3148878	2.5446348	-0.77067137	-1.7148393	-2.5064585
1.1013792	-2.356136	2.5540996	1.910565	-2.767775	-2.5842233	-1.7165415	0.89306056	1.0136031	-1.5487384	-2.657301	2.7684307	-0.030673658	0.42341435	-2.8401067	1.8826404	2.6366112	-1.6642023	-2.0721061	-1.7866261
3.186769	-4.5563498	3.1861582	2.883399	-6.8346677	-4.9556446	-3.5845666	3.2342331	2.5863488	0.5768284	-6.184267	3.9433787	-0.24176896	0.9630645	-6.5031557	1.5258967	6.4269595	-1.5499223	-3.8200557	-3.1913075
0.50660646	-2.2497451	0.8354551	2.0143125	-1.8423711	-2.5337002	-1.738252	0.7465148	0.92252177	-1.6364236	-2.1241791	2.5526814	0.108852975	0.13232596	-1.9803083	2.118346	2.3682373	-2.0206394	-1.9638885	-1.6614803
1.4781103	-2.9295213	3.314623	3.2589085	-3.40274	-4.3966384	-2.3180788	0.7436933	-0.70974874	-2.341125	-3.8684564	4.8831925	-0.030838354	0.02297068	-2.7309647	1.7932103	4.580796	-1.6772128	-2.0359194	-2.7914546
1.6363097	-1.5106547	1.9893676	1.6795754	-1.3153131	-2.0912158	-1.4967754	1.592874	1.2377707	-1.3942021	-2.3073366	1.967163	-0.1639477	0.07215451	-1.9224244	0.8844804	2.1908095	-1.3219409	-1.7599674	-2.085
0.9124449	-2.3781679	0.9763639	1.0580521	-2.9436793	0.6022353	-1.0898421	0.93123853	0.59822166	-1.0496329	-3.0577202	2.1582522	0.119874336	-0.33408928	-0.84045523	0.5280907	1.6463065	-0.71056163	-2.2960525	-0.93273646
0.54053205	-2.208997	1.4250046	2.3666375	-2.7843738	-2.678449	-1.0874975	0.4354991	1.0420766	-1.4094942	-2.1978502	2.681792	-0.9279107	0.57672566	-2.2115905	1.1053036	2.496811	-1.188705	-0.7421183	-1.654953
0.39684218	-2.147429	2.648419	1.715658	-4.300764	-2.454276	-2.395973	0.92912334	0.42070946	-0.7886218	-2.3781552	2.66056	1.6308796	0.42841583	-2.6331024	0.90803427	2.5241404	-0.65896475	-1.3479505	-1.6572307
0.13142873	-2.4897158	0.534111	1.4859611	-1.5369093	-3.1376696	-1.3860534	-0.06980766	0.85116214	0.13451384	-1.2336348	1.9708894	-0.2113408	-0.3961785	-2.390037	2.5203567	1.4436867	-1.9488553	-1.836553	0.09912668
1.2035632	-1.8356612	0.5090553	0.6531058	-1.6089989	-1.8101479	-0.8364289	0.6645905	0.65051407	-0.511879	-3.411089	2.6318984	-1.3822753	0.22858554	-2.7275658	0.3016159	1.5496017	-1.7196248	-1.1404113	-1.505433
2.719138	-1.3276336	2.2521381	1.9600013	-2.2493908	-2.037589	-0.84402806	1.0773977	0.09346994	-2.0071335	-2.661012	2.92723	-0.61586815	0.4868947	-2.3741944	-0.39160806	3.6888607	-0.45615527	-1.3587347	-2.3058438
-1.1822976	-4.0821095	3.6131186	3.7787874	-4.339113	-4.912854	-2.6242948	0.3752984	0.43454924	-0.18735765	-3.1485622	1.8250296	1.2120602	1.2608283	-3.4508057	1.477207	5.0411143	-2.9529753	-1.0470252	-1.8323376
2.598755	-4.125044	4.6318874	5.1599603	-4.0402493	-3.9850483	-2.179758	2.0364897	-0.40977392	-2.2062194	-6.104099	6.2983923	-1.2364204	-0.09652672	-2.7887676	2.4396656	4.5296307	-3.005116	-3.5341341	-2.344682
1.3442478	-2.3255916	1.5839838	3.5906377	-2.877021	-2.5672717	-0.47767064	1.3668575	0.37105748	-0.9858128	-2.6259017	2.609001	-0.57693034	1.006831	-1.6790135	0.62334675	3.1657913	-0.93246824	-0.9374752	-2.2912686
0.23968525	-1.0235698	1.5306269	1.8954182	-1.9346424	-0.7224846	-1.6059623	-0.80067044	0.8900321	-1.9065393	-1.8845931	2.124111	0.33271372	-0.069420025	0.08913562	-0.72190624	-0.54700553	-0.3885072	-0.25681913	-1.0579656
2.7621047	-3.6807063	2.6952467	4.646683	-4.3129263	-4.588774	-3.3352864	0.8696533	1.8704573	-1.0750992	-3.3006413	3.5303326	-0.92839384	0.5937688	-3.503168	0.72587985	4.460842	-2.4888158	-2.7158694	-2.703906
1.9836369	-2.4277174	2.8389647	2.6692698	-3.133691	-3.370025	-3.2328484	1.7496244	1.7527466	-1.7029032	-4.089439	3.8207076	0.3048927	0.28903154	-3.2676597	1.5654444	3.101062	-1.7847407	-2.3964815	-2.5573099
2.739989	-1.6660991	3.0691807	2.9750185	-1.508375	-2.5403562	-0.27983344	-0.7133308	-0.014087565	-2.3772776	0.8812935	1.6712844	-0.88348	0.21739158	-0.076540336	-0.21682154	3.5580652	-0.107206434	-0.19425346	-1.8194813
0.9508132	-1.5767092	0.91488653	2.6467934	-1.837821	-3.8186343	-1.9713532	-1.2587796	-1.0929009	-0.5671151	-1.9088417	2.0859032	-1.3666233	-0.35020712	-1.2811148	1.6690855	2.0124009	-1.1996868	-1.248735	-0.42012894
3.0363102	-2.5449028	2.051191	2.3689563	-2.3094673	-2.5588853	-0.4638661	1.126194	0.21195209	-1.1373525	-1.8565484	3.0322757	-1.431292	0.49300975	-3.3929217	0.18817881	3.8335876	-1.5241306	-1.6112683	-1.9731928
-0.13006197	-2.86156	3.0148838	2.6196725	-3.6396723	-5.0739675	-2.3899095	-0.16840625	0.97016984	-0.6570574	-2.3205907	2.3634682	-0.3510389	0.9000265	-3.6801088	2.0350876	3.5542424	-2.1308699	-1.2304852	-1.6221269
0.47014928	-2.2551801	1.6199462	1.8169192	-2.71716	-2.842911	-1.3080868	1.0001322	1.2764553	0.25777036	-0.88496596	1.7585039	0.40737003	0.6542497	-3.0135572	0.8349298	2.6894624	-0.85014766	-0.60829306	-1.6258929
1.1757944	-1.1989373	1.5623564	1.3796009	-2.2305958	-1.734081	-1.0402906	0.32790726	-0.24905275	-0.23853226	-0.9042054	2.3226135	-0.55868095	0.077202395	-2.4607265	0.6265835	1.4437286	-0.11348593	-1.1955723	-1.3280325
1.3126866	-1.7529416	0.31054163	1.6773319	-0.20198645	-1.6022899	-0.2843762	0.19920011	-0.28314975	-1.1337519	-0.82308656	2.520432	-0.87978315	-0.35939172	-0.8905889	1.6383307	1.175672	-1.0224351	-0.6780836	-1.158674
4.386338	-3.0483105	4.6995077	3.1281238	-5.309632	-4.340981	-2.532446	1.4006052	1.069562	-4.0070176	-3.9669251	5.738341	-0.7981582	0.72902995	-4.3268228	0.7122155	5.100469	-0.82499987	-2.2770362	-4.5337014
1.9861854	-1.3640153	0.9176407	0.9630663	-1.9522114	-1.335801	-0.90236604	0.78127015	0.5940084	-0.96466273	-1.0107262	1.2008742	0.0329746	0.59613574	-2.597187	-1.3759179	2.6629841	-0.7771622	-0.8423812	-1.7611637
2.2018886	-3.3150227	3.3568685	2.8537383	-4.038473	-4.346481	-1.2825869	2.2107985	1.464571	-0.5483735	-2.7268062	2.6178226	-1.2684994	1.1512996	-3.8134837	0.7543089	4.5916414	-2.5381927	-1.5815642	-3.1238515
0.41496745	-2.3959024	3.9175138	1.9971527	-1.8693637	-3.0526237	-1.0125948	-0.25764108	1.1282266	-0.71580225	-0.5487932	0.4512976	-0.8486954	-0.10125772	-1.3048089	1.5849475	2.344701	0.01287244	-1.1986241	-1.034406
0.83821076	-1.4403077	1.7030572	1.9330864	-2.0173159	-2.7840378	-1.4936907	0.95268285	0.7450694	-0.7384906	-1.0000981	1.6551876	0.08587883	0.09481628	-1.4482015	1.3090997	2.078597	-0.54190004	-0.70244104	-1.1263043
2.3537242	-3.5101492	3.0087965	3.2719245	-2.5894501	-4.755026	-2.2914035	0.854866	0.8594929	-2.5984933	-3.2882762	4.195665	-0.5958122	1.2029463	-4.861708	1.8759109	4.7565365	-3.2308502	-2.201975	-2.9941807
0.7155907	-2.1734366	3.1735725	0.6736371	-3.4208412	-2.624936	-2.299846	0.45296657	2.2035916	-0.5984153	-1.8048469	1.3802094	1.0774089	0.5092294	-3.0075376	1.0667113	2.6122475	-0.3488698	-0.9466082	-1.4711515
1.3988893	-4.600617	4.7082057	4.2723255	-6.062679	-5.970304	-4.5534825	3.1535769	2.4324481	-0.052613534	-3.9162905	4.29216	0.15729457	0.33437482	-5.2452126	3.846115	5.9782667	-3.3471684	-3.549611	-2.8983614
3.4858499	-3.9890552	4.4051495	4.52388	-6.102843	-5.6313643	-4.2345777	1.3651752	-0.004426932	-2.70422	-4.0097504	5.741154	0.413135	0.76898825	-5.1221957	1.7021295	5.317469	-3.023176	-2.6680076	-3.984673
1.5443293	-1.0110475	0.2185382	1.5077924	-1.8002336	-2.4243464	-2.1193125	0.39498743	1.1699448	-0.5144969	-1.1247084	1.1986898	-0.60836595	-0.23797432	-0.77264756	1.6302888	0.62792164	-1.6451716	-2.2180288	-0.75894666
-0.35561994	-1.6398622	0.29155588	0.46255934	-0.6753432	-1.2682408	-0.8491086	0.2400174	-0.7988098	-0.32534072	-1.6818167	1.6691064	-0.0466896	-0.5519871	-0.90979546	1.257472	1.5071266	-0.9784609	-0.7882432	-0.5793317
1.4859554	-2.3579836	1.3108929	2.418761	-2.637729	-3.3178828	-2.7119975	1.1285157	-0.25217932	-1.0324945	-2.7852314	4.151087	-0.48078057	-0.10202809	-2.478396	2.369569	3.3137825	-2.4441013	-1.6057776	-1.627146
3.306638	-1.6077187	2.19341	3.1032367	-2.4863572	-3.378322	-2.236251	1.0053146	-0.26766512	-2.491938	-3.4204652	4.684931	-1.0962483	-0.10095182	-2.4577036	1.1411277	4.2853627	-2.18328	-2.7956867	-2.6478453
1.3066362	-1.8143967	1.5557982	2.3952122	-2.372398	-2.2662232	-0.9305906	0.30409124	0.39885992	0.09814032	-0.7688634	1.0598367	-0.5846231	0.9266402	-1.6502436	-0.027931608	2.614901	-0.52072215	-0.45729068	-1.6753161
1.5211707	-3.9513085	3.815905	4.32215	-5.883233	-4.8015575	-3.10332	1.8062608	1.3220936	-1.6974075	-4.3286023	4.801324	0.67497313	0.10467904	-2.9025364	2.1485398	4.54654	-2.1134245	-2.7989652	-3.2913604
2.2390747	-2.4278545	2.2193053	3.409019	-2.5322113	-3.6692672	-1.523418	1.2933022	-0.036143202	-1.9483988	-2.38202	4.635423	-0.6275499	0.54439163	-2.4453745	1.4299546	2.913437	-3.0247583	-2.1926823	-2.361071
-0.9919421	-0.025157938	-0.32960355	1.018035	0.4939297	-0.5559533	-0.7520976	0.5096573	-0.73119855	-0.62574357	-0.43192035	1.712197	0.1547475	-0.968776	0.657875	1.7700084	-0.84404397	-0.33167905	-0.5272648	-0.36667675
2.651904	0.021277864	0.03632516	1.2103317	-0.07344259	-1.4728537	0.794892	-1.1950427	-0.48852786	-3.4683373	0.6040959	2.9046633	-0.61223966	0.6111245	-1.4268614	-1.2882105	2.1319005	0.22454901	-0.65418327	-2.066932
3.1969671	-5.0660677	4.894439	4.853157	-5.989514	-7.8189325	-4.371112	1.2682569	-1.4755306	-2.7916527	-6.4490128	6.5423164	-0.65294075	0.69047916	-6.2144446	4.439197	7.5297203	-3.0140939	-2.838156	-3.4963725
3.24219	-4.756614	4.765134	4.635387	-6.433077	-6.5981255	-4.295925	2.1006184	1.3027647	-1.5059534	-4.360322	4.6715417	0.24885425	0.7405186	-5.4682055	3.0353978	6.922381	-2.2593443	-2.4203305	-3.2879393
2.1441681	-2.6881387	1.7525676	2.4838893	-3.67111	-3.730971	-2.8954186	0.88345844	-0.35394433	-1.7368912	-4.1125293	4.57145	-0.26428822	-0.11900064	-3.6190047	2.15232	3.8266566	-2.7362628	-3.254777	-1.6500088
2.741369	-4.100388	3.9841456	3.2234352	-5.468604	-4.0030327	-3.1904812	1.4869496	0.42976695	-2.7641125	-6.202219	6.4280114	-0.061499722	-0.00796717	-2.2699523	1.7286202	3.8387976	-1.4493616	-2.3963375	-3.627848
1.4499334	-2.312614	1.8695415	1.3079156	-2.6319532	-1.7342075	-1.2842903	0.9837533	0.021107893	-0.68536574	-2.4161365	3.1161919	-0.22006828	-0.049297642	-2.1133335	0.11255584	2.1345155	-0.83352786	-0.8711185	-1.7479863
1.9443212	-1.7633919	3.1376057	3.8269029	-3.3196197	-3.1805127	-1.5990931	1.9312627	-1.3393617	-1.4566975	-3.3069065	3.8631988	-0.37270406	-0.02148008	-1.2902933	1.0680826	4.718671	-0.9352171	-1.3435798	-2.037054
1.935649	-3.404509	2.2846615	3.737527	-4.016069	-4.124424	-2.6691103	0.80507064	0.78886384	-2.30591	-4.227197	4.3560443	0.37046233	0.3012096	-3.2424846	2.0823996	3.9926906	-1.5665187	-2.2591727	-3.0789983
1.327297	-2.76488	3.380165	2.9623728	-3.9888737	-3.690263	-1.7963623	2.4361567	0.2284859	-0.37431747	-3.3010247	3.5777252	-0.4479316	0.29808283	-2.901711	1.8244648	4.5025764	-1.4968938	-2.3995879	-2.3650985
0.77473223	-3.5397918	1.9743828	3.0241635	-3.4321375	-3.6886406	-2.385121	1.0487317	0.38361672	-1.2237098	-3.1283512	4.1253247	-0.91956335	0.035457384	-3.1312566	2.5510342	3.4710407	-2.6049423	-3.2461245	-2.4990044
1.6038553	-1.2953292	0.59072495	1.9230837	-1.9200305	-1.9113324	-0.55719316	-0.038934022	0.25400522	-0.3460302	-0.4261392	1.2388324	-0.9518986	0.12833902	-1.0468156	-0.23206861	1.5930648	0.20163994	-0.5980385	-1.6021146
3.605719	-2.2381234	3.1683345	3.3041925	-2.611614	-4.5077906	-0.85162205	0.9712829	-0.15011527	-2.2622705	-2.8500605	4.8911624	-2.163753	0.5194951	-2.4771998	1.2788678	3.8271873	-1.686338	-2.5148857	-3.1976738
2.4180882	-2.3834324	3.217201	2.6131163	-2.0463066	-2.4825006	-1.0310786	0.7220909	-0.40670595	-2.2660525	-2.8722079	3.345395	-1.582014	0.20936677	-1.9985462	1.7368603	3.9189034	-2.5231156	-1.8533523	-1.6604874
4.269474	-5.501242	4.090949	4.2523017	-4.966594	-3.9208968	-1.5167555	2.0027208	1.0663891	-2.5594819	-5.4821663	6.3931503	-1.2783734	0.48423812	-3.1542306	1.7154157	5.1870623	-2.5508766	-3.8014402	-3.9132888
1.419688	-3.3027558	1.8628306	2.8759882	-4.3098717	-4.1568637	-2.64933	0.92827284	0.15203899	-1.6022346	-4.588174	5.2979736	0.060639482	0.57513666	-3.682098	2.0555658	3.7618904	-2.2418485	-2.2609906	-2.9352899
2.357215	-2.2823057	0.46225074	1.1212373	-2.261771	-1.2973632	-1.184809	1.6700543	1.2220241	-1.8347086	-4.255819	3.9486265	-0.005970984	-0.0794237	-2.7117105	0.6814413	2.845885	-0.84352076	-3.0693285	-2.307524
1.809876	-4.1034503	3.257061	2.5770092	-4.342002	-4.511171	-2.3485324	2.5873563	3.2513201	-0.54299265	-3.6558576	3.221736	-0.91649705	0.6957635	-4.593614	1.7840438	4.811861	-2.8761852	-2.9039817	-2.9622808
0.7184587	-2.9859421	2.8069603	2.0494192	-4.5471015	-3.2073069	-1.9565086	1.3105248	1.5840784	0.1976434	-1.3846946	1.8150033	0.048776504	0.7158326	-2.068562	0.8450029	2.5614364	-1.0803155	-0.44402206	-1.9861947
2.3520472	-1.7832096	2.7457795	4.148586	-2.5332868	-2.174106	-2.6010473	1.753088	-0.25975603	-2.5275772	-3.8005395	4.6659036	-1.2435653	-0.3991371	-1.3904855	1.7675587	2.0568876	-1.7911191	-2.517594	-2.5444722
3.420751	-3.5516539	3.1049473	4.1816735	-5.5700393	-4.503782	-2.7679381	1.93623	2.223843	-1.4943874	-2.7391853	3.4776409	0.13438196	1.2619755	-3.9949093	-0.35606867	5.3346024	-1.1962376	-0.7676809	-4.054161
0.5886352	-3.0993133	1.9002626	1.9049104	-2.0346408	-1.639358	-0.70743895	1.6488699	0.8434693	0.001592418	-2.3510616	1.6900759	-0.15938528	0.34646004	-1.3417646	0.9580317	2.5964603	-1.631512	-0.77153397	-1.0283426
1.7374743	-1.9494312	0.33216685	2.8709373	-1.2782701	-3.9979835	-1.0722713	-1.096154	-0.72992253	-3.2123096	-4.381771	5.975797	-1.3823365	0.12883906	-2.3165684	1.777863	1.5839806	-0.890155	-2.0251515	-2.9583485
1.1593273	-1.763707	2.127343	1.7043594	-2.4836094	-0.73633003	-1.5975709	1.4449738	0.98334295	0.8750521	-3.3478248	1.1505599	0.27060142	0.4463315	-1.7526398	-0.3360509	2.6114342	-0.47507256	-1.1034825	-1.3623394
1.1882795	-2.4998038	2.7002795	2.8610857	-4.3384686	-3.64682	-2.46051	1.6783086	0.88279325	0.4792733	-2.0310473	2.0681136	0.9486626	0.953876	-2.5310578	0.9389957	4.0637603	-1.1357976	-0.81804395	-1.7577691
2.124103	-3.7020302	1.488404	1.7369024	-3.0942187	-3.8519566	-2.9097507	1.8093227	2.7365184	-1.2030116	-2.7509382	3.5057144	-0.00838296	0.45477858	-4.2862377	2.0177038	2.988411	-2.5126743	-1.789702	-2.680788
2.3504393	-2.9084327	3.0954008	3.7643769	-4.3166046	-4.5462403	-2.9721494	1.750163	1.2729398	-1.8543576	-3.60984	4.4510236	-0.42343017	-0.4110241	-3.3475811	3.252407	4.6952763	-2.0502899	-4.102574	-2.1887782
1.075797	-1.4767047	1.4783219	2.686933	-2.5209863	-1.9821752	-1.4260441	0.54788625	1.20766	-0.5553016	-1.4909428	1.1141075	0.14062713	0.9249665	-0.9122045	0.3366689	0.9977645	-0.51586366	-0.6241887	-1.6867647
3.3827524	-4.7288604	3.4049997	3.9580362	-6.487774	-4.666168	-3.3164928	1.9942029	3.8864968	-0.6409773	-3.4787505	3.8383996	0.32251462	1.5247742	-5.15599	0.93306553	5.558638	-2.7476103	-2.43602	-3.7096276
-0.3644351	-2.517457	1.2711141	1.6473125	-2.0782864	-2.342672	-1.917934	0.70299053	0.29819462	-0.2762246	-2.6557424	2.0015304	0.22285952	0.0039627817	-2.0111623	1.6480882	1.2302456	-1.000875	-0.61035216	-0.8476628
1.0135701	-2.4125998	0.06179583	1.5404142	-0.9677388	-2.3842356	-0.12704852	-0.11031984	0.22376135	-0.32927892	0.2806628	1.526761	-0.8240999	0.8020822	-2.422758	0.0326258	2.6518188	-1.5631136	-0.052993037	-0.9547303
1.9700965	-5.385021	3.5841036	6.1772056	-5.1065817	-6.9700623	-3.2792833	2.2268083	0.8767326	-1.6115716	-4.6188693	6.2345433	-0.2897447	0.89207065	-5.4957085	3.2013085	6.4026566	-4.3482103	-4.312478	-4.0876617
0.4524232	-0.75956905	1.5583497	1.2287652	-1.6613942	-0.6047272	-1.0282135	0.37820688	1.4337482	-0.08416951	-0.9326388	0.16441478	0.3081296	0.24205703	-0.08935383	-0.21032116	-0.41157112	0.018070145	-1.0297612	-1.2623836
1.4583032	-3.1919167	2.295162	3.292188	-3.9535282	-4.8748064	-3.189342	1.3387816	0.35015184	-1.5080051	-2.9634354	4.0272884	0.8805004	0.5562781	-3.9479988	1.7405374	4.417879	-2.0887225	-1.720698	-2.8811886
1.2060219	-1.3729839	0.35192764	0.45837545	-0.46905643	-1.0571151	-0.06930422	0.41385695	0.27214232	-1.151363	-1.2086062	1.4900775	0.20282938	0.39202398	-2.0428617	-0.1004006	2.2311082	-0.040984664	-0.4368991	-1.2515904
1.9145364	-2.0617645	1.9337217	1.2511518	-2.937373	-2.9044323	-1.6792204	1.013805	-0.3151301	-1.4828173	-2.9945862	4.0382543	-0.18088424	-0.08895923	-2.0183308	1.1291223	2.342722	-1.2693206	-0.9747065	-2.3712656
4.106746	-3.5034275	3.2387583	3.849889	-4.737345	-4.0126157	-2.0125785	0.8116386	-0.6597411	-2.669719	-4.6495724	7.1968007	-2.5750346	-0.26275072	-3.5740154	1.0222597	4.3513603	-1.7214032	-2.4744132	-3.2256129
2.3717213	-4.9426203	6.0606194	8.571123	-6.2294345	-10.256325	-4.890814	2.489197	-0.36671904	-2.957606	-5.5567946	8.037573	-1.5657209	0.53069764	-5.2985635	4.7822547	6.5134563	-4.1644454	-3.5308704	-4.3003144
1.6606971	-3.5431998	3.0845191	3.8084319	-4.6873546	-3.357648	-1.6287903	0.22155197	1.4297495	-1.0993376	-3.1805036	2.6087825	-0.48878634	0.692785	-1.6851381	0.42486966	2.9694824	-1.5051012	-1.0677907	-2.6337287
2.3122635	-4.597379	4.9745336	4.179433	-6.097481	-6.954779	-3.7292075	2.3852713	0.6355617	-1.9174361	-3.2335649	5.3095083	0.17022137	0.42261934	-5.6850204	3.5039513	5.7126656	-2.8663485	-3.2781897	-3.606752
1.2003366	-0.93126315	0.7571388	0.021770269	-2.2456234	-2.692238	-2.1805072	-0.24542941	1.3185332	-1.75944	-1.036837	2.0886724	1.1283109	0.33639905	-2.0870974	0.8230013	1.1691662	-0.5004344	-1.0492334	-1.5503134
0.6936105	-1.9091886	1.5682845	3.1839418	-2.941811	-3.6048388	-1.8400589	0.49296558	0.45962197	0.35325748	-0.4579873	1.2299147	-0.667265	0.35298583	-1.5003858	0.8099419	3.385676	-0.91980815	-0.8053731	-1.9182146
1.0121561	-1.3091146	1.0939856	3.4713678	-3.323959	-1.5773449	-1.9014661	0.29965448	0.46348244	0.36171943	-1.0589296	1.1083329	-0.002148097	1.3119948	-1.4415451	-0.83837706	1.7013595	-1.0757087	-0.39795828	-2.190046
-0.24209104	-1.4883295	1.9641489	2.5473247	-2.9583285	-1.697232	-0.46296874	0.64429104	0.77294576	-0.29967815	-0.83171076	1.0059927	-0.12841405	0.8668033	-1.6568975	-0.026321424	1.4908702	-0.29723585	-1.088721	-2.1113715
1.1996015	-0.9497069	1.1244487	2.1085339	-1.2104212	-1.8962079	-1.9676379	1.2074887	-0.9043729	-1.2603397	-2.7601912	2.6713789	-0.14171818	-0.19185077	-1.2025933	1.5793192	2.1697016	-0.8155132	-1.0787054	-1.0838091
3.4412801	-2.7399378	3.3731086	4.7439084	-4.7158246	-3.8689418	-4.389238	0.27677494	-1.1949587	-4.2715	-7.6600575	7.5172496	-0.76244384	-0.060164023	-3.681012	1.6791264	3.833536	-2.822746	-3.8424518	-3.8156335
2.7185347	-5.388597	4.5303264	4.3305564	-7.82229	-6.176263	-4.455382	2.706256	2.3316686	-1.5985403	-5.341559	6.0685625	0.09258888	1.0464282	-5.6730494	2.6996837	5.2525377	-2.9627717	-3.3780646	-4.996972
3.928795	-6.969268	6.7136183	8.127521	-7.983187	-9.282558	-4.229212	3.3975444	0.7696	-3.8802218	-6.7503595	9.63139	-0.3260477	1.0655006	-5.9954863	4.1400337	8.323814	-4.918183	-4.060558	-6.162979
2.2044106	-3.0557086	1.0209769	2.9412894	-3.8529112	-2.2004318	-2.908943	1.831237	1.5074544	-0.17585863	-4.4567766	4.3700037	0.1593919	0.16238883	-2.3302586	0.33658874	2.7985528	-1.4441086	-2.0998008	-2.6896753
2.0870905	-2.4954088	2.0991814	2.9038	-2.8557942	-4.2160807	-2.0763586	1.572636	0.5028123	-0.8058885	-1.8664025	3.5033503	-0.49697918	0.4273561	-3.5529053	2.00657	4.0306883	-2.206778	-1.4049308	-2.0176704
1.2111872	-2.2576673	2.310343	1.2253563	-2.2325616	-2.5094857	-0.93599224	0.9676523	0.4228583	-0.9902256	-1.0586243	2.4778335	0.24705128	-0.030929884	-1.5921078	0.83892083	2.6571007	-0.4809441	-0.46955165	-1.0388645
1.7519184	-2.0104082	2.7472389	1.8821563	-3.3751957	-1.8207233	-1.5187697	1.3561021	0.4530643	-1.3513188	-3.0841994	4.6803317	-1.1802167	-0.07035879	-2.8648906	0.8750206	3.1976223	-0.98376644	-2.436443	-2.5127568
3.5576384	-4.398731	3.2996948	3.8145695	-5.1494594	-6.3595986	-3.092995	1.6400845	0.6151884	-2.4332426	-3.5508287	5.456894	-0.56003046	0.56943727	-6.1523848	2.0807352	5.449327	-1.6996393	-1.498854	-4.157216
1.2382451	-3.112572	3.673378	4.3462906	-3.3407385	-4.1258483	-1.5204301	-0.41315493	-1.0257524	-2.3589556	-1.8766736	3.5752373	-0.31517383	0.4571378	-2.0125272	1.2124934	4.413219	-1.5993172	-0.5591302	-1.8783735
3.0685208	-5.1831927	3.6042001	5.321773	-4.2631774	-5.1640806	-3.4922657	3.1113267	0.8740902	-1.7458459	-6.6250978	6.601244	-1.396113	0.28929704	-4.650258	3.3023753	5.975705	-3.7246637	-3.2765744	-3.909564
1.0751461	-2.1219883	1.7093637	2.8800204	-2.43478	-1.3528014	-2.0168083	2.209806	1.927713	-0.017766947	-3.5745137	2.8989	-1.0127367	-0.25684306	-1.9374094	1.2010094	1.0013579	-2.0169752	-1.3934083	-1.1247498
1.3724777	-1.5438259	0.34309718	1.1176486	-2.2465913	-1.5458688	-0.61902595	-0.48397458	-0.22808883	-0.6573918	-1.9087397	1.9230405	-1.3596034	0.53664917	-1.9339477	-0.21151967	1.6772486	-0.74699104	-0.74148536	-1.4368429
1.0106088	-0.57710767	0.20518675	0.46155965	-0.9705409	-2.333007	-0.24061243	-0.60142916	-0.55058634	-1.3538921	-0.66424733	2.7613833	-0.83529204	0.18231143	-1.6265059	0.69462687	0.64046615	-1.1948103	-0.0676868	-1.0215051
1.2643869	-0.7375898	2.0224051	1.1866401	-0.7267478	-2.326375	-1.516193	0.12208265	-0.65099937	-2.4213507	-1.4978029	3.6297243	-0.40568718	-0.8607875	-2.0893042	1.3987762	1.7094103	-1.7604038	-1.3466296	-1.2079773
-0.022753505	-1.4293413	0.4734908	-0.18011044	-1.9113972	-0.9323223	-1.514299	-1.1876612	-0.3169132	-0.90518653	-1.7572033	1.577592	0.15346192	0.25242907	-2.4617953	1.107508	2.680627	-1.0843703	-0.7545122	0.07110721
1.3932608	-2.1734552	-0.36613944	2.7717903	-2.0212	-2.7857673	-2.4987962	1.4219354	1.743435	-0.77677	-1.0715616	2.3363197	-0.21433851	0.22368939	-3.1419365	2.4296384	2.2135487	-1.4758346	-1.8470778	-1.712824
1.3286135	-3.0433004	2.0555947	2.5831482	-2.428173	-3.49175	-1.8715065	0.59739196	-0.065891825	-1.2579243	-2.362945	3.3028538	-0.7502691	0.105363004	-3.2927592	1.8062876	2.9076278	-1.801391	-1.0584724	-1.5031894
0.67252505	-2.6133025	1.2490122	0.5195982	-2.4981568	-0.8889517	-1.1669327	0.6105268	0.9732034	-0.19782892	-1.5581499	2.074438	-0.14757799	-0.5104543	-1.1251934	1.227896	1.2406753	-0.5730882	-1.4295787	-0.83185315
3.4294178	-3.8249078	3.8469527	3.7971776	-5.07396	-4.941188	-2.4136224	1.340752	0.34930223	-2.6270456	-4.6348476	5.1873455	-0.6774185	0.9213849	-3.784595	1.0426517	5.3211756	-1.5947163	-2.551707	-3.930604
-0.18662098	-0.96505547	-0.79649043	0.85654455	0.108373776	-0.04645249	0.6612429	0.41205913	-0.5428662	0.4887656	-0.22750625	-0.60429	0.51424766	-0.55421096	0.29839194	-0.62941706	0.2305163	0.5393563	1.0334717	0.3511118
1.2023329	-2.6169167	1.917057	1.499315	-3.4773016	-3.9047024	-3.094291	1.1545327	1.8769195	-0.25986975	-1.6272384	1.9592751	0.43760052	-0.23573953	-3.6608427	2.406681	1.5255013	-1.4810202	-2.587449	-1.291744
