1.259532	-1.5131971	1.0153062	2.4675133	-1.5622495	-2.8326735	-1.4942251	1.2090689	0.95114625	-0.7841715	-1.6582265	1.7350243	0.1863019	1.0857078	-1.6284691	-0.39564386	2.5800312	-1.3633457	0.039050616	-1.840204
1.1135296	-3.360077	2.48636	1.7051406	-3.470741	-2.5859346	-2.352104	2.7622697	1.9002252	-0.09124231	-2.443609	2.5227861	0.24637523	0.23257092	-3.3510482	1.7998221	3.587399	-2.0060456	-1.4306542	-1.8953273
1.2317666	-2.2936914	0.20831601	-0.33997065	-2.4320178	-1.1951598	-1.5095016	1.8508637	1.7768316	1.2839682	-2.4935813	0.7945585	0.38261515	0.5322281	-2.8069122	0.17714314	2.2972393	-1.0430807	-0.69180065	-0.9257368
1.6140566	-1.6888514	0.7796369	-0.03829986	-1.5907278	-0.9802684	-1.4831082	1.8038547	2.1792789	0.16060464	-1.8926342	0.5363819	0.7297211	0.63259363	-2.4278648	0.4855119	2.4179964	-0.9558561	-0.9681008	-1.1998789
1.9578227	-1.3979846	1.6730291	1.4836954	-2.934241	-2.1435885	-1.3788368	1.055951	0.09567708	-2.1682212	-1.1481506	3.2599359	-0.5648928	-0.24623282	-2.214044	-0.28938028	2.6981103	-0.1839775	-0.80103356	-1.6289481
3.3194232	-5.6889095	2.8948793	4.9524326	-8.005716	-8.279042	-5.7638936	3.1024256	1.5428426	-2.108715	-4.172144	7.514422	-1.5339322	-0.24275818	-7.505098	5.2674236	6.6245885	-6.0639405	-6.093838	-3.9094179
-0.41171977	-1.4150046	0.68051726	1.187738	-1.2483041	-1.9677887	-1.085436	0.31772685	-0.34274116	-0.6849267	-0.9766361	2.4911964	-0.18984196	0.5201826	0.005530956	1.3395793	1.3171785	-1.7854551	0.18274878	-1.5050783
0.33865553	-1.9296502	2.3084857	1.5985744	-2.6218092	-2.2969122	-1.5288996	2.4031205	1.5984561	0.42624578	-1.6602737	1.1821452	0.5144025	0.61872566	-2.0562541	1.6825958	2.5173728	-1.5794303	-2.2091596	-1.7292521
0.74953365	-2.4870834	2.609411	1.7878325	-1.7113949	-2.0118377	-0.67204887	1.1626908	0.9401107	-0.4008262	-1.223016	1.6903365	-0.358445	0.1463093	-0.6128813	0.71115714	1.614316	-0.85587215	-0.32657257	-1.3886694
0.3504123	-2.9737172	1.8819948	1.4425464	-3.2800448	-2.7984612	-2.5514517	1.006768	1.0644251	-0.21319176	-2.0390253	2.2213569	0.7181534	0.73241305	-2.7476647	1.807295	2.372748	-2.464837	-1.8511037	-2.05139
1.7615384	-1.7667258	0.9030839	1.5809703	-2.3951008	-2.2216375	-0.90527534	1.1357194	0.38720736	-1.0152932	-0.91009647	2.613767	-0.5788096	0.66309994	-2.2183652	-0.36271998	2.8792288	-1.7479212	-1.2579756	-1.9319981
1.7202631	-0.6819485	0.36479655	0.22180124	-0.94424844	-0.19064042	-0.76212823	1.1621581	1.395971	-0.54384875	-0.63818026	1.9685726	-1.2089143	-0.38830537	-1.7617966	-0.1546165	1.3030066	-0.9088703	-1.0217144	-0.9954174
0.49229848	-1.9195837	-0.3097888	0.7172111	-0.07376979	-0.09189288	-1.1920502	1.8772727	2.2773654	1.795018	-2.400813	1.2872113	-1.9112444	-0.15685923	-1.2827528	0.74027735	1.1295812	-2.2654908	0.069750115	-0.11210276
0.7930873	-2.265588	1.3152736	1.1375474	-2.9146936	-1.1874157	-2.6488578	1.4131874	2.093736	1.4713651	-2.9477396	0.838196	0.36981425	0.57673496	-2.804015	-0.2563006	3.1400807	-1.5208082	-1.3937029	-1.3939052
1.6760889	-0.7684095	1.6826866	1.3932486	-1.6272143	-1.5057868	-1.6391315	0.49578694	0.49347442	-1.6622387	-0.72852844	1.0148739	-0.2641806	-0.44205272	-1.1505412	1.0859286	1.1082973	-0.6554546	-2.0078928	-1.6002172
2.3411279	-2.5328388	2.4518044	2.4385917	-4.1288524	-3.4668934	-2.3180146	1.9667244	1.6399324	-1.387703	-1.6962122	3.186485	-0.041019436	0.33428618	-2.6840565	0.8414777	3.8613544	-1.0973278	-1.2472088	-2.3570669
0.8909286	-2.263596	1.7047737	2.075824	-3.268514	-3.069354	-2.5563684	0.81846184	0.82591254	-0.27123153	-2.8893557	2.3489153	0.5624046	1.1385248	-3.2745347	0.65682626	4.1449685	-1.9794303	-1.2991236	-2.1074781
1.5757538	-1.7133075	1.2823312	1.5507047	-2.7075078	-1.618181	-1.2390987	1.8120388	0.9305928	0.09744716	-1.9403692	1.1242713	-0.19714507	1.054591	-2.8363872	-0.6015318	3.3291817	-1.1150775	-0.7475004	-1.3565089
1.9801954	-2.5420835	2.1343794	1.6475873	-3.9442842	-2.7737746	-2.8251038	1.8174835	1.5090302	-0.8070233	-1.941998	2.9722273	0.24900655	0.011492138	-4.7848315	2.318052	3.003514	-1.1607859	-2.5179741	-1.5446429
-0.30171484	-1.7262233	0.34214917	2.0724096	-1.9438328	-1.3088052	-1.5279481	-0.1814107	0.2923755	-0.44633752	-0.82092506	1.962889	0.0020198345	-0.23271815	0.26877365	0.65499705	0.98381174	-1.3159716	-0.15228654	-0.54067147
1.1891032	-1.3465645	0.79560256	0.99446803	-1.4751077	-1.9715345	-1.6662664	0.83118385	-0.17745796	-0.9282606	-0.33259797	2.8620424	-0.5589681	0.2666595	-1.7154204	0.5082215	2.4563956	-1.481091	-1.2054965	-2.0520318
1.8492622	-3.4631367	3.1243787	4.206282	-5.4896293	-5.732791	-4.1465473	2.3851728	1.6126271	-0.27029526	-4.0474505	4.673948	-0.1431534	1.1226537	-5.9419403	1.7419204	5.6510835	-3.2081819	-2.544507	-3.0814433
1.6511908	-2.4435267	1.605583	0.5160428	-1.3589033	-1.1895847	-1.485941	1.4101	2.0317447	-0.86496425	-3.0060642	2.4671462	-1.1318616	0.21216485	-2.6190605	0.2626393	2.903629	-2.6830177	-1.4328325	-1.3258122
0.57422507	-2.6728966	0.27753288	1.6230285	-2.3249357	-2.1497273	-1.5163324	1.2765588	1.1124827	0.76496977	-2.125009	2.343677	-0.89273345	0.36277214	-2.6243408	0.91604203	3.5118601	-2.0217144	-0.9272378	-1.2933607
1.9494519	-4.231274	2.8825138	4.6996202	-4.78941	-6.588987	-4.1413145	2.115251	1.1513425	-0.6561731	-2.7230756	4.197873	-1.0461041	0.4733108	-3.8123748	2.4676785	5.713306	-4.563978	-2.4516706	-2.828355
1.7053051	-2.7008257	1.0337874	1.180985	-2.1330807	-1.1122994	-1.6070226	2.3000581	1.2889307	0.1777288	-2.79673	2.5725417	-0.6668459	0.32050803	-2.1910048	0.87164384	3.6244912	-2.5850065	-1.1305451	-1.8036283
2.1186252	-1.1666884	1.1500646	1.779496	-2.2547646	-3.1188679	-1.2645955	1.2799872	0.2277905	-0.8267965	-1.2356542	2.2179325	-0.63762456	0.9008257	-2.5355358	0.47757754	3.1568773	-2.302496	-1.7367705	-1.8672045
1.3163264	-2.0429492	2.6530085	2.6921556	-3.478092	-4.051814	-1.7193114	1.0652839	0.7926396	-0.41294214	-1.9655619	2.4237254	0.66230553	1.0792317	-3.5522437	1.488991	3.044269	-1.8282828	-1.7524245	-1.4665262
2.2775688	-2.6571221	1.2843335	1.8200582	-3.240004	-3.387713	-1.7760712	2.2462733	1.4191014	-0.91021687	-1.83885	4.03138	-0.37748063	0.41328332	-3.3163867	1.6253936	3.5122306	-2.767136	-1.947222	-2.5191908
0.8292988	-3.140211	1.4005088	1.884578	-3.4525707	-3.0316782	-3.5981116	1.0255592	2.0550234	0.37121662	-2.2497694	2.2162263	0.11752376	0.15540013	-3.2596622	1.7901479	2.777765	-2.1126873	-1.1197927	-1.2485697
1.8266394	-1.457653	0.7721214	0.8591997	-1.9481819	-2.6589613	-1.6511974	0.83493674	-0.006637362	-0.089577526	-0.70793813	1.3242149	0.6987339	0.46018723	-2.486937	-0.0007945859	2.563543	-0.7115184	-0.2834127	-1.1913724
1.0413148	-1.4722072	2.2292702	0.28216556	-2.1273534	-2.2564688	-1.4837449	1.0473228	1.0128812	-2.1200392	-1.6157658	2.5032425	0.681182	0.6869446	-2.6492727	0.473685	2.0863295	-1.1027802	-0.5842019	-1.7297287
0.935016	-1.8777986	1.734507	1.276975	-2.823012	-2.8414552	-1.8218089	0.99728113	1.2802913	-0.83477986	-0.32477692	2.040834	-0.07078438	0.31265244	-2.520949	1.3391304	2.5048175	-1.1853721	-0.6272434	-0.87084013
1.4909708	-1.378642	1.3896618	0.8972408	-2.5648792	-1.6302065	-1.7120394	1.5298861	1.091045	-0.39766827	-2.2550385	1.2148736	0.26611933	0.32995299	-2.0048	0.16063012	1.2127949	-1.3495412	-1.6559651	-1.6677796
2.0502965	0.2608138	-0.16778967	0.729232	-2.3292985	-0.81267035	-1.423022	2.5089197	0.7971887	-0.4839798	-2.8273942	3.8617768	-1.8718522	-0.19507802	-3.4964554	-0.76675814	2.3841956	-1.7832159	-2.0835574	-1.2166833
-0.0180384	-3.0977066	2.1317642	2.9331274	-4.226583	-3.9837341	-3.2719548	1.4695137	1.5179919	1.0339947	-3.3894234	2.4899209	0.6097816	1.3301696	-3.5684974	1.4021786	3.194469	-2.345529	-1.6855465	-2.1338265
0.33597764	-1.8016261	1.9739647	2.0622883	-1.8216652	-1.5812186	-1.1620927	0.8290052	1.2320529	-0.28380883	-1.4420598	0.62499154	-0.17974667	0.45782942	-2.1950092	1.0180624	2.1971796	-0.89117604	-0.012053505	-1.0741935
1.518606	-1.3490084	1.0193352	1.6118021	-2.1530292	-1.4910451	-0.76292956	0.72258866	0.7336303	-1.8846928	-0.17941988	1.3066915	-0.78948426	-0.08627867	-1.8311515	0.41088626	1.5318364	-0.3223713	-1.678514	-1.7007203
1.5387142	-1.9876684	0.07846185	1.3106825	-1.6601312	-2.0461211	-1.6816524	1.7705506	0.374341	-0.44775888	-3.3894556	2.8726938	-0.23849592	0.49617428	-2.455686	0.5640911	3.4537299	-1.8736695	-1.9584949	-1.4170235
0.39156646	-1.4354832	1.5361001	0.98006564	-0.7538001	-1.3333544	-1.3140467	1.2317075	1.4474217	-0.90632445	-1.1865777	2.073185	-0.656043	-0.034991097	-1.2162632	2.045763	1.9191371	-2.124411	-2.099692	-0.61661583
1.7836676	-1.7156347	0.3856353	-0.19431905	-1.9712852	0.23693247	-1.4293839	2.733394	2.740435	0.17073885	-2.8878047	2.445274	-0.78519756	-0.115383275	-2.4594262	-0.8357172	1.5927672	-1.1024741	-1.0316187	-1.2517569
2.3147967	-0.8055574	0.6149197	2.1291382	0.054432098	-1.2991784	-0.2501815	1.7799197	0.12839468	-1.2932844	-1.2092454	1.7873857	0.15950283	0.5666032	-1.509615	0.27641478	1.107313	-0.47759455	0.17478171	-1.5719475
1.3435322	-2.12351	1.3384973	1.6802607	-2.9593546	-2.535935	-2.0297706	0.85864085	0.8815249	-0.6929294	-1.4202346	2.164037	1.0268584	0.970625	-3.0178554	-0.28408647	3.0231965	-1.319506	-0.47587645	-1.9015106
-0.24685511	-1.714393	0.3507858	2.166552	-2.515839	-3.8736444	-2.145973	-0.008958978	-0.6618855	-1.2207562	-2.793282	3.7321687	-0.6976584	0.12876287	-2.5026777	1.081151	2.8235826	-2.524494	-1.2132174	-1.1707686
1.131919	-2.3379884	0.13870318	-0.3315725	-1.141136	-0.34048787	-1.271698	0.8023102	0.7447827	0.318781	-0.82907534	1.7238665	-0.43796238	-0.23376115	-1.6071314	-0.49693462	1.9235588	-1.353898	0.9058059	-0.71126914
-0.022965685	-2.704552	2.7251499	1.574704	-2.9626813	-2.8400621	-2.2322423	0.3374162	1.3888104	-0.6412147	-0.53995967	2.5309443	-0.6260658	-0.055750366	-3.7693372	1.9631616	2.8008976	-1.6732483	-1.6608896	-0.95482194
1.4789909	-3.1409621	3.347977	3.3131695	-3.461811	-4.478461	-1.8310639	3.0537345	2.5482094	-0.61346817	-1.5185096	2.3921018	0.12790519	1.6380495	-3.4825745	2.0851777	4.420406	-3.2871737	-1.7298241	-3.3448796
0.8539389	-1.9317858	0.7583267	0.94945526	-1.7021555	-2.6155527	-2.387139	0.973305	1.8790421	0.10520547	-1.2177593	0.91861683	-0.52438104	-0.35577324	-1.9137182	1.5255635	2.5571003	-1.9537014	-1.6949052	-0.94900876
0.06821953	-1.8891499	2.1071494	1.0175397	-0.9592309	-2.1255457	-0.9209052	-0.08364308	1.0418001	-1.2334349	-0.23497401	0.58332026	-0.046055883	-0.06764228	-1.5421349	1.6484404	2.0816522	-1.3306328	-1.2626894	0.23803277
0.88175637	-2.618541	3.2682936	2.5411923	-3.5140493	-2.7446618	-1.8263437	1.806393	0.97929126	-1.0284728	-2.4097059	3.0312016	0.26966327	1.1270045	-1.8027247	0.7072192	3.7465374	-1.2229105	-1.3370638	-3.0355375
1.645133	-3.8333757	1.5734009	0.86825156	-4.018796	-2.7436578	-2.5775914	3.4091341	4.1532354	1.8259913	-2.9401238	2.1665032	-0.33888724	0.8508608	-4.2776127	0.63713664	4.3660445	-3.4535544	-1.5611949	-2.095038
3.375714	-2.1155958	2.676445	3.1176395	-3.9567323	-2.6971138	-2.7683868	2.3799984	2.4474907	-1.756917	-2.6505818	3.5519338	-0.23082906	0.06850474	-2.974166	1.4319481	2.8563917	-2.124177	-3.626429	-2.2838514
-0.68068016	-3.5161242	2.1011539	2.093404	-3.6117775	-3.268035	-3.3132796	0.81347704	1.6667725	0.8856636	-3.2731495	1.7542636	0.6261302	0.43177125	-3.6043322	2.554096	2.0304801	-2.2270472	-1.5476748	-0.70726895
0.3035593	-1.8504878	1.8337163	2.227512	-2.7267437	-2.4710176	-2.0526452	0.29780093	0.2401963	-0.8305493	-1.58077	1.8794215	-0.8552554	0.0022366957	-1.72473	1.0873555	2.382471	-1.3181393	-2.1952426	-0.79805666
1.958346	-2.4431937	-0.02234428	2.7919037	-2.422816	-2.2040064	-1.7786622	1.7431127	1.331266	-2.145331	-2.246647	4.34253	-1.6086823	-0.22260095	-2.6346762	1.9841347	2.7385194	-2.659383	-3.414784	-2.1268437
1.8747913	-2.687318	2.731932	2.1951463	-4.2580934	-4.394088	-3.0605574	1.7695903	1.9606919	-1.6486827	-2.0637426	2.9463875	0.87346846	1.3177558	-4.1109705	1.3819435	3.6087496	-2.4111922	-1.5510056	-2.9198234
1.2650455	-1.4066926	0.44639853	1.8642193	-1.7470795	-1.7139148	-1.2842509	1.584585	1.0974566	-0.8466639	-0.8948787	2.250249	0.037169103	-0.15099917	-1.9183152	1.2341914	1.650765	-1.9312061	-2.4191494	-0.8932351
1.2580032	-2.2866945	1.020284	2.3310604	-0.80511236	-2.216123	0.3358889	1.2796936	0.45530748	-0.8251786	-0.48415565	2.1597934	-1.1637686	0.6525945	-1.5770923	1.0151038	2.4168015	-1.5615525	-0.22800179	-1.2250285
0.40784243	-2.0652387	0.45302004	1.7797731	-2.500603	-2.351228	-1.1268331	0.9337371	1.0919024	0.6461149	-1.107937	1.6448171	-0.38563606	0.27003998	-2.0302444	0.4116651	2.0491173	-1.3826282	-1.5824189	-1.5795895
0.23549193	-1.795468	1.678282	1.4433519	-1.2778007	-2.9018407	-0.0050987992	0.030763954	0.23629066	-1.0083765	-0.55879986	0.6452056	0.37561744	0.90118164	-1.9688776	0.49337575	2.2070043	-1.4371938	-0.3399285	-0.5535735
1.4712486	-1.9395909	1.9292387	2.2250705	-3.5909572	-3.2792873	-2.5739858	1.9658583	1.1053576	0.14984675	-1.0255599	2.3715181	-0.029243682	0.7822364	-3.4011858	0.99862134	3.8763227	-2.092499	-1.4910182	-2.004348
0.24325539	-2.2916195	0.40658733	0.5183227	-2.586002	-1.4865977	-1.8182946	1.4542729	0.79669577	0.38504627	-1.771412	2.1740463	-0.0186514	-0.48578653	-2.2375598	1.4177092	2.0114222	-1.6583034	-1.5107167	-0.7696621
1.1025496	-2.0522978	1.7400999	2.6545517	-1.9333264	-2.7928371	-1.7814796	1.2839156	2.0562239	-1.5868636	-1.4104954	2.343648	-0.10431948	0.59342116	-1.6214309	1.0330842	3.1768074	-2.7840014	-1.5771563	-2.0608315
1.504722	-0.83915305	0.6340399	1.1601546	-1.6658248	-1.7423915	-1.6296357	0.7419545	1.0277982	-0.52837306	-1.4070337	1.995524	0.30493498	0.73896986	-1.4317099	0.19726059	2.2095792	-1.3188941	-1.1247844	-1.4101588
1.8560725	-2.1000247	1.2061443	2.1986113	-2.9731517	-3.423311	-2.011445	2.067033	0.96895814	-0.2985433	-2.1408978	3.0360255	-0.39965436	1.0944247	-2.9594474	0.754327	3.1649756	-1.6151724	-0.9172758	-2.8558795
1.0127237	-0.9978473	-0.12211795	1.2180005	-1.2501773	-0.8651956	-2.0022655	1.4543822	1.0914402	-1.2681359	-1.4100251	2.5387208	0.19949758	-0.8983207	-0.87027574	1.8609078	-0.3291639	-1.0619745	-1.4314319	-0.61768126
1.4650762	-2.04075	0.45789877	2.0297499	-2.232919	-1.4606965	-0.79010755	0.4087003	0.22563383	-0.30124077	-0.6054709	1.7651794	-0.02389004	0.9900983	-1.53674	-1.1374239	3.0181837	-0.9869666	0.26660767	-1.7292279
0.35399294	-1.5393659	0.55793285	2.399484	-1.4123962	-1.9808661	-1.1452043	0.48141083	0.3575203	-1.4462545	-1.0216175	2.3731494	-1.3198702	0.43680346	-1.1422751	1.2965018	1.2359042	-1.6671382	-0.634795	-1.6950358
2.8257904	-2.5175056	2.5046165	4.213033	-3.5993037	-3.8888156	-2.0420446	2.4559898	1.6960117	-1.2501453	-2.586625	3.5154524	-1.3536277	0.10106749	-3.288059	2.0973988	4.6705594	-3.120088	-2.6677904	-2.1692142
1.2329602	-1.3385086	1.9729335	0.30630836	-1.9167229	-1.7246121	-1.5462903	0.35503206	0.8204824	-0.8137563	-0.266135	1.55083	0.031866837	-0.2104996	-1.9243166	0.09456731	1.3099394	-0.419277	-1.8671582	-1.8927022
0.95485574	-3.3772054	2.972171	2.5012593	-4.289158	-4.7738347	-3.013676	1.879932	2.1616893	-1.1059185	-2.744394	2.8095472	0.72448057	1.2449943	-4.095578	1.9294691	3.3927314	-2.4394598	-2.3805027	-2.8601944
0.58272946	-1.565562	1.632793	2.5678487	-2.2846754	-1.6929905	-2.061389	2.5516536	0.18481587	-0.069303095	-2.3034685	2.9474282	-0.07822221	-0.30434328	-2.0424113	2.4508321	3.2130425	-2.9031012	-2.8412397	-1.315725
-0.6605589	-1.4177556	0.77238715	0.85814106	-1.0703447	-1.4380499	-1.5538954	0.15240909	-0.36608943	0.10079517	-1.961659	1.3776395	-0.9376733	-0.3390536	-2.6832063	1.871394	1.9602919	-1.7297626	-2.3653822	0.57425076
0.24608798	-0.9297876	0.43339336	2.4273417	-1.7430105	-1.7465061	-1.8734816	0.622181	0.64523757	-0.5565684	-1.0260137	1.1069592	0.23920797	0.3299885	-1.4906282	0.72198874	1.6060857	-1.6902345	-1.1864135	-0.9678757
2.3868635	-1.0401689	1.0891199	0.8633111	-0.8505268	-1.8715485	-0.49936464	0.0911106	0.5370462	-1.436452	-0.3865664	1.8087236	-0.5526537	-0.33754396	-1.1102312	0.4446307	0.17940606	-1.1194643	-1.5813807	-0.8682052
1.1563405	-1.9768003	1.8164641	2.4289765	-2.994149	-2.956911	-2.2546322	1.9184339	1.3688391	-0.5739187	-2.4366493	2.7663286	0.56316495	0.4905834	-2.1509914	0.7762531	4.0234094	-2.4112396	-1.3530242	-1.9970526
0.35273442	-2.7816074	0.62892216	2.741218	-2.3939307	-3.5522826	-1.9179685	0.8518312	1.938524	0.05783067	-1.1116719	1.1632066	-0.26532647	0.64978456	-1.931278	1.7819804	1.2865566	-2.3164403	-0.5345096	-1.4973298
0.67144823	-1.0403639	1.8738532	2.0842395	-1.3011826	-2.6269526	-0.35000744	0.5776236	-0.7703847	-0.9538764	-0.74534947	1.2388235	-0.92741734	0.31988835	-1.5249823	1.3790469	2.3175087	-1.8414186	-1.1118456	-0.9758672
-0.08665816	-1.584573	0.7922882	1.2826246	-1.4647433	-1.6678113	-1.7166368	1.036509	0.98287547	-0.010084841	-1.5039536	1.4253749	-0.31192082	-0.2807829	-0.94492865	1.7059431	0.5531695	-1.5698444	-1.7668915	-0.1366492
0.42759016	-1.72265	0.40692437	-0.22815639	-0.902444	-1.5905956	-1.3146769	0.18562832	1.1707218	-0.962587	-0.8438752	1.2955877	0.022598935	0.03295786	-1.547068	1.2015778	0.021749703	-1.6339494	-1.8169694	-0.37207648
0.33786505	-2.0918815	0.15970501	1.3773015	-0.89353997	-1.971924	-1.1876855	0.21961467	1.1905404	0.27026746	-0.3147558	0.98908955	-0.50595516	-0.113842465	-0.9536963	1.1902778	0.20692481	-1.5980943	-1.1027001	-0.63828915
1.3047911	-2.1386333	0.91229373	1.2816085	-2.9343576	-1.4175345	-2.10332	1.0552692	1.3052081	-1.0484345	-2.6605718	2.49279	0.40492097	0.33985266	-2.082303	0.4045515	2.1650255	-0.9783295	-0.97804826	-2.054718
1.7284669	-3.4480352	0.955477	3.6682196	-3.8753798	-3.6740255	-3.5092227	3.0149329	1.9707338	-0.1296211	-4.046643	5.5872087	-1.5688452	0.43510458	-4.1509814	2.5945208	4.66106	-4.8665867	-3.4464326	-2.537922
1.3131533	-1.2328116	0.7027479	1.5425197	-2.3255868	-1.1098641	-0.8497364	0.70196193	-0.22913621	-0.82619786	-1.594289	2.279377	-0.4682212	0.32623625	-1.1129755	-0.873456	3.3998704	-1.0968388	-0.84789866	-1.5088986
0.7546499	-2.544018	2.44745	1.5693328	-4.0106654	-3.0404437	-2.3749824	1.5227666	1.5346767	-1.2267947	-2.7834055	2.5976853	0.98501146	0.8487888	-3.713012	1.7039845	3.0836968	-1.8231267	-2.4065764	-2.4947443
0.3461379	-1.9942492	1.1536499	1.2186357	-1.8705393	-2.754394	-2.2028005	0.3227939	-0.07998007	-0.2242962	-1.1057248	2.5322251	0.18352997	-0.15598066	-2.2445314	1.7388009	1.2837775	-1.3304155	-1.3626384	-0.6431358
1.2386222	-2.4426818	0.65023386	0.88513905	-3.6031537	-2.1470063	-2.726295	0.7410988	1.5420083	0.07979835	-2.8593376	2.4425874	1.5886074	0.848353	-3.007389	-0.03446062	3.6132243	-1.390814	-1.6498605	-1.2898023
1.8641354	-2.9436064	2.886462	2.9760935	-5.1456604	-3.0456648	-2.3786721	2.2478049	1.9399425	-0.23535728	-3.4891052	2.4648817	0.4360919	1.2303115	-3.4040287	-0.042637702	4.6340284	-1.4632534	-1.5502943	-2.3330643
0.9292201	-1.3071392	1.2056017	0.023873746	-1.3682278	-1.0244526	-1.2705045	0.82191366	0.59505713	-0.69026405	-1.3607129	1.9180493	0.08205515	-0.07098818	-1.9203331	0.3429329	1.8925427	-0.64208597	-1.2291616	-0.9650026
1.2441983	-4.216582	3.3702364	2.260407	-4.995557	-5.6912694	-3.7624552	1.2682117	0.47177878	-1.6403332	-2.5229905	4.662209	1.3874699	0.8238618	-4.9830327	2.7810354	4.9244437	-3.822753	-2.9488194	-3.153361
-0.40250495	-2.115308	1.2176011	2.129308	-2.6997285	-2.9157298	-2.2248802	0.47204697	0.686817	-0.22409521	-0.72159964	1.3757402	0.11731426	0.3167733	-2.2645705	1.8082708	1.6086897	-2.1584203	-0.98345935	-1.1873944
2.1189063	-2.4679382	1.2948881	2.6748092	-2.4536333	-2.4333808	-1.6347129	1.9666109	0.9602125	-1.4704552	-2.2331958	3.5446463	-1.1175919	0.33146435	-2.7603874	1.1561552	3.9276044	-3.5551646	-1.6228981	-2.6341596
1.0783113	-2.4857368	1.2594374	1.4309012	-1.274932	-2.191914	-1.6351087	1.2552469	1.0738065	-0.83299875	-1.630422	1.1864958	0.7605366	0.67924434	-1.9393995	0.7494659	2.5712776	-1.0677775	-0.35733104	-1.4951211
0.54116017	-2.0176604	2.206278	2.509182	-3.113014	-3.2503707	-1.9103624	1.4926707	0.67023	0.2248627	-1.2878917	1.7271453	0.33051306	0.9145877	-2.5620358	1.2058828	2.5469375	-1.4250076	-0.54837674	-1.703535
2.3759813	-1.221745	0.41161665	0.71306145	-2.022225	-0.9423373	-0.31668884	1.3790053	0.3191445	-1.6861162	-1.437117	2.293649	-0.50644493	0.16354372	-2.3083668	-0.48377046	2.1554348	0.10022183	-0.8168564	-1.9598237
1.0360657	-0.7636946	0.6911421	0.6568001	-0.86875385	-1.4292821	-0.3689854	1.2985628	0.28263557	-0.38096878	-0.89104265	1.388378	-0.7784159	0.38604844	-1.9447839	0.39032105	2.450076	-1.1069762	-1.0749649	-0.88368607
0.8824351	-2.0462914	1.8066337	1.805511	-2.6728182	-1.9923464	-2.1784372	1.3023179	0.6508574	-0.8755678	-2.7872312	2.8444047	0.119103864	0.03144659	-2.010355	1.4994899	1.6228434	-1.7833873	-2.3996942	-1.1265403
0.3568656	-1.8439803	0.7834179	1.0189538	-1.2034538	-1.6449541	-1.57536	1.5700034	1.5475311	0.35115218	-2.0937476	1.7953076	-0.9462025	-0.057799865	-2.3338459	1.4477893	1.6523378	-2.1616356	-1.58588	-0.8208304
0.9492271	-0.6087407	0.34350735	0.7869504	-1.5635862	-1.4174837	-1.3410993	0.3857698	0.58040625	0.10018233	-1.36482	1.2923802	-0.40647882	-0.20416766	-1.8090572	0.9038414	1.4249703	-0.57724637	-1.8307718	-0.48262733
1.4074999	-1.4993436	0.58635026	0.5294251	-2.3006098	-1.3461876	-1.7251759	2.3479514	0.9948213	0.04109958	-2.4459584	2.3608484	0.21759324	0.13063584	-2.3426473	0.9248081	2.7194564	-1.9001621	-1.7512048	-1.3826488
0.9868041	-1.2546406	1.1549075	1.3930776	-1.6313151	-0.9745958	-1.6024036	0.5732891	0.34014538	-1.7667282	-1.6255033	2.0181572	0.25699618	0.65152085	-1.579433	0.20909676	1.4573267	-1.2372016	-1.4610972	-1.4201742
-0.5737454	-2.27512	-0.32158634	0.7389027	-1.6976898	-0.5313197	-2.04909	0.10491439	0.37614593	0.2924221	-2.4431665	2.1184921	0.06917394	-0.41464797	-1.1348561	1.4653031	0.26626915	-1.9239893	-1.8398963	-0.052663792
0.02563008	-1.7574073	-0.32259762	1.0710876	-0.34470612	-0.97070897	-1.5633267	0.36767396	1.2472477	0.34279317	-0.98490536	1.1996918	-0.8575821	-0.45005476	-1.2862018	1.0942342	0.3739195	-2.0091846	-1.5589067	-0.34011322
0.028869117	-1.4832176	0.7805465	1.784333	-2.2096422	-3.134997	-1.5979329	0.25263873	0.5674078	-0.3154481	-0.49976426	1.9014008	-0.94808847	0.048007187	-2.3022056	1.4509666	0.6547047	-1.5391548	-1.5474726	-1.1307513
0.6887716	-1.7823058	2.0146775	0.950536	-2.1140764	-1.5119436	-1.6409487	0.6532805	1.3543818	-0.748862	-1.5615104	1.2493762	0.15913634	0.30577406	-2.1595364	0.549626	2.5984666	-1.4737232	-1.112178	-1.1076871
1.7369707	-1.4476033	1.4567525	1.9495486	-2.4257665	-3.7204857	-1.8577605	0.17507327	-0.18397532	-2.4854167	0.07893286	3.4367895	-1.4781829	-0.61717033	-2.8212178	1.8062013	1.7421802	-1.618959	-3.2673378	-1.8426274
-0.016504662	-2.9084163	1.352261	1.3025912	-2.466102	-2.4306698	-2.6666956	0.7965311	1.690014	-1.401662	-2.018093	2.8997912	0.8259845	0.6276625	-3.3345575	2.0793595	2.0191917	-2.7470965	-1.9517486	-1.6377794
0.15528105	-1.5586331	0.1235839	2.3034887	-1.7398872	-1.2549994	-1.4997134	0.6962728	0.21450323	-0.56940687	-1.7450527	1.9851694	-1.072342	-0.29937863	-0.13881549	1.0415066	1.4857829	-2.388654	-1.1525553	-1.4785419
0.8193957	-1.35648	0.74037945	1.4389511	-3.3233237	-2.0263624	-2.9670644	0.7664908	0.7476706	-0.98373556	-0.5850647	2.8951101	0.19898212	-0.46251053	-1.5050058	1.009754	1.0901129	-1.2457361	-1.8945061	-1.3798031
1.1190885	-1.6071134	0.42427617	1.5743918	-1.4893279	-1.7600594	-1.1571312	0.6426767	-0.13495137	-1.0520409	-0.8113573	2.479877	-0.64741504	0.6719884	-1.1147802	0.4981563	2.0835533	-1.39161	-0.12237754	-1.1640532
1.3813583	-1.4865856	0.90890664	2.2582557	-1.5986419	-1.9835224	-1.1989146	1.448823	0.33901063	-0.714159	-1.335391	2.1780815	-0.16664706	1.1097159	-0.80243856	0.45305222	2.6310382	-1.8688409	-0.020054234	-1.7918187
2.356919	-3.1588616	1.6563176	4.7679224	-2.9257472	-3.830827	-2.0972228	1.085916	-0.5071002	-2.9897327	-1.9551692	6.4771743	-2.3040814	0.20414717	-2.563565	1.5047938	3.0471761	-3.655771	-2.0775971	-2.9365911
1.2924607	-1.6795952	1.6745125	1.6328859	-2.2740717	-3.1185005	-0.70955294	0.874927	0.12952057	-2.3327491	-0.973999	3.022502	-0.5160009	0.32343104	-2.8132486	1.5052135	2.558724	-2.2119555	-1.8591092	-2.1514592
1.7039226	-3.3129985	2.249946	2.7549114	-3.3283029	-3.2411056	-3.5464454	1.6985353	1.4672761	-0.52606153	-2.729219	3.558074	-0.81142557	-0.58639884	-3.8932471	2.4384348	2.7387738	-2.445012	-3.2124522	-1.2373264
