2.6682725	-0.9493482	1.2399163	2.3678582	-1.7904832	-1.1647499	-1.657586	1.6189641	-1.201734	-1.6920419	-3.2095294	3.7314396	-0.21138203	-0.15809157	-1.2230129	0.17141032	2.4965968	-1.1470329	-1.6635188	-1.5587438
1.9793895	-0.47493285	0.98699415	0.84940135	-1.1445521	-1.2893735	-1.6715355	0.1315599	-0.42424503	-2.0268	-1.8020607	3.0033665	0.04649083	-0.78810894	-1.5769272	2.2558875	0.7691866	-0.91935855	-2.7837384	-1.0537755
1.3444914	-1.4578906	0.2460657	1.5176053	-0.66151434	-0.67032087	-1.607817	1.1776453	0.6374141	0.0848734	-2.2097518	1.3637413	0.12518477	-0.32743868	-1.6624471	0.6692361	1.8680242	-1.3782656	-1.1685312	-0.6921738
1.789525	-2.042757	1.269059	2.5526822	-2.6164527	-3.5297754	-2.5117285	1.5488598	0.36144713	0.22346097	-1.6454031	2.5109932	-0.60172063	0.27919617	-3.6489143	0.9807697	3.7392356	-1.8112239	-0.7259963	-1.643967
1.9653624	-2.338329	2.1266854	1.7320559	-3.355634	-2.4962275	-3.9161282	1.6386096	1.5679822	-1.3497725	-2.685293	3.561911	0.10563064	-0.59184355	-3.6845944	1.9521049	3.0574076	-1.462051	-3.3795137	-1.4321122
1.1364052	-1.0444013	0.76353765	0.84189576	-1.0650665	-2.170156	-1.2981578	0.09163553	-0.2809412	-1.9664104	-0.66443413	3.1571496	-0.20516373	-0.6902887	-1.7227287	1.8424578	0.8142613	-1.1950784	-1.4511193	-1.444359
0.32023022	-2.581684	1.5470872	1.3331006	-3.075871	-2.0819378	-2.996412	0.40015113	1.295201	-0.2620105	-2.9382012	1.5219864	0.80676425	-0.46804348	-1.9568341	2.0609396	0.7650792	-1.2777797	-1.7830533	-0.8434469
2.693485	-1.6776013	0.615245	0.81592786	0.25671908	-0.9413176	-0.6679428	2.14007	0.47177565	-0.6635209	-1.7324826	2.9996116	-0.93313146	-0.5052372	-2.1298811	0.26684943	1.0520281	-1.4899759	-0.44393578	-0.8948364
2.0720422	-1.9833642	0.7917808	1.6160507	-1.6021612	-1.3440849	-1.5650446	1.1146786	-0.64095545	-0.9368177	-1.6880752	2.9322693	-0.6987167	-0.7308225	-1.7999127	1.2657661	1.9314442	-1.4905541	-2.4762118	-1.0145705
3.6377528	-1.2644033	2.1880379	1.6247599	-0.98627293	-3.50704	-2.340951	0.69044	-0.94440156	-3.8558888	-2.4064178	5.4785557	-0.46297187	-1.0097969	-1.6858227	2.7747815	2.0013862	-1.4687493	-3.7845001	-1.8825084
1.3136522	-1.5698417	0.6138562	-0.5328196	-1.9865999	-0.69906586	-1.9387759	0.35732618	0.416275	-0.91655153	-2.062188	1.9003915	1.168355	0.16879672	-1.857122	0.0015812434	0.8064106	-0.8224956	-1.7877533	-1.516653
0.8354761	-1.8339405	1.2899989	2.0010595	-2.8971772	-2.8575523	-2.8232086	0.79932296	0.021850746	-1.983378	-1.8766232	4.35529	0.004907417	-0.72874296	-2.607342	2.8467965	2.3406537	-2.196818	-2.5174978	-1.9493774
1.4984167	-0.45133057	-0.76401156	-0.4347002	-0.78291273	-0.92999095	-0.642923	-0.33124432	-0.39233607	-1.5772133	-0.72587055	2.1846373	0.11803052	-0.02300557	-1.7194903	-0.15997237	0.45950654	-0.8880143	-0.76960796	-0.89517903
1.4396346	-3.3800476	2.8582954	2.1988611	-4.946211	-2.964535	-2.1708312	2.7765944	0.4019452	-0.32990915	-3.1654403	3.0705543	0.7151001	-0.061439287	-2.932873	1.7546787	3.7281914	-1.7633815	-2.40619	-2.061827
1.0104791	-1.2576238	1.7872415	1.2208331	-2.3113632	-1.1755438	-1.0726088	1.4155017	0.61092174	-0.7726468	-0.8323106	1.0729808	1.0603322	0.50174296	-1.5802546	0.16281676	1.3080832	-0.0945568	-0.9833176	-1.7861588
1.2875519	-0.56977105	0.7246143	-0.06740555	-1.7068201	-1.6972494	-1.4559577	-0.49483693	-0.48053476	-1.2725602	-1.3677839	2.3879213	0.6031063	0.1881957	-1.5776341	-0.5481507	1.0381781	-1.1958627	0.26838034	-1.1166466
2.4091387	-1.1667508	0.54574615	2.9516573	-3.1008716	-2.1214323	-2.545421	2.194657	-0.7137856	-2.1204534	-2.5693567	5.081555	1.4039432	-0.31865913	-2.2554777	2.0299003	2.072405	-1.258957	-2.734761	-2.5864315
2.304685	-0.9966882	1.3916223	2.8231452	-3.7104137	-3.7288015	-2.81862	1.4919363	-0.21105753	-1.7479272	-2.1426048	4.2092586	0.24462481	-0.23499157	-2.8851032	1.7721888	2.6063342	-1.2001871	-3.513597	-2.8527458
0.45650235	-1.7878693	1.5342777	2.3637977	-3.126567	-1.9133126	-1.8105221	1.2839603	0.70688283	0.97811764	-2.3219814	0.9169575	0.2968044	0.5146402	-1.8699906	0.8423374	2.587687	-1.1774063	-1.4645268	-1.0106235
3.5736146	-2.2386937	3.5809965	4.004556	-4.3538747	-4.9925046	-2.8677256	1.9562951	-1.5790653	-2.9340038	-3.1345203	6.201287	-0.49387836	-0.50761247	-4.344486	3.5651639	5.3538613	-2.2644083	-4.1195564	-3.3440964
0.46115115	-1.1312437	1.2357506	0.6856182	-2.2861655	-1.6364422	-2.1672297	0.90185803	0.76244855	0.16166809	-1.794641	1.4502354	0.060176577	-0.05326861	-2.190182	1.6163201	1.8211081	-1.1906456	-0.88238794	-0.7694134
3.1859221	-2.13204	1.840637	2.3593993	-3.8519142	-2.676626	-2.7319632	1.9888502	0.0915816	-1.973116	-2.3599033	4.343085	0.24296448	-0.4188726	-3.1368806	1.3452175	3.2560625	-1.4848381	-3.3971813	-2.4777744
1.8434681	-2.0161052	1.075686	-0.098490715	-1.4266737	-0.58062696	-1.2848098	1.1264442	0.6874123	-0.45656094	-1.5403388	1.7479421	0.25359032	0.20339987	-1.7575271	-0.17530504	2.243893	-0.94604707	-0.32404968	-1.1642892
0.52046824	-1.3580348	1.2701645	0.99240965	-0.891964	-1.4525667	-0.6936453	0.9986124	0.47620696	0.22056472	-0.84791505	1.0399957	-0.48486277	-0.6782964	-1.1607994	1.2408347	1.6082464	-0.86353374	-1.3144891	-0.1628701
3.00676	-3.7814474	3.737183	3.5394454	-6.02912	-6.0079494	-4.5368285	2.5922062	0.2475817	-1.104393	-4.709515	5.0481396	0.43829146	-0.16108437	-6.3814116	2.8890176	6.6849113	-2.4179564	-4.3746843	-2.8810818
1.889436	-2.8679411	3.303877	3.4860797	-3.7465284	-3.5790014	-2.6630557	3.2510076	1.013856	-0.21465565	-3.0052505	2.34376	0.8236733	0.30653158	-2.8227634	1.1459147	3.8970768	-1.9089373	-3.0080593	-2.3259904
2.2870214	-2.1865513	1.434195	2.181143	-3.2300558	-1.703874	-1.98004	0.80612355	0.6347067	-2.4376945	-1.9586531	4.1294627	0.28985536	-0.4746158	-2.4141831	0.77033097	1.4983983	-0.51998377	-2.2204723	-2.467089
2.3380404	-1.7872337	0.48973137	1.4010688	-1.6008495	-1.9164274	-2.0297961	1.8500794	1.3501753	-1.3337306	-1.7387309	3.364825	0.2942416	-0.6326839	-2.5867138	1.5949411	1.4329481	-1.5483447	-1.9464897	-1.391469
2.7291145	-2.6510627	1.6849042	2.7525413	-3.3168445	-4.162036	-3.4069679	1.3429049	1.6613066	-1.4757255	-3.6462111	3.397505	0.38778913	0.8565187	-4.5006113	1.8703125	3.1859307	-2.2586393	-2.0611322	-2.4187486
2.18165	-2.5012407	1.8217678	2.9922361	-2.4835887	-3.8609037	-2.1473827	1.9466329	-1.7844628	-0.7202438	-4.055008	3.6211696	-0.6338751	-0.3537806	-4.4984465	3.1235433	3.9232843	-2.6093063	-3.8514717	-1.5905542
1.97552	-1.6562533	1.0233945	1.2462616	-2.5068572	-1.9955529	-1.321623	0.77139163	0.91335493	-1.187748	-0.69736975	2.3094237	-0.14950497	0.14105283	-2.514493	1.2848262	2.1541822	-1.2084817	-2.3637722	-2.2462683
3.6359267	-1.8496468	0.5095242	5.6024857	-1.5975941	-4.5863295	-2.683652	0.9218847	-2.7328596	-3.5788841	-3.4335248	7.1768403	0.91588277	-0.79593664	-2.6001914	2.7236207	1.6245635	-1.0900929	-2.8422213	-2.7533846
1.9812769	-2.156911	2.1764553	0.73852843	-2.4139223	-2.6353304	-2.0583556	0.8768838	-0.29839498	-1.2090313	-1.7058882	3.0598774	-0.11652671	-0.2597678	-2.480399	0.83368415	2.2764266	-1.7438252	-1.1929095	-1.49897
2.9049628	-2.4249117	2.8899102	3.4352102	-2.9569666	-5.5518217	-3.1122017	0.9955711	-0.64499557	-2.8235795	-2.0783498	5.4479628	-0.2007038	0.3867685	-4.825928	3.38361	4.653438	-3.2077627	-1.8431923	-3.0754814
1.8475474	-1.7769426	2.1218352	1.7375503	-3.8290377	-2.7932274	-2.6207151	0.84259796	0.49286819	-1.2009183	-1.6128689	2.4372888	0.26398078	0.030261658	-2.9551117	1.5166568	2.4254134	-1.1324099	-2.2104692	-2.1470985
-0.19811526	-0.8610801	1.0421726	1.6615044	-1.1705749	-1.589112	-1.2113407	0.23739576	-0.20184976	-0.44127148	0.13283244	1.2954456	0.30149725	0.2051011	-1.09822	0.32826388	2.009638	-0.70036036	-0.3530093	-1.2104594
1.3632946	-2.4480715	1.2987806	2.419462	-2.0279858	-2.1024356	-1.9534367	1.0858613	0.5684267	0.16778533	-2.111143	2.1052969	-0.42776415	-0.2482917	-2.8524783	1.5171448	2.6556149	-0.8078927	-2.0243616	-1.1223495
2.2246187	-2.4979076	0.7711175	2.941529	-3.6922815	-4.486191	-2.187815	1.3402146	1.445289	-0.1455283	-1.9496341	3.5699039	0.087824605	0.6721374	-4.924512	1.6762357	2.6669166	-1.7064797	-2.0240073	-2.5034835
0.7436388	-1.2773486	1.5683781	1.370795	-2.097097	-2.8337176	-2.500389	0.5162475	-0.034272462	-0.3923701	-1.5828174	1.9614606	-0.15994376	-1.0115161	-1.8108387	2.7065146	2.009717	-1.3975309	-2.4224384	-0.063813776
3.0925376	-3.2592833	4.647873	3.7642877	-5.4149227	-4.6591153	-2.4601963	1.2819126	0.39955372	-2.0470266	-3.2718852	3.7343524	0.16135064	0.8003031	-3.363594	-0.36192587	4.866789	-1.481287	-2.3957546	-3.6928654
1.4187467	-1.6749214	0.6438558	0.7914059	-1.8420314	-1.0683163	-0.8983475	0.74142814	0.61681443	-0.47507453	-1.7623485	1.7956436	-0.5844341	-0.43397075	-1.9639679	0.60558367	2.662701	-1.3537351	-1.7158122	-0.5559423
1.4483486	-1.7331126	1.200239	1.5849725	-2.642681	-1.9337354	-2.0243874	1.5765634	-0.22948426	-0.5839823	-2.7777188	2.4257643	0.22293076	-0.27945963	-2.117157	1.4425591	2.1953921	-1.3568242	-1.8979506	-1.4176799
2.0123327	-3.7056808	2.0474293	1.4037755	-5.6945386	-4.224255	-4.382463	2.039756	1.7752808	-0.33594337	-4.336322	4.3417416	0.96332824	0.68037814	-5.6011734	1.7678343	5.4352465	-2.3624425	-2.6951923	-2.3516936
2.9359565	-3.4321563	2.7701457	3.4721117	-3.6771498	-2.782322	-2.8744195	1.7758355	-1.3190622	-1.3010741	-4.3941545	5.050862	-1.1296778	-0.3705141	-3.6231663	2.0049155	4.5011287	-2.7733462	-3.9342556	-2.3850331
2.2657905	-1.9072529	0.99225134	2.0692062	-1.3501261	-2.0921807	-0.8229415	1.7072489	-0.24658619	-1.5476502	-1.8342239	2.88454	-0.20067608	0.005276625	-2.0135143	0.18518986	2.6816041	-1.4013277	-1.5270176	-2.3847828
1.895053	-1.9976602	1.3352042	2.0087466	-4.0221963	-2.2248507	-3.14057	1.6550176	0.4474659	-0.8411253	-3.2110937	3.4425428	0.25842395	-0.51681525	-3.2785716	2.0805912	2.8747108	-2.0390348	-2.9812012	-1.85076
1.5270417	-3.0174394	4.3590784	3.350319	-5.2606153	-4.4745164	-3.4869683	2.0647423	1.4846156	-1.5511049	-2.761715	3.766265	0.21417992	0.20486185	-4.3114657	2.9144855	4.346999	-2.5746691	-3.928184	-3.149161
0.024336848	-3.1334383	2.2303169	2.3754942	-2.9914405	-2.8093882	-1.5672551	1.780602	1.4287404	0.88577294	-2.1396527	0.36288393	0.6748707	0.15872034	-1.929218	1.5089004	1.8393391	-0.80119276	-1.22958	-1.4545935
1.1067096	-0.8388722	1.3992903	2.076719	-2.0377693	-3.110673	-1.8685614	1.5019413	-0.3094262	0.22640008	-1.891945	1.7268271	-0.15157673	0.31745997	-2.7746284	1.5431706	1.9350276	-0.86106956	-1.3606023	-1.2763032
2.0951984	-1.5580391	0.8735131	1.0660545	-1.4098817	-1.5993599	-1.565098	-0.37189263	0.027556298	-1.438654	-1.0609177	2.822621	-0.4239544	0.8127719	-2.2522032	-0.82417804	2.169683	-2.0689173	-1.4924519	-2.528538
3.819298	-2.588092	3.6377425	3.315083	-4.489101	-4.9684734	-1.9395041	1.7096248	0.08852399	-2.1629424	-1.5578722	3.7729988	0.91165024	1.3786365	-3.6174495	1.0802226	3.997284	-2.3260386	-1.941509	-3.430098
1.2561604	-0.6509018	0.1447757	0.43608677	-1.7725984	-1.2450694	-1.9665123	0.7602339	0.39891818	-0.982051	-1.2626289	1.9443629	0.6231278	-0.3262286	-0.503717	1.5861334	0.60686487	-0.94592345	-1.2593455	-1.1605151
0.05204016	-1.4761094	0.19763565	0.9571974	-0.94210285	-0.7183609	-1.1092391	0.5428249	-0.7398105	-0.24059841	-1.7045721	1.864332	0.08377014	-0.6119887	-0.853698	1.488857	0.45915383	-1.02726	-1.3549675	-0.41877493
1.477041	-1.7958028	2.4219718	2.2342951	-1.5489134	-2.1277297	-0.672793	0.9707973	0.8405351	-0.57972246	-0.3139886	2.1916742	-0.52721405	-0.05188684	-0.9990507	0.7166166	2.1503558	-0.3002614	-0.9202345	-1.7539546
1.0329056	-1.9321294	0.62051195	0.33780146	-1.0769593	-0.6946838	-0.18537332	0.692845	1.0795178	-0.19024402	-1.4440587	1.311237	-0.77104104	0.23948073	-1.6799923	-0.0389054	2.163517	-1.0272466	-0.55301315	-0.92350143
2.2162154	-2.2187006	1.332019	1.260065	-3.0050673	-3.5450382	-1.1637957	1.0154684	-0.5587922	-0.32031974	-1.5238953	1.8450915	0.2959694	0.6247864	-3.6734447	0.46949133	4.4968615	-0.9227255	-1.5040022	-1.6336021
2.0450056	-2.961656	1.0904288	3.0555482	-3.751976	-3.5657818	-2.484224	1.7158693	0.14882848	-0.66400015	-3.3876474	5.395587	-0.29440412	0.28712928	-3.0777724	1.726991	2.7485008	-2.7103171	-2.4609585	-3.364759
1.2236472	-2.1179261	2.6876235	0.8093321	-2.5690217	-3.511727	-2.361162	0.69613135	0.59863985	-1.5361227	-1.1646315	2.8858564	-0.18654047	-0.55083615	-2.9838457	2.0415163	2.816943	-0.6942016	-2.184893	-1.7115269
1.9873438	-3.3244696	3.9109182	2.7405844	-5.0778584	-5.7363644	-3.3323762	1.0806546	0.9549929	-1.5766406	-1.9514303	3.2979934	-0.051542055	0.42929423	-4.194186	2.655306	3.8846688	-2.4900846	-2.5333228	-3.1018786
2.6207728	-1.6003063	2.5570338	2.7606666	-3.3025205	-3.3718648	-1.5561054	1.7136762	-0.8532839	-1.9826208	-1.6939235	4.082806	-0.5994704	0.23802541	-3.0587702	1.3811662	2.2847931	-1.2535027	-2.2551715	-2.624593
1.3041096	-1.6673168	0.7930326	2.4126685	-3.628659	-1.7683458	-2.7597	1.2780067	1.0028856	-0.2417036	-2.8004577	2.9569776	1.0591049	0.41918823	-2.243937	0.35007805	2.3867574	-0.7098882	-1.5499914	-2.211287
1.9125584	-1.2833921	0.79571205	1.4114391	-0.9022908	-1.4257799	-0.5458128	1.1469942	0.11383732	-1.201503	-1.9402299	2.0441215	-0.004628474	0.58725286	-1.2086611	0.29152313	1.3119451	-1.3046962	-1.0646676	-1.7016797
2.1869953	-1.5438031	2.6568182	2.9202213	-1.437367	-2.3696647	-1.9561445	1.0882202	-1.9124618	-2.9449508	-2.775473	3.2770727	0.19840348	-0.6880246	-1.4320208	2.5713618	2.0675304	-1.4634322	-2.7703984	-1.5270158
0.90570426	-0.6816169	-0.1387547	1.1312377	-1.4081476	-1.0821106	-1.5004089	-0.082967065	0.8910232	-0.64251435	-0.3202371	2.314056	-0.003891457	0.29291722	-1.2241993	-0.14599514	1.1720294	-1.0374771	-0.3972399	-1.4627392
1.8435961	-0.66916746	0.52518594	1.183748	-2.058107	-0.5261441	-1.8552413	1.0171086	0.19898914	-1.1711212	-1.7821056	2.5646293	-0.21329889	-0.5510739	-1.664989	1.2459692	1.0311706	-1.2908028	-2.3546188	-1.2442613
1.8536373	-1.191746	2.5347784	1.8700938	-2.869798	-3.2272828	-1.7921021	0.95831126	-0.052133784	-2.2909617	-0.30333388	1.9235231	0.2552741	0.196015	-2.4721282	1.8020278	2.7885897	-1.4250375	-1.6116298	-2.441206
2.2857769	-1.9986088	1.9204533	3.254453	-2.1918283	-2.7573721	-1.8917887	2.4671302	-0.95601225	-1.5305781	-3.4992144	3.193026	0.5917288	-0.3063723	-2.3605156	2.0152287	3.2127113	-2.124139	-3.220344	-2.0568836
2.0071223	-2.692686	0.8367793	2.0666454	-1.5650419	-1.8908848	-0.9519211	0.2930286	0.69137543	-2.0446596	-3.024332	3.1240149	-0.18380421	0.10954368	-2.0215454	-0.14061737	2.664761	-1.702942	-1.149544	-2.0148885
2.5962439	-1.2159562	2.6687987	3.658155	-2.6031487	-3.4919183	-2.644394	2.5499573	-0.2556485	-2.2857335	-3.3713987	4.991246	-0.12862429	0.107482694	-3.3127625	2.6351545	2.5354185	-2.8831613	-3.2076979	-3.0523846
0.5296235	-2.108478	0.9033845	2.8339343	-2.8237545	-2.612306	-1.7739259	0.6703398	0.9051661	-0.55074644	-1.420701	2.5727487	-0.08926099	0.7314047	-2.3676221	0.42972472	2.606279	-2.1238604	-1.897359	-2.0916893
2.2241263	-0.984955	0.48889104	1.7004141	-1.1582774	-1.2010989	-1.0102891	0.17139238	-0.25029993	-0.93672067	-1.29145	2.6209786	-0.4198054	-0.26398513	-1.1501474	1.1856325	0.25866485	-0.994575	-1.9792949	-1.4636161
2.9147553	-3.258188	2.4466054	2.9344044	-5.2292614	-4.4362383	-3.7852314	2.5002668	0.5228609	-1.2598853	-4.131984	4.304366	1.7149295	0.7572766	-4.355712	2.1744962	4.1957903	-2.1920042	-3.7066426	-4.0534444
0.92953765	-2.390336	2.200635	2.9931295	-2.9332693	-3.4374027	-2.453668	0.57694733	0.20854175	-2.0034099	-3.3830209	4.386357	-0.514067	0.1891799	-2.5437715	1.1417352	2.3668814	-1.868976	-2.5154264	-2.8468125
1.0525261	-0.90623075	0.45901018	2.3648047	-2.0893266	-2.7750535	-1.7380502	0.7254198	-1.2169021	-1.0920831	-1.418457	2.4558728	0.75758415	-0.2926991	-0.4297715	1.5470486	1.2444373	-1.1812718	-1.5022004	-1.6440302
3.1409433	-2.401541	1.7512288	2.8181593	-3.7852192	-3.0363617	-1.8694425	1.6813841	0.9111194	-1.1288645	-2.4783707	4.2048435	-0.7832964	0.5034878	-3.8243296	0.08345063	3.2821593	-1.4533205	-1.7751278	-2.9146063
2.295639	-2.900745	2.3863785	1.4907742	-3.7648036	-3.373678	-3.0276227	1.6065534	1.4399595	-0.45744616	-3.1121736	1.9800379	1.032754	-0.05726428	-3.4071832	1.3323036	2.806724	-1.0048198	-2.6238346	-2.333066
0.7644305	-2.9736242	1.8615788	3.8855085	-3.8806138	-4.0105166	-2.599159	1.7124822	0.19687045	0.07999773	-1.843233	2.3104036	1.5517279	0.3624447	-2.6839137	1.3010017	3.0727549	-1.1709367	-0.52111137	-1.9508712
2.1445754	-1.2664719	-0.0673798	1.2376211	-2.0929387	-0.24821137	-1.1328995	0.13347381	-1.4816054	-0.94600624	-2.321316	2.2805874	-0.25936213	-0.013437186	-1.5258281	0.5163091	1.4259651	-0.85968447	-1.726658	-0.90916854
1.1183754	-2.3546634	1.8340238	1.6487669	-2.0582154	-1.4289064	-1.938781	1.6506637	1.063995	0.27563214	-3.1322017	2.1374583	0.5815734	-0.21016261	-1.4900513	1.7673323	2.271284	-1.0978776	-2.1234548	-1.5094937
2.718454	-2.081219	1.5518343	3.1471887	-3.7147956	-2.7623258	-3.3927062	1.2299534	-0.85230947	-2.7636762	-3.5382285	6.2028136	-0.227943	-1.0894555	-3.7310102	2.4243655	2.3178616	-1.95962	-3.8088386	-3.3464882
-0.21174197	-2.170978	0.44807428	2.2345874	-1.7437731	-1.5247283	-1.987115	0.5018081	0.59818274	0.517187	-1.4359871	1.8395317	0.044409133	0.41338095	-1.1967967	0.10420235	1.4248466	-1.8298435	0.47332412	-0.91227806
0.6139704	-1.1376239	-0.3215	0.33144173	-0.6603451	-0.5074242	-0.47358084	0.41996175	1.6274737	-0.5464663	-0.8924525	0.6673714	-0.39872155	0.08995636	-1.3168379	0.2502196	0.9142167	-1.0939602	-0.44913352	-0.7632874
1.3658729	-1.3027385	0.03412856	-0.1717879	-1.0992466	-1.453019	-1.4578668	0.7315604	-0.23431458	-0.21493088	-2.0624063	2.0511122	0.50811094	-0.10877297	-2.104686	0.63582283	1.6571417	-0.34870633	-0.8143122	-0.5333409
0.8434712	-0.851893	1.4520984	1.1349145	-0.7989695	-1.3857616	-1.1807804	0.98375607	-0.1900682	-0.4550734	-0.3264172	1.6107922	0.2736972	-0.6783261	-1.5129143	1.0452863	0.5688546	-0.5065738	-1.4994128	-0.7133002
-0.18562043	-1.4833086	1.7956494	0.9817199	-0.9142928	-0.7035379	-0.73215735	0.033530977	-0.396581	-0.5700213	-1.4866024	1.3127183	-0.23992456	-0.3401102	-1.0691159	0.45097858	1.037479	-0.6108451	-1.6584617	-0.7908881
0.47186366	-0.3676515	-0.10265602	0.03563578	-0.82110095	-0.59382194	-0.64274687	1.133663	0.36156797	-0.361221	-0.9302051	0.7285165	0.7087797	-0.7461961	-0.23036805	0.24774319	0.36851436	0.121886045	-0.9880797	0.07873118
-0.33522958	-1.4605652	0.9434704	1.1069319	-1.1315889	-2.5325606	-1.1255114	0.4010299	0.69118124	1.1098814	-2.1709971	0.37223926	-0.44598508	0.13873333	-2.1389718	1.0424255	1.2402872	-0.8565911	-1.0777297	-0.5478765
2.4877594	-1.5551794	2.0118139	3.4059682	-2.5713754	-2.5475128	-2.2379913	1.2682779	0.06682819	-2.5880575	-2.6690438	3.9527373	-0.76003754	-0.29264396	-2.6208756	1.8493365	2.877683	-2.228679	-3.178128	-2.182493
1.8083264	-2.9103022	1.8848084	2.6125207	-3.4649978	-3.535163	-2.5282333	1.3334652	0.9487287	-1.503923	-1.2045618	3.3524785	-0.009880177	-0.3658007	-2.819022	2.005583	3.4598522	-1.5749855	-2.6601377	-2.4295363
1.363605	-1.1814914	0.22640161	0.39315313	-2.256556	-1.246603	-1.5519898	0.6223231	1.1610224	-0.7068098	-1.6778945	1.6707042	1.1046689	0.50806254	-1.8696578	-0.73607033	2.3646994	-1.1304283	-0.8835686	-1.9794847
0.64759797	-2.308035	1.0089672	2.3708162	-2.3234363	-2.0118523	-0.6389343	1.045764	-0.7363464	0.3489321	-1.9140234	1.1958257	0.102257006	-0.16954988	-1.3156859	1.5837691	1.714705	-0.7405549	-1.0147399	-0.8882464
0.6388978	-1.240646	0.34551036	0.87019074	-1.7957013	-1.4592543	-0.7443203	0.8205942	-0.115486726	-0.6971284	-1.0034827	1.181853	-0.60887575	-0.48435643	-1.518128	0.86335063	1.1132808	-0.98213136	-1.5852864	-0.67929757
1.4019557	-0.98157346	1.3049648	1.5573261	-1.7255148	-0.47273323	-2.2926428	0.6727113	-0.6479209	-1.3979287	-2.748849	2.8186784	-0.097893424	-0.21183495	-1.593562	0.45768756	1.0313735	-0.93006855	-2.0236564	-1.9494114
1.7430525	-1.9674486	2.0155141	1.6332496	-2.8204966	-2.273428	-2.7162566	1.9689778	0.71579874	-2.0248973	-2.4346416	3.1594362	0.7367622	-0.56725657	-2.6031349	1.7312368	2.7859552	-1.6014643	-2.8614993	-2.0537539
1.8391057	-1.449388	1.4904151	1.6238377	-1.3835201	-2.1720994	-1.4085467	1.493586	-1.121492	-0.6225606	-1.6377113	2.0928783	-0.30851817	-0.18049012	-3.0758166	1.9686188	3.1513457	-1.7681414	-2.1774485	-1.1579154
1.7342725	-1.7790682	0.8338327	1.677859	-1.6691667	-1.4701439	-0.64585024	1.2460392	-0.41878876	-0.6580662	-1.6096141	2.438028	-0.6401062	0.05576868	-1.8726729	0.38532117	2.298381	-0.764884	-0.3560206	-1.3912385
1.8971438	-0.30002072	0.6977805	1.1778966	-0.88687414	-1.0579895	-0.5504312	-0.47604543	-1.13574	-1.720153	0.33496633	1.769623	-0.3060294	-0.022746306	-1.2541738	-0.03933094	1.3364812	-0.7026233	-0.26108214	-1.1810606
1.0305221	-0.57072467	2.2624276	2.0718284	-2.2524588	-2.497938	-1.1126144	0.32834128	0.51042205	-0.6589836	-0.1379385	1.3442662	-0.5026029	0.31776193	-1.6851751	1.2457949	1.5236378	-0.7855293	-0.5033239	-1.2972419
0.854475	-2.335934	-0.052982677	-0.8406819	-1.4364431	-0.16242342	-1.0093158	2.2110372	2.1059113	1.0854957	-2.3915482	0.839548	0.19074404	-0.13076912	-2.6365483	0.8968456	2.0736272	-0.79190344	-0.8178762	-0.47884345
0.5491015	-2.3649802	1.9948152	0.8496625	-2.3652732	-2.948837	-1.5355506	0.9949752	1.1396782	-0.6802159	-1.859209	1.5304497	0.5777029	0.8445472	-3.077824	1.3814999	2.2921543	-2.0249228	-1.7936008	-1.8300155
1.967058	-1.8466345	1.9332523	1.4535723	-1.1262801	-2.4422219	-0.59821594	1.2070793	0.26513708	-1.4293644	-0.82513446	2.1307113	0.0101659205	-0.024120182	-1.8389142	0.9057627	2.0483406	-0.716854	-1.1620793	-2.0941458
1.3658153	-1.7202878	1.457185	1.3523936	-1.92123	-1.3855108	-1.0489318	1.2340952	0.087498374	-0.2312273	-2.190017	1.844684	0.03173572	0.3128334	-1.4890267	1.2011199	2.1100643	-1.2126241	-1.0016177	-1.3566296
0.7898298	-1.9765761	2.2160354	1.5369104	-3.2358308	-3.5488758	-2.061458	0.97693783	0.6036432	0.23040712	-2.1500657	1.7580587	0.8289228	0.6288566	-3.513107	0.6738889	2.6737769	-0.82718045	-1.5796529	-1.0182306
1.3893456	-1.0383276	0.612964	1.6761748	-1.9691156	-3.1410322	-1.8100574	1.6409984	0.22436313	-0.7282521	-1.41426	1.5249896	-0.30174902	-0.027722575	-2.8693333	2.3163111	3.2658749	-1.1327764	-2.4650197	-1.4907734
1.658868	-1.3827837	-0.0806694	0.12109509	-0.31424293	-0.17922994	-1.0503074	1.3571385	0.07381717	-0.3884716	-1.8973261	0.57571805	0.30594727	0.030172095	-2.110693	0.2914349	1.3167169	-0.96246105	-0.8848683	-0.84887433
1.2725465	-2.0561414	-0.21542168	2.4332108	-2.5960133	-1.9329461	-2.4105327	1.9915985	0.43012953	-0.98720324	-2.623068	3.0309498	0.045987055	-0.711629	-2.4918358	1.8900875	2.0975819	-2.1731508	-2.7700548	-1.5322689
0.29546413	-1.343037	0.26222503	1.5316936	-2.858586	-1.7787142	-2.3333147	0.46067944	-0.22897995	0.18805614	-2.249164	1.7522764	0.84784716	0.12019353	-1.2691938	1.1763703	1.4559689	-1.2238431	-1.3745666	-0.98786324
1.9815662	-3.0542316	1.6934357	1.3069208	-3.7316267	-2.038655	-2.0392528	1.397214	1.3497626	-0.943904	-3.0045683	3.5307434	0.40638167	0.6429247	-2.694864	-0.6858893	2.5925558	-1.2040095	-1.2639186	-2.737094
1.776077	-1.605334	1.6032219	1.9403763	-2.4962988	-2.2245996	-1.1542468	0.7966703	-0.23065087	-0.9112456	-1.3444337	1.9713076	0.11904399	0.2736568	-2.0065212	0.42714667	1.8186387	-0.7367253	-1.1303401	-1.6281562
2.3235095	-1.5188437	1.0449021	2.5939157	-3.290829	-2.7558994	-2.113293	1.2042918	-0.42264628	-1.2033149	-1.9589232	2.8969624	0.47599515	-0.06813311	-2.895307	1.942787	2.3155189	-1.2069242	-2.7212143	-2.0930984
2.929385	-2.2967424	3.068814	0.6482318	-2.3807461	-2.6330426	-1.1506827	0.46957693	-0.07558062	-3.6082776	-0.93557817	4.201924	-1.6435162	-0.43769076	-3.359161	2.2364995	3.2704177	-2.1040206	-3.1415908	-2.988068
0.43722266	-1.4581918	0.087336175	0.7507774	-2.2938015	-2.217839	-1.7011204	0.16909131	-0.7733378	-0.34149796	-1.3506304	0.9781723	-0.16158217	0.11595633	-1.4121182	2.0352192	0.723379	-1.6728765	-1.4529965	-1.3096944
2.2285924	-1.2553324	1.3810389	1.2861232	-2.457711	-2.0126033	-1.1968789	1.0994635	0.27703083	-0.54866695	-1.0997854	0.8276127	0.54997253	0.6579253	-2.4501736	-0.0092243645	2.92353	-0.072654836	-1.1350962	-1.4362069
1.2019657	-3.0324454	2.7085345	2.5242121	-4.114328	-3.7049859	-3.6727738	2.3824136	2.7145236	0.571941	-2.8939626	2.5264556	0.5884936	0.15886204	-3.8741267	2.2022645	4.0751266	-2.2839687	-1.8285342	-1.6503605
0.6568169	-1.8441486	1.4471501	2.0413578	-2.428173	-2.0737212	-1.3412873	0.9289711	-0.5390058	-0.13448228	-2.539533	2.2270372	-0.33930254	0.19700825	-1.7266332	1.316771	1.9466215	-1.5683734	-2.7108476	-1.4851133
1.8572135	-0.72612226	1.6397334	1.7397985	-0.5532913	-2.8187704	-1.0654721	1.3429762	-1.0459211	-2.43168	-0.69640845	2.8259094	-0.59906346	-0.17366332	-2.7206376	2.149114	1.9517	-1.4729257	-1.5847943	-2.0300095
0.32581234	-2.2958	0.61851674	1.6932849	-2.0690527	-1.8507789	-1.471515	0.7351391	0.33128902	0.8238065	-1.3997971	0.815308	0.29498944	0.19576478	-2.2310846	-0.10850273	1.9927335	-1.2196598	-1.1909313	-1.2433319
1.3460622	-2.12376	1.8838944	3.2119477	-2.9754417	-2.9350157	-2.670753	1.8797082	-0.08692211	-0.45323423	-2.9550843	3.0304224	0.20486447	-0.06743418	-2.7485614	2.127544	2.2656887	-1.5873383	-2.474208	-1.8897071
0.81923795	-0.544888	0.22002079	1.1091441	-1.2522324	-0.99491966	-0.59831405	0.65596926	-0.04881292	-0.8866867	-1.2759002	1.5817658	-0.4707279	0.1996422	-0.6589619	0.59195286	1.6204071	-1.0146374	-1.9520934	-1.2039397
1.926296	-1.6439278	1.5051304	1.0945393	-1.3561838	-2.3334787	-0.63538796	1.5600194	0.6851844	-0.77670246	-1.0188432	1.8300128	-0.012412037	0.9049031	-2.534185	0.785313	2.3622699	-1.6301957	-1.8843842	-2.0533612
2.0458138	-2.8265998	1.1067353	1.1921324	-3.2040894	-4.2091537	-3.2888947	1.295742	1.3277934	-0.43661144	-2.5411928	3.5129924	0.15913987	0.5363758	-4.231866	2.1140342	3.5076199	-3.1620405	-2.3901746	-1.9699446
1.858563	-1.3328013	1.6851956	2.89642	-2.0385685	-3.5539336	-1.8172454	0.45843253	-0.2803006	-1.7950454	-2.2669694	4.0590134	-0.066111125	0.209206	-2.485396	1.1333886	1.8846887	-2.1243057	-1.8848723	-2.067058
2.159006	-0.89625543	1.5410926	0.8655811	-2.0150816	-0.8036166	-1.5692403	-0.108650535	-0.32931226	-1.4339291	-2.3361897	2.5048664	-0.8824891	-0.4868775	-2.1835203	1.1216164	1.4580494	-1.0544041	-2.6658254	-1.3330021
2.2647085	-2.3501637	2.2022543	1.8686408	-3.9359052	-2.9679236	-2.8014863	1.357063	0.50801134	-1.1497748	-2.5277717	3.422161	-0.07165021	-0.15716338	-3.305178	1.0381644	2.8868358	-0.9228042	-2.2604332	-2.4035754
1.5691307	-2.0074449	0.75004506	0.36580014	-2.6382585	-0.9901177	-2.029758	0.8400659	0.9263386	-1.1606451	-2.4765172	2.0721164	1.3131329	0.1915353	-1.8677567	-0.51139414	1.863664	-0.70307267	-1.1994822	-1.7531275
0.62260056	-1.2057579	1.4499673	2.2973018	-2.8215408	-2.183655	-1.8112961	1.0178677	0.012171559	0.3517442	-1.4867454	1.0316604	-0.39843673	-0.1847976	-1.9473202	1.8692139	1.2769359	-0.64792097	-2.1445832	-0.82728803
1.7097741	-0.97723484	-0.21251059	0.5621416	-1.492675	-1.0345076	-1.2567675	0.8702347	0.26821184	-0.9057388	-1.8369279	1.9171354	0.10368351	0.2488246	-2.159959	-0.19858357	1.5996816	-0.9195949	-1.7351379	-1.2928135
2.6086562	-1.6738167	1.5832881	1.8178184	-1.5830816	-1.0880544	-1.1383218	1.7045053	0.007899084	-2.2289975	-2.060806	2.5148203	-0.032242063	-0.13649313	-1.4349295	-0.1587682	3.0182369	-1.3185934	-1.5280803	-1.849765
1.0342907	-0.43308598	-0.5277949	0.65316284	-0.98325163	0.2032367	-0.8676193	0.65559936	-1.8190807	-1.8740611	-2.009247	2.9708076	0.15533906	-0.70672363	-1.357218	0.0918924	0.64767593	-1.1052432	-2.4086933	-0.84867936
2.6786826	-1.9008433	1.557487	2.549928	-2.518157	-2.117051	-1.0857947	1.3977877	0.018033894	-2.4649599	-1.6066309	3.213403	-0.27173445	-0.011004079	-2.6108096	1.0262514	3.0553138	-1.8202697	-1.9484977	-2.2687767
1.8663597	-2.2907648	2.3805134	3.9338558	-2.8075657	-3.0624557	-1.6793678	1.809259	0.41217545	-0.8836063	-1.3738314	2.3059762	-0.9922376	0.10714752	-3.4214149	0.55632454	3.6160626	-2.1066685	-1.5288318	-1.7102798
1.6983924	-1.60746	1.0803065	1.321055	-1.4755546	-1.7502576	0.14971825	1.765778	-0.52718544	-1.079366	-0.9993399	2.1154726	-0.3689167	-0.12488479	-1.5627509	0.30788857	2.6483817	-0.50020957	-0.86998445	-1.2465229
0.7300539	-2.3964365	0.8716215	0.6107093	-1.9925231	-0.5075511	-2.6961608	0.79733205	0.99224305	-1.3099698	-2.4831648	2.533664	0.9790038	-0.54974157	-1.516882	1.3845314	1.3282685	-1.4255395	-1.6801956	-1.678371
-0.23105656	-2.4357476	2.7178433	1.1892669	-2.9041286	-2.510193	-1.478741	1.1150267	1.241546	0.4952193	-0.8191354	0.3481876	0.76076853	0.32057196	-1.2935112	0.23733297	2.181215	-0.3981947	-0.19600937	-1.2117649
1.565323	-0.39782748	0.030581275	1.3844831	-0.48499292	-0.5726205	-1.2670598	1.2523247	-0.90114635	-0.89920706	-2.2801762	2.447879	-0.081054404	-0.5523267	-1.3440163	1.3005623	0.7422558	-0.85438925	-2.20618	-1.1976396
1.1301932	-1.6902404	1.1504768	1.6345732	-1.286324	-1.8166376	-1.0868353	0.78012455	0.0641495	0.3149813	-1.3971187	1.6618509	-0.36709863	0.23379627	-1.9814278	1.7573156	1.0878278	-1.3031956	-1.3543739	-0.8994184
1.0904492	-1.639015	1.4076935	2.0089283	-1.5574931	-2.5070393	-1.9970151	0.041731723	0.79551494	-0.18751734	-0.21431887	0.8872581	0.55328983	0.8122929	-2.3238785	-0.0063775745	2.9146402	-1.210098	-0.8050647	-1.6230692
2.388454	-1.6269957	2.5263193	1.4014386	-3.22441	-2.8667068	-2.408214	0.322091	0.7881828	-1.3515826	-0.3822111	1.7636241	-0.03627354	0.0713692	-1.4657874	0.5585803	1.1664762	-1.3662058	-1.4562597	-1.9321901
2.2761726	-2.4797304	1.7187696	3.6133544	-2.8021576	-4.455221	-1.871403	2.334497	-1.1685072	-1.825281	-1.7858588	3.6362357	-0.05896867	-0.009947192	-3.3951464	1.2780813	4.475069	-2.2091506	-1.4979168	-2.69324
2.6631594	-2.7317502	3.1070764	3.2232995	-2.82079	-4.436733	-2.8481631	1.7227411	-0.87821263	-2.5155385	-4.938888	5.311227	-0.46792483	-0.24069864	-4.6143236	4.057734	3.899085	-3.2074628	-4.504567	-1.876718
0.95467395	-1.0187654	1.8296094	0.7633874	-0.62201524	-1.76028	-0.48192376	0.9539704	-1.3400313	-0.70786875	-2.450071	2.41668	-0.50143445	0.014348066	-2.2456195	1.7649305	2.250948	-0.89318234	-1.1734642	-0.102409944
2.5236878	-1.2979996	1.525137	2.6658173	-2.654705	-2.687306	-0.6817418	1.3091426	-0.7947484	-0.81034756	-1.5467193	2.1421168	0.90167534	0.9188676	-2.3015428	-0.32408705	2.7095604	-0.36282015	-1.3185804	-2.053775
1.471045	-0.8127255	1.1385212	1.4532503	-0.17096116	-1.3269022	-0.0040922975	1.1473057	0.12355221	-1.9514619	-0.86911756	1.478736	0.9543149	-0.058665503	-0.6399148	-0.06524578	1.3473876	-0.84434855	-1.195104	-1.5686197
1.9556426	-0.98716486	1.9656603	3.152233	-2.1298075	-2.3360827	-1.1982797	0.73558885	-0.37027624	-2.1569345	-0.6828939	3.4005015	-0.72736496	0.2897916	-2.670686	0.42428032	2.0681849	-1.2027124	-2.5801682	-3.1375577
0.29070118	-2.229008	1.2392539	1.1428516	-1.9512018	-1.8434393	-1.4587158	1.0533788	-0.047843352	0.43651536	-1.214005	1.0098709	0.45867854	-0.14339258	-1.7827502	0.81495166	1.364536	-0.484286	-0.7459993	-1.0190456
1.9683774	-3.2038214	2.8708153	1.7780403	-3.7553232	-3.7367194	-3.1673353	2.9863331	0.96907216	-0.78447276	-2.4271784	3.1425734	1.0291847	-0.32973367	-3.7773201	3.0292635	4.219501	-1.7611152	-2.8111413	-2.103545
0.7437265	-1.6974765	0.80416465	2.4295974	-1.3496993	-1.8640784	-0.86356974	1.0093982	-0.9205798	0.092883885	-1.6658196	1.4392225	-0.57750314	-0.19030051	-1.4436104	0.89262193	1.7341558	-0.70532256	-1.0213113	-1.1945366
1.7391948	-1.9619267	2.314592	2.005216	-3.0817504	-2.2637076	-2.199949	2.439746	-0.18019329	-0.3220584	-1.7668226	2.7665315	0.47084677	0.14639631	-2.6913567	1.5014225	3.3857803	-1.7006714	-1.791053	-2.1925185
1.2520312	-2.5509818	2.4092708	2.4667048	-3.0630932	-3.223246	-3.1374059	1.7429037	1.3142073	-0.81789565	-2.108997	3.1903725	1.002158	-0.035060342	-2.7983227	1.9940478	3.5978243	-1.7639683	-2.2199717	-2.2593458
1.3419434	-1.8180355	2.4536126	2.5314136	-3.1522417	-3.005761	-1.0657638	1.1790797	0.5865656	-0.045619525	-1.0917782	0.8214207	0.16588527	0.79292035	-2.3919494	0.1630852	2.811043	-0.5764573	-0.099010274	-1.7289085
2.8710265	-1.3610232	0.9768844	1.949107	-2.6397674	-2.7424264	-2.4830134	0.35620153	-0.6247932	-2.1435733	-0.6719188	2.6873438	0.8056035	0.31302842	-2.3915226	0.67193985	3.6683156	-1.295786	-1.4228531	-2.2566943
0.6810412	-1.9895658	2.4898717	1.6779671	-3.5914972	-4.1141396	-2.1116111	1.1000304	0.91053075	-0.4042321	-0.75747776	2.0545926	1.0621496	0.596095	-3.6449006	1.7163948	2.7076664	-1.5257457	-1.5896184	-1.9218882
3.4652336	-3.4331748	2.6800246	3.312423	-5.867044	-5.0508895	-3.7791889	2.7408943	1.6331055	-1.2739398	-2.9755964	4.415667	0.76144075	0.98171735	-5.578501	1.1680721	5.7440557	-2.08457	-2.4259453	-4.38086
1.3243932	-1.5312997	1.2158707	2.1863618	-1.2107214	-2.6122851	-1.5859203	1.1029221	-0.057754193	-0.43919748	-1.7100399	1.3116379	-0.5974421	0.38017094	-2.3260183	1.3222395	2.032331	-1.8150492	-1.4123561	-1.1394193
1.6975325	-2.1566865	1.1065773	1.9942579	-3.410827	-2.0478837	-2.0345175	1.4154252	0.06554798	-0.032408834	-1.4152981	2.1874373	0.8291661	1.2916056	-2.748925	-0.15883629	2.2076478	-1.3509394	-0.64047766	-2.7897768
1.4092919	-1.8661796	2.0728767	1.1895918	-2.840663	-3.3126936	-0.8196174	1.196914	0.47836298	-0.33570713	-1.6893244	0.8430346	0.5884625	0.8789582	-2.7627327	0.023497857	3.2932918	-0.8559401	-0.5158808	-1.2982068
2.226414	-2.2183776	0.38979587	1.4445086	-2.544786	-2.8561196	-2.016567	1.4401649	0.5398298	-1.343932	-2.7219472	2.6550817	0.66491956	0.2316368	-3.152803	1.1042951	2.5068693	-0.7415215	-1.3072283	-1.7055086
1.0370319	-0.9797528	0.91220015	2.0742357	-1.3571572	-2.588269	-0.766329	0.3788097	0.10364443	-0.19526704	0.09699947	1.0458745	-1.192921	-0.40579093	-0.37804952	0.99423933	1.52266	-0.2227071	-1.435869	-0.92155397
1.5426983	-1.2815899	1.419041	0.9020042	-1.22574	-1.3322525	-2.003775	0.69972724	0.12519398	-1.2980524	-2.069915	2.9946203	0.1227327	-0.2632426	-1.8858422	1.3247129	1.8904208	-1.5807463	-2.5620558	-1.6993103
1.7168216	-2.0715976	1.6468021	1.1194173	-2.3631058	-2.3654058	-0.55029416	1.084881	0.11175233	-1.0304631	-1.3337446	1.5977623	0.12607895	0.646818	-2.7002177	-0.6152584	3.8888893	-0.10752845	0.0785177	-1.587643
2.8750043	-1.1477107	2.1849124	3.000912	-3.5325592	-3.091977	-2.0916457	0.9292398	-0.5752976	-2.8399277	-0.54200894	3.2593431	0.6007491	-0.0808517	-2.2444723	1.3450385	3.34888	-1.0863491	-2.2651744	-3.139157
0.8642722	-0.866413	0.19087072	0.8633949	-1.0567206	-1.7446917	-0.04920514	0.15466757	-0.30188686	-0.011226936	-0.17869337	0.47175974	-0.90012765	0.23135641	-1.6005183	-0.16293712	0.98967946	-1.2132101	-0.7133409	-0.43835104
0.9375294	-1.5478861	2.0937724	2.757627	-1.7419643	-2.491384	-0.94107616	0.9185526	-0.5826163	-0.7448829	-1.0051609	1.9189994	-0.4298442	0.08462153	-1.6168499	1.2168915	1.1838762	-0.7602482	-1.1683857	-1.4790306
1.4272541	-2.149952	1.5468004	2.083919	-2.5536344	-2.8584514	-2.202488	1.0630356	0.1544422	-0.22988619	-2.1596594	2.5239744	-0.25249222	-0.11160037	-2.278947	1.9506797	2.5705905	-0.9967725	-1.81253	-1.426036
2.171853	-1.5044318	1.5417544	2.0442202	-1.4026325	-1.9461251	-0.44245547	0.82940644	-0.6776451	-1.117338	-1.0870306	1.9798021	0.25936365	0.59441936	-1.7470782	-0.59403217	1.9349327	-0.90296876	-0.6652331	-2.0864656
1.1139191	-2.3191717	2.173784	1.9782944	-3.0613163	-2.987149	-2.1446471	0.43491068	0.6977665	-1.6359382	-1.6663365	3.2698271	0.82787734	0.4071765	-2.8959126	1.0847147	2.8518565	-1.4289048	-2.2729497	-2.050373
1.1395537	-1.8917736	2.7067862	2.2657125	-3.1323345	-2.9035249	-2.5421464	0.7953595	-0.050806977	-1.8337059	-1.7283328	2.7062945	0.12970759	0.09857297	-2.5781054	1.591551	2.5173962	-1.8765614	-2.142226	-2.1002648
0.7906516	-2.3080373	0.92044544	-0.015831044	-1.5394956	-1.4459347	-0.708491	0.24484321	0.5866959	-0.51614386	-1.2661842	1.0617508	0.57531446	0.16261934	-2.180424	0.96826166	1.462561	-0.67567134	-1.3528596	-0.68429637
1.6844988	-0.82725596	0.77085286	2.8758142	-3.3013513	-1.252986	-3.1746833	1.7420018	0.9425315	-1.2703576	-2.6256828	3.6030068	0.26585132	-0.713306	-2.696707	1.8714937	2.026267	-1.0659286	-3.6431315	-1.7227036
3.2153642	-2.5682793	2.7616913	3.1813705	-3.6880047	-3.4911332	-1.6926957	0.29370576	-0.34073433	-2.1983783	-2.3270154	3.7299595	-0.5858703	0.83725494	-3.417487	0.5537197	3.570647	-1.5232939	-2.1604834	-2.8063936
3.2381687	-1.2756413	2.898615	3.1382766	-1.948738	-2.8455887	-1.3737416	0.95072705	-1.7563312	-3.351098	-2.0988233	4.7477994	0.082487494	-0.18095952	-1.8582981	0.9360164	2.508147	-1.6531421	-2.155225	-2.456691
1.3451604	-2.8935757	3.5064497	3.8357232	-3.1853821	-4.379189	-1.2930701	2.0378904	1.2538295	-0.2322569	-1.2990838	1.566203	0.1506906	0.91471666	-2.1103408	1.1347417	3.3068976	-0.5471569	-0.8907027	-2.8265073
0.97036487	-1.3441931	2.28529	1.136187	-2.3940566	-2.2514284	-1.4874915	0.3387561	0.9866287	-0.56562406	0.23256704	1.3186494	-0.035719935	-0.27475286	-1.8933933	0.856973	2.4456377	-0.37337205	-0.78373325	-0.477418
2.7466092	-0.38024384	2.439142	2.819953	-1.0324365	-3.2391634	-1.589986	0.13408937	-2.1325345	-3.7741652	-1.5679805	5.0926375	-0.72947276	-0.31456253	-2.9314468	2.098047	2.9701955	-2.2957482	-3.791841	-2.8888311
1.4999396	-0.7456402	1.0612468	2.0870664	-1.8793633	-2.0920193	-1.3783971	1.5558307	-0.30854487	-2.0015345	-2.2568855	3.2778063	-0.2521276	0.2495894	-1.6693534	0.84665465	1.6567278	-1.29524	-1.6434423	-1.718069
0.04076032	-1.269288	-0.047336712	0.22254062	-1.674697	-1.5655019	-1.0174336	-0.15673019	-0.6673323	0.120530106	-0.8801951	1.5584373	-0.35700727	-0.11181363	-1.2546904	0.27436244	1.7515972	-0.8739223	-0.73965114	-0.7810896
1.2396265	-1.4780738	0.81369716	1.632645	-2.0289536	-2.545691	-1.2490623	1.0383857	-0.16779993	0.31900978	-0.79611003	1.6230404	-0.47783694	-0.21096198	-2.3542638	1.3846447	2.3659604	-0.85379297	-1.6348988	-0.9533844
1.0102755	-0.30649024	2.132571	1.269359	-0.86528796	-1.1837163	-1.0150242	0.59793204	-0.24014357	-1.6042596	-1.0676944	1.9180946	-0.011109535	-0.27758855	-0.9860598	0.36029935	1.0067959	-0.8207254	-1.0695105	-1.4086475
1.6319953	-2.0433912	1.0006942	1.8330836	-2.5239713	-2.3458996	-1.1047095	0.21471916	-0.114889726	-1.3886914	-1.9820161	3.2375731	-1.0707067	0.44211474	-3.1522212	0.37957126	3.1235182	-1.4810092	-0.78739625	-1.818014
0.69574535	-3.2841747	2.0954874	2.4415023	-2.7592614	-2.4608903	-2.5576744	0.9656993	1.5912589	0.10166282	-2.9190578	1.9615141	0.6658083	0.75558275	-3.0202885	0.45446628	3.6221435	-1.6461099	-0.41298285	-1.6600184
1.0767871	-1.1092356	1.1280172	1.845398	-1.4958858	-1.8968594	-1.222048	0.83268684	-0.4169715	-0.994393	-1.3419312	2.1374245	0.3816128	0.4425598	-1.9208223	0.7928634	1.2022425	-1.121939	-1.6387544	-1.8484882
1.0635594	-1.5774636	1.7623485	1.8309519	-2.8862355	-2.418381	-2.0363097	0.94781923	0.014277814	-1.315957	-0.9520154	3.2726328	0.36050096	-0.12790485	-2.1472104	1.6726918	2.7249827	-1.6170787	-2.4204826	-2.1092343
1.531878	-2.5596159	0.9881783	0.9876367	-3.1650019	-1.6603804	-2.5353022	0.8347029	0.6126899	-0.63155425	-1.9321141	2.5559587	1.1278423	0.13416043	-2.723725	0.22172356	2.8447044	-1.1618453	-0.6440916	-2.064793
0.9990298	-0.99737984	1.966239	2.6631186	-0.8361764	-1.2794499	-0.15490936	1.1298237	-0.24609798	-1.4195093	-0.990128	2.6471665	-0.45796254	-0.07463032	-0.27111527	0.8226803	1.710068	-0.45929077	-0.6551115	-1.5659221
1.31887	-1.3866006	0.51210964	1.5957989	-1.1901873	-1.4369262	-1.5262252	1.6069783	0.34682673	-0.5287476	-1.1975706	2.4156382	0.06861603	-0.37769172	-1.4477017	1.8487592	1.1272231	-1.2888091	-2.2336817	-1.0285832
0.83582747	-2.1426687	1.3518136	0.44312212	-2.383467	-1.4933779	-0.9372999	1.1643693	0.038342543	-0.1864272	-1.3321357	2.0214126	1.248849	-0.34139702	-1.3142365	0.6401631	1.6032791	-0.11524135	-1.6353533	-1.3887687
0.39749527	-2.2623305	2.6293519	0.8036714	-3.78224	-2.662253	-2.3853433	0.9557452	1.5137963	0.21106164	-1.6825225	1.3698112	1.0321018	0.40066147	-2.9792159	1.0906668	2.8375483	-0.5415168	-0.36815718	-1.30538
1.3296962	-2.3456237	2.8336048	1.9294684	-2.882395	-3.9615266	-2.0799265	1.4587252	0.73790115	0.9535489	-1.7773838	1.3845837	0.031787474	0.07937404	-3.7907393	1.7040415	3.3715286	-0.69811296	-1.6905822	-1.1083286
2.4281812	-3.6000388	2.2577608	2.1667314	-5.387688	-4.305708	-4.759793	3.1611178	1.5307055	0.38543084	-5.384654	4.3813105	1.1891924	0.020542815	-5.476746	2.5118775	4.2339277	-2.789823	-3.6388414	-2.2672315
2.6065826	-1.4207803	0.9612029	2.7074897	-0.84285396	-2.2545753	-1.1953391	1.364773	-1.4433941	-1.9733877	-2.4592328	2.9278624	-1.1097462	-0.15067883	-1.8630148	1.7382218	2.7759585	-2.0482671	-1.9027821	-1.4933468
2.055253	-1.7367452	2.1453106	1.4027659	-1.8144622	-2.356193	-1.0951605	0.91611284	0.025627593	-1.7762939	-1.3802181	1.3981189	0.39981714	0.5396144	-2.1340258	0.22287746	2.5251002	-0.5389962	-0.58086985	-2.0190976
2.1738539	-0.7413413	1.2346882	2.9427774	-2.997202	-1.6112782	-1.9874698	0.71064305	0.37220144	-1.7446457	-1.5224061	3.7382052	-0.8796093	-0.090613544	-2.438229	0.71604913	2.7294164	-0.7286956	-1.7710072	-2.2853742
0.7539361	-1.3112584	0.9199885	1.777343	-1.5831393	-1.3259604	-2.7237582	1.3717313	-0.30832058	-0.24033119	-2.7905092	2.6821094	1.0460501	-0.62893194	-0.95234436	1.797155	0.54634476	-1.0533719	-1.8656409	-0.8009436
1.847924	-1.5913624	2.1094382	2.4847705	-3.638683	-2.4441423	-3.1275737	1.4768348	1.4153564	-1.2796957	-2.8955002	3.1919873	-0.13327436	-0.04731228	-2.9285624	0.99054366	2.6088212	-1.1966732	-2.3863485	-2.6029575
1.6842436	-0.8359361	1.0755683	2.7198758	0.40168443	-2.0668883	0.07357514	1.2735184	-1.0746721	-1.8928615	-0.6860225	2.7310739	-1.2054843	-0.6194881	-1.2206126	1.7207463	1.8839308	-1.1310025	-2.1116958	-1.4350052
0.33232322	-2.140748	0.50380903	0.27626923	-1.8559393	-1.5630561	-1.9185476	0.5147339	1.2054516	0.24524622	-2.4596658	1.1891861	-0.26190978	-0.28685895	-1.7357283	0.55871195	0.42457926	-0.99706864	-1.5345227	-0.950973
1.9668607	-1.3370692	1.5021191	2.4764001	-2.418546	-1.8304074	-1.6211007	1.988522	-0.75937945	-1.3964688	-2.466037	3.7698698	-0.353334	0.21697691	-2.8278184	1.0121261	2.6381986	-1.1429641	-2.1569564	-2.106631
