0.7938233	-2.17164	0.6572408	0.42986262	-0.80889887	-1.3465942	-0.87879646	1.7302709	2.1520495	0.1502229	-1.8288958	0.019192375	0.87430793	0.52348185	-1.9720418	0.40402254	2.6420696	-1.2257845	-0.011149567	-0.7186678
-0.75716615	-2.2871146	1.3026465	1.2093313	-1.9418437	-2.6252139	-1.9705794	-0.026396105	0.89228266	0.9640581	-2.2474508	0.63757306	0.20057449	0.3216778	-1.7390541	0.5481158	0.9701406	-1.3884016	-0.062306833	-0.8391336
-0.0062805805	-2.65156	2.3755202	0.75174195	-3.3749228	-2.3881657	-3.0235538	0.86184025	1.352167	-0.8154809	-3.1799858	2.0003018	1.0632907	0.3756009	-2.3446817	1.6979432	2.1474984	-1.9887639	-1.1218585	-1.3585097
0.38841897	-2.0539687	0.14072666	1.6198992	-3.4786496	-1.7981375	-2.6599424	0.9501774	1.4107285	0.26579505	-2.4553993	2.0742605	0.028162427	-0.040591482	-2.0560338	1.947076	0.46163633	-2.3411973	-1.7550194	-0.8888875
0.7602456	-1.8218257	1.7899251	1.4106745	-2.693775	-1.0156425	-1.6865854	0.24418642	0.40777397	0.19132449	-1.8310378	1.6107792	0.15629444	-0.14546415	-0.7641969	0.10389969	0.057493553	-0.3202565	-0.9607827	-1.0502883
0.07716163	-1.6068356	0.608233	0.89751947	-3.238424	-1.5857372	-1.3882799	0.39807856	0.58209515	0.5516692	-0.9982295	1.5160859	0.52797616	1.064994	-1.8835722	-0.0792797	2.2476733	-0.9961801	-0.44247046	-1.8415481
0.72565585	-2.3064156	1.1181415	1.5134352	-3.2948313	-1.880512	-2.3515918	0.6777371	0.98964924	-0.5785331	-0.561462	1.9558975	0.26642436	-0.19409327	-2.2698362	1.0672997	1.4205167	-1.4008135	-0.6735477	-1.4574685
1.9809887	-1.0353253	1.2724648	0.6530205	-2.1127973	-0.3279647	-1.2172424	0.46497273	0.5563654	-1.6557343	-0.917269	1.6961534	0.3378627	0.40410405	-1.8484029	0.4139513	2.0680468	-0.90402865	-1.2522528	-1.1861058
0.4802802	-1.2156348	-0.2795079	1.0409675	-0.89984787	-1.9121233	-0.97384053	-0.5755268	-0.045933656	-1.002632	-0.39184982	1.3406366	0.04547328	0.43003988	-1.2998866	-0.1237404	1.3922615	-1.3715806	0.39644387	-0.941986
1.3607869	-1.351249	0.99116844	0.20827667	-1.4144175	-1.0394346	-0.7781185	2.074514	1.9716003	-0.6542351	-1.0035222	1.4512005	0.30918694	0.26474613	-1.4825752	0.35220635	1.1606222	-0.61924124	-1.0673573	-1.2517345
-0.6621885	-2.845727	2.069877	4.332968	-1.8578846	-4.86974	-0.9331378	1.250914	0.3251551	0.84858185	-1.9832888	0.94166136	-0.90485156	0.98922974	-1.9501851	2.3148444	2.8400931	-2.932	-0.3833756	-1.5867512
1.1483427	-1.8074521	1.8238926	0.9840819	-1.8383414	-2.1870606	-1.3989396	1.5197308	1.2348913	-1.7825313	-2.2394342	2.8771029	-0.6409691	0.37786576	-3.3016193	1.1368738	2.1258507	-2.0970695	-1.421887	-1.5223953
1.4016825	-0.90252817	1.1228783	2.467244	-3.3138685	-1.9247209	-2.1644592	0.9975074	1.8384823	-0.48099527	-1.1697847	1.6842052	-0.42889255	0.6844354	-2.325042	0.38344398	1.6850674	-1.1954691	-1.733491	-2.6038918
0.28358507	-2.9919062	1.7230825	3.1259677	-4.3280487	-3.9648814	-3.09804	1.6425703	2.497643	1.0525095	-2.339146	0.93179804	0.40724197	0.87429976	-2.5740047	1.5815574	2.307549	-1.3739617	-1.3723949	-2.282566
0.34107023	-0.5502146	0.83566135	1.7125951	-1.015704	-1.1184859	-1.4577626	1.2324795	-0.013275755	-1.1937432	-1.6458415	2.6199815	-0.1991158	-0.62617046	-0.42350096	1.6637244	0.4494946	-0.4879463	-1.763767	-0.8982523
0.71204084	-1.9737982	2.0256147	1.2744089	-2.4093602	-2.301884	-1.4268738	0.025315266	-0.08447503	-1.5498836	-0.96512246	2.7286358	-0.322786	0.036813103	-2.0064495	1.0990338	2.368501	-1.725594	-0.88805467	-1.6092113
0.4667944	-1.5893574	0.6223508	0.8704923	-2.2611904	-2.876512	-0.919258	0.044455223	0.6747826	0.22257619	-0.23522788	0.5970932	-0.264984	0.33108938	-1.5758862	0.42429736	1.2808838	-0.9390468	-1.2617865	-1.3412168
0.97132134	-1.7570806	0.9337545	2.1521525	-2.0090435	-2.3293433	-1.3192263	1.0683726	0.33184204	-0.3455684	-1.30339	1.2951044	-0.037694134	-0.029038373	-1.132065	0.83065367	1.4826133	-1.2026746	-1.010039	-1.150197
1.5080925	-1.5732595	1.1302942	0.43993896	-2.2696369	-1.2210205	-1.5913193	1.1888565	1.1443729	-0.6740837	-1.9966636	1.816642	0.2547081	0.38636097	-2.775023	0.26337805	2.104011	-1.4200642	-1.38991	-1.395823
0.47281057	-1.9989927	1.2408026	2.4624436	-2.3895965	-2.923818	-2.2102935	0.67391914	1.2553434	0.0582579	-1.4772648	0.47578698	0.44751754	0.21179183	-2.1285825	1.0247272	2.462004	-0.6855278	-0.85704094	-1.1517464
0.87919754	-1.196995	0.5389542	2.669872	-3.2340822	-2.3890805	-1.837132	1.3019894	-0.33322212	-0.9911494	-1.048525	2.317903	-0.06408433	-0.37671894	-1.346659	1.6327684	1.8960764	-1.0047382	-1.1347625	-1.3610141
0.9133095	-1.593875	2.2990193	0.8663309	-3.3850296	-1.751966	-2.1718314	1.499787	1.302118	-0.596093	-2.6018047	1.7962517	1.2506584	1.0316137	-1.8971132	-0.41146457	2.8370385	-0.63436055	-0.3344974	-1.6753063
1.5500455	-2.0437672	1.2749574	1.9644161	-3.1935618	-3.2154944	-1.598363	1.6846477	1.1734065	-0.23819359	-0.40250218	1.396129	-0.3574345	-0.28205836	-3.2292593	1.3690982	2.5752947	-0.62615454	-1.5178776	-1.5075712
1.0295782	-0.83360445	0.3342606	0.78515744	-2.1629028	-1.0938728	-1.9946804	0.61750966	0.19683528	-0.88813144	-1.3910929	1.7021185	-0.10982156	-0.18660752	-2.0003176	1.3060054	1.6241863	-1.327334	-1.5727205	-1.0247896
1.164349	-2.196112	1.0076394	0.3962478	-2.335938	-1.6932412	-1.8725375	1.0537317	1.7440263	0.43139032	-1.6629976	1.4067421	0.42976478	0.19543709	-2.8192415	0.986334	2.3789327	-1.2320594	-1.0409366	-0.743584
2.4502606	-0.40395623	0.5573274	0.20909873	-1.0602608	-0.5950539	-1.2498311	0.25272945	-0.7464337	-2.3164728	-1.4416584	2.1515527	-0.4167226	-0.4034906	-1.9862537	0.042182412	1.4133854	-0.5920961	-1.7178459	-0.9854301
1.1589484	-2.1048098	2.1612668	0.07794347	-1.9500902	-2.0983844	-1.318063	0.9854489	1.4452773	-1.7318145	-1.5626204	1.6347871	0.56483495	0.56600225	-2.9814732	0.6282483	3.3083656	-1.0032482	-1.3754445	-1.7183547
2.1400218	-1.2308211	2.6961408	1.3960106	-3.5178044	-2.514361	-2.487237	0.5332432	0.32050282	-2.451059	-0.26682535	3.4891934	-0.52402586	0.087831065	-3.4959865	1.1325808	2.707012	-1.8657213	-1.9192431	-2.444217
0.30785257	-1.9421237	0.6820321	1.3864692	-2.8807127	-1.6035216	-1.7038757	0.7257416	1.6165103	0.41209614	-2.0380282	0.9977302	0.101068184	0.61648875	-1.8109978	1.1267086	1.0109328	-1.0222754	-1.123316	-1.3407508
-0.22368649	-1.3571448	0.1383193	1.8860343	-2.6279018	-2.2575982	-2.1835766	0.31498018	1.1946816	0.17394307	-1.4130639	0.97769564	0.457625	0.17919505	-1.0255922	-0.20233738	2.436239	-1.2511139	-0.23017472	-1.1458269
0.06462638	-3.1828525	0.6376506	2.6071339	-2.6473393	-3.2468872	-2.6726394	1.0905211	0.85656255	0.16293241	-1.7617376	2.8252544	-0.13873398	0.20070054	-3.3366508	1.6303346	3.1926935	-3.0637352	0.14511363	-1.3688327
2.2763474	-1.3501111	1.3126206	1.1890618	-1.2457343	-1.6060139	-1.4146678	1.279874	1.1012722	-1.1463668	-1.8506647	2.2207584	-0.22433297	-0.042523727	-1.8246002	0.7315872	2.2763855	-0.7848928	-1.3936018	-1.1335568
0.33066237	-1.6477095	0.20927565	-0.64346915	-1.3308854	-1.0200241	-1.0965079	0.2645724	1.3257197	0.3822812	-0.949523	1.0088372	0.0074755135	0.32900792	-1.5175167	0.37017673	1.7579287	-1.1889687	-0.7408368	-0.8153733
0.88111424	-2.020741	2.2936137	2.6548636	-2.7690837	-4.407241	-1.9460641	0.95211303	0.35533246	-1.2035825	-1.0562233	2.6121697	-0.9176786	0.21399152	-3.3793747	2.7111554	3.2430856	-1.7467474	-1.7319806	-1.7448505
0.63480943	-1.5519298	0.4448844	1.178766	-1.6886928	-2.1671002	-1.805335	0.35169947	1.2336011	-2.2064729	-1.6984994	2.3728683	0.32254767	0.2566375	-2.2156768	1.6852804	1.0049515	-1.9363211	-0.80457515	-1.869594
1.342415	-1.698242	1.4675723	2.1296144	-2.692467	-2.7552633	-1.6176502	1.213927	-0.75030506	-0.5984546	-2.6962445	3.1630423	-0.42884883	-0.10081396	-2.0746822	2.1287794	2.2952232	-1.4082254	-1.9612385	-1.1605405
2.04435	-1.1672709	0.953339	1.0399742	-1.2881887	-0.9281455	-0.4696123	2.2568612	0.40609038	-1.2007804	-1.3522059	2.2653913	-0.33719245	0.59252733	-1.1994609	0.58664984	2.228596	-2.0048244	-1.2849139	-1.534197
1.8390425	-2.2068808	1.6604921	1.6935751	-0.93136144	-1.6227357	-0.25322178	2.473524	1.5279617	0.17050989	-2.6879728	0.98443896	-0.40963525	0.39106745	-1.7834752	0.92808884	3.6365368	-2.1506493	-1.3427409	-1.5193733
0.8912193	-1.2770871	1.2724233	0.9841124	-1.5858411	-1.7135811	-0.9494865	1.5024464	0.4124731	-0.7107732	-1.0652572	1.8471036	0.022317708	0.22391059	-1.5544227	0.98366964	1.7832538	-1.1935556	-1.6146191	-1.6363401
0.29006755	-1.8540148	-0.1536421	1.4434972	-1.9609405	-2.7939768	-2.458311	-0.5490882	-0.14261065	-0.7560367	-1.1730477	2.226545	0.5428192	-0.22309443	-0.58346677	1.4558272	1.6165286	-2.3161788	-0.69826114	-0.64182186
1.8298353	-1.0778767	0.24352792	0.82108456	-2.0408168	-1.228198	-1.8793533	1.3662694	1.8951553	-0.2580262	-1.5425665	1.6120014	-0.020781472	-0.45467746	-1.8111475	0.9487124	1.8653393	-0.6120837	-2.206894	-1.1412245
-1.2384622	-0.8750419	1.7340364	0.7723288	-1.6610632	-2.6258624	-0.90652657	-0.01908023	0.51642793	-0.73061115	-0.6970555	1.3221393	0.69902295	0.4061655	-1.4919376	1.1015964	2.372165	-1.6029958	-0.75682026	-1.4413307
0.6301922	-1.2321898	0.12564218	0.9900924	-2.3251116	-1.4658442	-1.8164133	0.12648934	0.12010809	-0.41186252	-0.7620947	1.7329556	-0.14565957	0.01907149	-1.3139939	0.21485902	0.74763775	-1.4257383	-0.07240509	-1.4352146
1.0516737	-1.5074377	1.425637	1.2660859	-2.671571	-1.5672721	-1.5183231	1.2786195	1.3572986	0.36185727	-1.8909364	1.4705389	0.30160132	1.070034	-2.7307208	-0.32120582	2.6802032	-1.1940264	-1.3162842	-1.5134875
1.9021726	-1.0673738	-0.018078843	1.5383658	-2.0708554	-2.4456892	-0.7895054	0.40601787	-0.85725874	-1.3971906	0.30768645	2.4443662	-1.1033686	0.65580606	-3.5459778	-1.3314544	3.9377127	-0.32609484	0.18958823	-1.8660852
-0.4862261	-2.4916492	1.6199905	3.2111747	-2.568637	-4.3290677	-2.6251166	0.7132239	1.6974761	0.55961514	-2.9802663	1.3439783	-0.014753799	0.91801965	-2.9147532	2.217311	1.8462889	-2.7639754	-0.5868861	-1.3041912
1.7771953	-1.3757396	1.3769462	1.3896598	-1.2148881	-1.0720202	-1.9997083	0.78291863	0.10784008	-1.1772225	-2.3761723	3.0850997	-1.0601972	-0.6708649	-2.859728	1.7490374	1.94064	-2.2731533	-2.8250759	-0.625542
0.08285513	-2.265248	0.856741	2.958095	-3.126507	-2.9734056	-2.3654757	1.2130101	0.27846247	0.58732873	-1.5311095	0.8843379	1.1635792	0.31625733	-2.2301037	0.84140694	3.2068737	-1.7506647	-1.093767	-1.604238
1.3169006	-2.5555894	1.3415706	1.792262	-2.8494096	-2.7835147	-1.9752159	2.144129	0.36666217	-0.6832486	-1.915131	2.5806162	0.26450965	-0.6427817	-2.4729364	2.208504	2.2655556	-1.1283045	-2.1568344	-1.7392883
0.5611074	-0.8744338	1.4333675	1.35406	-1.514481	-1.1341221	-1.2969537	0.83933836	-0.18556874	-1.0201758	-2.4409115	1.6815513	0.1531582	0.023052236	-0.9483683	0.7932118	1.4248499	-0.91687053	-1.7564182	-0.9489044
-0.068947494	-1.6621678	-0.018329415	2.079087	-2.2362418	-2.6334865	-2.02076	-0.47653937	0.46645963	-0.6201224	-0.48745844	1.0267813	0.74236155	0.44928518	-1.1028198	-0.33583468	1.6480163	-1.2497472	0.78234744	-1.4479865
2.9449399	-1.8584208	1.5300465	2.52039	-3.2859175	-3.0459938	-2.7677627	1.3621342	1.1240245	-1.5997312	-2.7559168	4.115744	-0.7777334	-0.03855099	-4.395889	0.8809346	3.2783434	-2.4676464	-3.0641181	-2.4670274
1.5752376	-1.0898106	0.48792505	1.5478476	-1.3798373	-0.730629	-1.2365543	1.0671936	0.013985483	-0.6962805	-1.1930661	2.210406	0.27166948	-0.58869743	-1.1071812	1.6127238	0.57389706	-0.43874794	-1.7496189	-0.78147376
2.1302834	-1.8934743	1.4333081	1.1236056	-2.0000446	-3.2711546	-1.8037302	0.8554067	1.6092526	-0.45264515	-1.1908606	1.4300718	-0.05318038	0.09544832	-2.578456	0.9656518	3.2273066	-1.0601997	-1.6055382	-1.434189
1.3577626	-1.9896435	1.442713	1.0913227	-2.7954044	-1.6456	-1.6018744	1.1715415	0.9052988	-0.5981637	-0.73338103	1.7239201	0.78999305	0.8288766	-2.9919856	-0.81458664	2.851895	-0.7540988	-0.4859708	-2.1914172
3.011402	-1.5788904	1.3879262	0.7400316	-3.2992835	-2.159162	-1.7409378	1.559425	0.7480368	-0.91058964	-1.0748239	2.3359718	1.043683	1.0871551	-3.8350549	-1.3925099	4.32693	-1.3086984	-0.7765332	-2.2272072
-0.9730423	-1.6803443	2.4220245	0.77735966	-3.3966262	-1.2514162	-1.629242	1.0647234	2.2850127	0.5500448	-2.2057889	1.2952912	0.85738313	-0.40271682	-1.351175	0.6618942	1.5904064	0.17387542	-1.2504082	-0.75367963
2.0590124	-0.28189614	1.1667486	2.3427799	-0.5678443	-1.0140512	-0.80964535	0.1515175	-0.8230458	-1.7930657	-1.7666161	2.628876	-1.4450756	-0.74550587	-1.0892966	0.7718143	0.1566223	-0.5566705	-2.492044	-0.9058434
1.4821566	-0.7633333	1.2102884	0.6793052	-1.7196611	-1.4280819	-0.8155595	0.09637168	0.07355031	-0.8911344	0.46449968	1.5707614	-0.219678	-0.09350406	-1.2884997	0.29012603	0.42536458	-0.1368685	-1.185752	-1.7187005
0.11352396	-1.5365314	1.2599506	2.2707605	-2.3905134	-2.425258	-2.2294712	1.0846946	1.1764572	0.41496402	-1.7862482	1.3618515	0.57998013	0.7602161	-1.8626295	0.9493246	1.9178053	-1.2659231	-0.29390928	-1.8767594
0.37298626	-1.9262463	2.188736	0.65254146	-2.2646985	-2.6128037	-1.6602516	0.43876746	1.0086832	-1.1241804	-0.34166357	2.4366999	0.724624	0.46423945	-2.9267154	0.726599	2.4711268	-1.0481386	-1.3371143	-2.032524
1.2762414	-2.5230198	1.640285	1.3726358	-3.3407784	-2.8107488	-2.3522413	1.4980747	1.8867668	0.5257466	-1.6925611	0.53177905	1.1541634	0.80513024	-3.1703756	1.1125138	2.6705954	-1.1801362	-0.95842886	-1.6181455
1.2085905	-2.221383	0.62259054	2.293844	-3.432874	-2.3282304	-2.8536634	0.4881132	1.734217	0.81391084	-0.76118886	0.3332742	0.5428167	0.9489276	-2.7225168	0.0658181	2.3092036	-0.92027944	-0.46480256	-1.8657244
0.38107353	-1.634605	0.38231298	1.6209736	-2.9235494	-3.4963973	-2.1076503	0.16912599	0.0005172027	-0.31472948	-1.0799513	2.2346706	0.2980846	0.6247698	-2.7356064	0.98579955	2.786537	-2.356131	-0.61368877	-1.424396
1.322676	-0.9275837	0.6286283	0.9204668	-0.96796274	-1.9784789	-1.2530851	1.2245547	0.37030846	-0.620954	-0.8878461	2.310427	-0.5366982	-0.23304044	-1.3359224	1.9128941	1.8799602	-1.5218042	-1.6323315	-1.2953538
-0.1352487	-1.1030483	1.5348545	0.5857193	-1.7600335	-0.8631668	-1.5658951	0.16935462	0.2374447	0.6522552	-1.2730551	0.7532147	0.29091713	0.06894133	-1.1051128	1.106483	0.57528204	-1.3467382	-0.5966883	-0.1452317
2.14613	-2.2099175	2.0470111	1.7732707	-3.9582386	-2.8697748	-2.5480378	1.2594551	1.7431797	-1.7250087	-1.0218372	2.2030272	1.2917002	0.5994234	-2.5942166	-0.048986528	3.0464096	-0.7053467	-0.5098454	-2.8551161
0.89987135	-1.4355184	1.1415719	4.201785	-2.658894	-1.935686	-1.6692065	0.28792784	0.19229157	-0.6522879	-2.3597426	1.5959437	-0.30771464	0.47086138	-1.550184	-0.45786202	3.1820147	-1.1551093	-1.2457864	-2.170351
1.3852003	-0.5653295	1.6471364	1.6852335	-1.2522542	-1.2021021	-0.9906845	0.98126584	0.51324666	-1.5132954	-1.3791052	1.6912394	-0.20217314	-0.46694654	-1.0422018	0.114429615	0.53334296	-0.89286834	-2.2254717	-0.42581567
0.3166814	-3.105101	1.133047	1.1076772	-2.4864004	-2.2451005	-2.7599957	2.301587	1.0099121	-0.98916245	-5.427416	3.6926713	0.85797936	-0.117083766	-2.7360506	2.9443848	2.255413	-3.6006248	-3.6377137	-1.168266
2.2050118	-0.67773837	0.21741779	1.1559905	-0.78109217	-2.0934584	-0.8102951	0.18892781	1.6468519	-1.2566519	0.44631952	1.0316986	-0.5013135	-0.082563005	-1.9490012	0.05085331	1.4764113	-0.47460777	-1.3763069	-1.3373802
1.5919133	-2.3895917	1.9081428	1.3059047	-1.8965809	-2.6591191	-1.3316952	2.0529704	2.7377334	-0.49335146	-1.9428289	1.4365779	-0.026371473	0.38674337	-2.6551888	0.94162166	2.77548	-1.7599115	-2.1438208	-1.8601234
0.8002486	-1.3977683	0.84328914	1.8120551	-2.8008678	-1.4312793	-2.1640973	1.6599505	0.88995326	-0.06870113	-2.3425968	2.094187	0.58902496	-0.012328312	-1.2925245	0.98113894	2.4573407	-1.4973375	-1.743252	-0.8405255
1.4516746	-1.6890948	0.9084207	1.3327318	-2.148409	-1.6458479	-1.1512048	0.8524381	0.6378484	-2.0346594	-1.3581115	2.4172578	0.23043458	-0.26809344	-1.3977913	1.1803335	1.8045427	-0.68076575	-1.6679589	-1.6832528
1.579312	-1.6853898	0.97558993	0.17783324	-2.4735482	-0.7310257	-1.7061269	0.79189783	0.50913054	-1.1309246	-1.0096784	1.9013774	0.8021499	0.6994969	-3.3771882	-1.2543024	3.1188655	-0.8697072	-1.0115407	-1.541941
0.842342	-2.312937	1.4482805	0.89254296	-2.8831236	-2.6820698	-1.5042744	0.8553947	1.5103738	-0.08433349	-0.3714657	1.3047124	0.6717871	1.1642562	-3.0603821	1.3197719	2.6082866	-1.6494036	-0.39327732	-1.1906426
1.0748888	-2.0781956	1.2355499	0.85766387	-2.6114378	-1.0550845	-2.551183	1.2502948	1.556735	-0.10162957	-1.6470394	1.82079	0.5476983	0.19884557	-2.171022	-0.05934082	2.1873446	-1.5570592	-0.52584356	-1.5005735
1.126729	-4.0024843	2.1561904	2.3144674	-4.1604886	-3.8837688	-3.478514	1.2173885	1.793883	-0.35223484	-3.7593408	2.6703732	0.4294089	0.16403922	-3.0823855	2.0245163	3.5060818	-2.5702083	-2.4299915	-2.1287138
0.773414	-1.3189176	0.38897204	0.7901619	-0.84098405	-1.8463957	-1.2219087	0.5413404	0.7298626	-0.0072873114	0.18113777	1.3035185	0.284389	0.16159917	-1.6953828	0.006373489	1.209132	-1.4662342	-0.13654225	-1.3779584
-0.20730458	-2.8066726	2.0221055	3.526852	-3.457709	-4.2655187	-1.312073	1.2576987	1.1819708	1.3960693	-1.1690878	0.613738	-0.87828565	1.1283702	-3.0616047	0.61726934	3.5508537	-1.7725108	-0.7249691	-1.8441762
-0.0031023375	-2.1206727	1.8438407	2.4962118	-3.787448	-2.887478	-2.7385802	0.84672725	1.3552268	-0.33609414	-3.2437587	2.968087	0.0007107335	0.3038076	-2.8422313	1.1729916	2.042045	-2.3628778	-1.2351481	-1.1688932
-0.1385835	-2.343363	1.6783026	1.918455	-1.4731162	-2.4278948	-0.87874687	0.49374896	0.41554058	0.31163844	-1.5706333	0.77329355	-0.5951852	0.32446223	-1.5303123	1.0200005	0.9777898	-1.0414807	-0.36106622	-1.2508934
0.8647513	-2.0824292	1.0353028	2.8889434	-3.208762	-3.071543	-2.2353504	1.2879442	0.5145414	-0.53458935	-0.99992967	2.1887758	0.33797812	-0.041722357	-2.0402591	1.5438533	2.8706753	-0.9748816	-1.339502	-1.6490668
0.8143327	-0.8584953	1.6027696	0.51730543	-1.8823022	-1.1459328	-1.2956136	0.28359222	-0.59053075	-0.70983773	-1.1237594	1.3363221	-0.18385516	-0.51731974	-0.5178939	0.95289	0.6351938	-0.23788176	-1.7517096	-0.6563035
1.3318287	-0.8795669	0.33845237	2.0044103	-1.2347378	-1.4851184	-1.8175322	1.1315432	1.5249673	-0.8192523	-1.7531825	2.3235986	-0.089859754	-0.16515803	-1.7145355	1.0797081	0.71762925	-1.8408241	-1.6578547	-1.5515543
1.1799	-1.610659	0.15867628	-0.4396313	-2.581821	-1.3341354	-1.8786193	0.3374219	0.35344914	-1.5708578	-0.92756563	2.698533	0.99709827	0.113650024	-2.3207138	0.31004974	0.8947293	-0.900271	-1.0597798	-1.1630923
1.7393954	-0.85306823	2.626899	2.2571907	-0.6022252	-2.076323	-0.2079612	1.2473227	-1.4029766	-1.860802	-1.5293031	2.4286883	-0.8941971	-0.21686706	-1.1942408	1.0610886	1.8824179	-1.0968113	-0.9552843	-1.2263011
0.57708675	-1.2976302	0.66878414	1.6466279	-1.7366536	-1.750297	-1.6577736	0.2332962	1.052021	-0.5811839	-1.2718587	0.5831311	0.43105298	0.31665736	-0.7731801	0.885697	0.48613045	-1.2248119	-0.3935954	-0.8991379
1.2381848	-1.2794415	2.3265848	1.8167237	-3.1688406	-2.2627077	-2.2690597	1.4806514	-0.20315415	-1.4351659	-2.2718215	3.0982223	0.09152339	-0.33584282	-2.2125854	2.402373	2.6680236	-1.7500921	-3.1554585	-1.7247465
-0.096730635	-1.3649446	1.0207217	0.45937663	-2.3145857	-1.6948006	-2.2225971	0.3415367	1.7542148	-0.96220195	-0.61111975	1.3003736	1.2787158	-0.5781029	-1.2575927	0.8882989	1.4518209	-0.68477345	-0.9299401	-0.5164248
1.9505085	-0.8617193	1.7461201	1.747306	-1.9222369	-1.8831252	-2.2040353	0.92776406	1.2914593	-1.0908415	-1.9038644	2.0946395	0.155626	-0.075888835	-1.4208874	1.974447	0.2639845	-1.5165642	-1.910796	-0.7347148
0.5934848	-2.968609	1.897628	1.0560114	-3.7342064	-3.1861153	-3.1500366	1.9470416	1.2570778	-1.0322301	-2.3781986	3.63372	1.9971274	0.31721306	-3.1375983	1.6121551	3.3791978	-2.2557724	-1.2889786	-2.7405622
0.594127	-1.8555264	0.48560202	2.1659122	-3.0266156	-2.7927547	-1.6891615	0.9861735	0.31468406	0.276207	-1.5610033	1.1678743	-0.105617516	0.13006751	-1.5830085	1.1186405	2.7711034	-1.0142123	-1.3887889	-0.93180937
0.9866344	-2.4338925	1.1104281	3.0496337	-3.7683735	-3.7679465	-2.6886518	1.5011653	2.0597184	1.2449661	-0.8943013	1.5616971	0.27516022	0.46242544	-1.782537	1.6624165	2.6189468	-1.6617749	-1.200755	-2.040898
1.9040685	-2.4223046	1.3923236	2.159755	-2.448645	-2.1829154	-1.0745703	1.2282369	1.4820596	-0.653317	-0.7348329	1.7820286	-0.31499627	-0.102686234	-1.9258903	1.3955897	0.30949366	-1.2673407	-1.704828	-1.2949611
0.6640591	-1.8809345	1.861741	0.5143349	-2.4471862	-1.7126037	-1.974759	2.3074787	1.942332	0.02631761	-2.3052726	2.2894607	0.37499028	-0.35205647	-2.623928	1.7385589	1.6950036	-1.0146288	-1.4041309	-1.1285316
1.797451	-1.8460128	1.9152349	2.5532007	-3.0676668	-2.7709475	-1.9475707	0.64141154	0.03863524	-1.059622	-1.7421287	3.0030906	-0.33388174	0.28489152	-2.906761	1.0172492	2.361891	-0.5286783	-2.0230062	-1.965427
0.8100536	-1.6108325	1.1984334	-0.5326515	-1.8864714	-0.67961043	-1.4349886	0.34345403	1.1398787	-1.6726476	-1.2525178	1.5646656	0.8532	-0.030854963	-1.7223366	-0.5757647	1.7241663	-0.30001798	-0.1295444	-1.2212706
2.0370014	-1.8943503	1.2775552	1.1337732	-1.341565	-1.2936386	-1.066641	1.1635052	1.0667641	-1.373703	-1.66697	1.3749766	0.8189978	0.96469253	-1.8855884	-0.6569093	2.6671002	-1.0806278	-0.03848409	-1.5979956
1.5164994	-1.2358732	-0.036037393	0.6663074	-2.8015866	-0.19639505	-2.3676465	1.1243607	2.1611419	-0.18719302	-0.938358	1.815296	-0.47551188	-0.455003	-2.2184412	-0.3690518	0.73366356	-0.95280975	-0.93614197	-1.1347705
0.72734195	-2.1732016	1.0764902	-0.5229423	-1.5796084	-1.42472	-1.1293706	1.7688787	2.6299775	1.1433246	-1.3148978	0.5544099	0.68219554	0.7938136	-2.9150357	0.46409833	2.4786336	-1.2284552	-0.3823257	-1.0059007
1.591447	-0.9400155	1.3432815	-0.18615247	-0.94774556	-1.2982668	-0.94784975	0.9278867	0.86954015	-2.1120355	-0.4705942	1.2958819	-0.3018213	-0.12186788	-2.222065	1.5998838	1.3787273	-0.32078573	-1.9278364	-1.2004466
1.0145873	-2.3848894	1.8830729	1.0680906	-3.8516164	-2.8186681	-1.9823365	1.3543224	1.2203858	-0.15669326	-1.8936316	1.7563137	0.3641493	0.6181454	-3.5323715	1.2315701	2.4017806	-1.3876085	-2.0222845	-1.6489869
1.8197166	-0.8405318	1.3705412	2.2523446	-1.4210439	-1.3429865	-0.70439637	0.9363978	-0.3737514	-0.28136235	-1.1041757	2.1193771	-0.7612244	0.36460438	-1.6671723	-0.023475464	2.3279095	-0.8313782	-1.0909439	-1.4045365
1.0552038	-1.6544144	0.72092927	-0.6202497	-0.9606815	-0.6812703	-0.9356246	1.5824285	1.465487	-0.9115786	-1.4145682	1.5828458	0.7628128	0.018547283	-1.8773546	1.015907	2.070941	-1.0132887	-0.9985184	-1.0327061
1.9791845	-2.152614	2.1721528	1.9766562	-3.3891406	-2.4467254	-1.9844719	1.7530988	1.597242	-1.7254417	-2.1828077	2.8964865	0.36121702	-0.13298759	-1.9032123	1.3209895	2.1335006	-1.3172479	-1.9001421	-2.4200265
1.9077843	-3.6609561	3.2618194	4.987847	-3.64931	-4.8888774	-1.2305049	2.8332186	2.2363753	0.2942821	-2.4215145	2.3026624	-1.2848636	0.96552444	-3.8465028	2.1354249	3.8411202	-3.0434287	-2.0022144	-2.472831
0.64342296	-1.6077925	1.0592492	0.3801387	-1.0096241	-1.3678777	-0.7127516	0.2385585	0.28553963	-1.0634472	-0.43051967	1.8042858	0.33546227	0.48296386	-1.3415387	0.41556206	3.5033145	-1.591005	-0.7362044	-1.3064725
0.34213242	-0.83331394	-0.23107874	1.9136249	-1.9828315	-1.3253419	-2.0686007	-0.5195409	0.3564762	-1.5273912	-0.28318006	1.8311759	-1.0405489	-0.123308256	-0.45412242	-0.32900447	0.13978104	-0.5054368	0.28644827	-1.8347636
1.1685113	-1.0669556	1.9012864	0.7800258	-1.7827736	-1.178838	-0.7420893	0.8598766	0.18657649	-1.0874962	-1.5635312	1.365746	0.2688237	0.32277933	-1.5595	-1.1595106	2.79586	-0.84281325	-0.74409395	-1.6561399
1.8460921	-1.6292291	1.7507206	2.249312	-3.6662967	-3.4352632	-1.651525	0.7300089	1.1101767	-1.7692132	-1.2041008	2.5116155	0.7630192	0.6318597	-3.361223	0.69418293	3.8079486	-1.0223329	-2.307333	-2.546754
2.082315	-0.8100933	0.5141248	0.5902159	-2.501341	-0.8427624	-1.3578461	0.8112815	1.677916	-1.5207584	-1.2809907	2.1093369	-0.53354496	0.3789338	-2.2254038	0.4440454	1.3325534	-0.8980569	-2.0644102	-1.7677798
1.1471584	-1.6777773	1.4044892	0.9354021	-3.3421433	-2.3527532	-2.6136692	1.1261493	2.093113	0.123521686	-1.2678108	1.4485922	0.5606719	0.09646016	-2.7962663	1.3495381	1.9747578	-0.71146286	-1.5030084	-1.3819773
1.1993299	-0.9500626	1.1001842	2.7718055	-1.0531169	-1.4187863	-0.97580975	1.9882312	-0.039204285	-0.33378333	-2.3516626	1.8571498	-0.508298	-0.37298578	-0.45092246	1.8816156	1.3631926	-1.1988076	-2.203885	-1.0953393
1.2316502	-1.4496417	0.9151987	0.55331844	-1.5210792	-0.3771123	-1.8279172	2.0217302	1.8678292	-1.1887203	-2.716606	3.079449	-0.22845714	-0.6182603	-2.42237	2.0108812	2.039625	-2.4362159	-3.0377448	-1.121529
0.6965396	-2.4907198	1.1033214	3.5136554	-2.5592563	-3.4394374	-1.9403301	1.4045279	0.40075755	-0.2757618	-2.538423	2.4236505	-0.6334279	0.23628019	-2.7540429	2.7818701	1.1562839	-2.2402706	-2.2540789	-1.635009
0.5389445	-2.1866827	0.44966766	0.24059533	-2.0060403	-1.6599497	-1.899775	1.4513357	2.1889777	0.07307629	-1.9848483	1.5465059	1.3414489	1.143195	-3.4941332	0.50127995	1.4884319	-1.8564758	-0.36451992	-1.7224115
0.54459345	0.304386	0.62744904	0.2276007	-1.5286763	-0.7957478	-1.2754835	1.3962531	1.7756594	-0.14383893	-0.79958314	0.4887095	-0.77720654	-0.62018317	-0.8786844	1.0514637	-0.8864715	-1.1209089	-2.7941935	-0.45919266
0.761064	-1.7908188	1.1392367	2.513985	-2.5792918	-3.302505	-1.243954	1.1267747	0.6213072	-1.1870506	-1.2280743	1.647937	-0.030928211	0.5902386	-2.752158	0.38126767	2.8110163	-1.3681924	-0.36638018	-2.0086393
2.687275	-2.5041072	1.9194893	2.6831887	-4.3418875	-2.9912724	-3.7711654	1.9558059	1.0095067	-2.0004795	-3.039738	5.128604	0.7575355	0.1413068	-2.9689093	2.7554276	2.6261156	-3.3296266	-2.7752967	-2.8957238
0.42252126	-0.7571523	0.47249255	0.95262855	-2.3579197	-0.24057753	-2.0775757	1.2155073	1.9965017	-0.7883377	-2.2113695	1.5143903	0.78054965	-0.045559157	-1.2826395	0.17469268	0.9693375	-1.3375279	-2.0069964	-1.1373905
-0.10784678	-1.4194218	1.1035304	2.4581766	-0.5330263	-1.7002754	-1.4606138	1.1422557	1.0934697	0.23752657	-1.8664023	0.91028863	-0.2963911	-0.06396149	-1.0735123	1.85209	-0.4865804	-1.1404359	-0.42223635	-0.7658194
2.1078522	-0.59541017	1.6462525	1.4543464	-0.6243974	-1.2202458	-1.0954303	1.389095	0.18577181	-1.9627969	-2.3894691	2.8437428	-0.4181526	-0.20885825	-1.7059181	1.6763881	1.4498806	-1.8259995	-2.6138422	-0.90100914
1.3402274	-2.3762846	1.1513985	0.8677619	-1.8126317	-2.1970723	-0.97943616	0.8579916	1.0465646	-0.976111	-0.29990667	1.0597776	0.8850946	0.549157	-1.9322668	0.84683365	2.5887277	-1.3224576	-0.31083682	-1.163561
1.1073134	-0.87107193	1.0643828	1.3845078	-1.0830952	-1.7950524	-0.8401597	0.86975735	0.6231561	-0.96131814	-0.5640066	1.3581859	-0.4568215	0.37263644	-1.2196982	0.34438065	1.7619056	-1.2096432	-0.9587006	-1.658928
0.6561727	-1.7514266	0.49963352	0.69691485	-2.5836945	-2.375316	-2.015457	0.93159205	1.1367843	-0.05346082	-0.92355645	1.6198574	0.42953327	-0.26731032	-1.6096953	1.4883597	1.41163	-0.38039026	-1.2004019	-0.76250136
1.7367551	-1.2811977	1.179446	0.17882468	-1.9594209	-1.0869585	-0.85432595	0.17244077	-0.13995467	-2.1158612	-1.3587482	2.2378328	0.16244318	0.08743829	-1.7822584	0.2237545	1.3076687	-1.0236002	-2.4271007	-1.6373292
0.05950315	-1.8584884	0.97272795	2.0892913	-3.6130238	-2.600301	-1.6198399	0.21535231	1.0905529	0.31915134	-0.2800049	0.020404035	1.5769064	1.0493023	-2.2800405	0.12181825	2.0923626	-0.34419233	0.29071632	-1.8045148
0.025602868	-2.407241	0.8259078	1.2900472	-2.0098581	-2.484296	-2.0907822	1.0618598	2.226319	1.0020524	-1.536444	-0.014045091	0.83724475	0.52117556	-2.1664305	1.6395719	0.58254796	-0.9958224	-0.47115365	-0.73573446
1.9379861	-2.4202065	2.832677	1.7152216	-4.2492957	-3.3290997	-2.3416378	1.6399673	2.8862	-0.6255038	-1.569832	2.603927	0.3513062	0.9331289	-4.0878367	0.6281436	3.1587517	-1.8284407	-2.605131	-2.4019861
0.7647874	-1.7574914	1.5782905	-0.3326703	-1.8291634	-2.3115916	-0.92035127	0.836858	0.42040294	-0.21385512	-0.13518289	1.2086911	0.6384435	1.0137547	-2.5319533	0.7874753	2.664082	-2.2240174	-0.14464203	-1.4530368
0.8791029	-2.474855	0.87658453	0.9762898	-1.5826358	-1.1813135	-1.3583314	0.14740174	1.4609864	0.056673486	-1.0032617	1.0079982	0.24295205	-0.28479293	-1.2305772	0.7863843	0.69749475	-1.000596	-1.1197644	-1.0912827
3.118491	-3.0352972	1.3331082	1.6571736	-3.1355896	-2.4667559	-2.0125794	2.6255229	3.1016624	-1.219303	-2.661907	3.7093334	-0.4895109	0.8609385	-5.540713	1.1664197	4.3494644	-3.3936424	-2.4849217	-2.4036434
1.3941064	-1.2682467	1.2522957	2.369095	-1.5316806	-1.8937111	-0.37294418	1.0799323	0.048242636	-0.9332184	-0.87663853	2.3660626	-0.53934455	0.3256074	-0.97657275	0.65269226	1.8943517	-1.5505441	-1.0776734	-1.1895281
1.9906623	-0.7615647	1.4742327	0.6664266	-3.1525152	-0.25311288	-1.5287498	-0.022099003	0.87539506	-1.2320946	-0.996201	2.4906046	0.5473084	-0.017642425	-0.89347845	0.26961067	1.3354676	-0.35555857	-1.5356607	-1.9280094
2.6677918	-2.5759816	0.94617397	0.15422282	-3.154028	-0.66504306	-1.5236042	1.3990582	2.5168495	-0.5712127	-1.5869602	0.59363663	0.5911513	0.5930348	-3.0483506	-0.27334282	3.4454017	-0.62903094	-1.4250733	-1.6345205
0.9765341	-1.0590202	1.0497295	1.0317204	-1.6848426	-1.1072527	-1.2818729	1.3249011	0.89364886	-1.2281103	-1.3554418	2.0285275	0.19675839	-0.47172928	-1.3271449	1.0758693	1.464023	-1.0073986	-2.2987785	-1.2842292
0.6945001	-0.46073246	0.16039556	1.4235024	-0.66508085	-2.2780178	-0.9723689	0.9004863	0.19255193	-1.2183121	0.70701814	1.8573701	-0.2809809	0.13151218	-1.3032659	1.0090325	1.5585502	-0.8259046	-0.31827435	-1.5826991
1.0345315	-1.7659211	1.5108292	0.45131704	-2.3426392	-2.3527174	-1.3760324	1.4576523	1.0291191	-0.7454983	-1.9244806	2.500738	1.072744	-0.116032064	-2.0420973	2.0467308	2.2859406	-1.203144	-1.8779905	-1.2824423
0.022636632	-1.1996913	1.7861035	1.7646085	-2.184529	-1.73421	-1.5168887	1.4448736	-0.0671089	0.05284633	-1.6472949	1.706739	0.10392425	-0.058055244	-1.2572271	1.3278344	2.387591	-1.008323	-1.4761838	-0.9487679
1.3936551	-2.546489	1.2902972	1.5667341	-3.7761147	-2.8301122	-2.5140197	1.295008	1.1516273	-0.22878805	-2.4105177	2.4853928	0.57371104	0.23006465	-3.2026722	0.17527498	2.5944066	-1.2496792	-1.7725497	-1.8584273
2.5150654	-2.103916	1.7658124	1.4021826	-2.7445657	-2.0900955	-2.1583447	2.0042512	0.69470537	-2.2136047	-2.2888453	3.3474216	1.3448788	-0.015839906	-2.9116805	0.93639165	3.977993	-1.7530347	-1.562986	-2.2427588
0.8525423	-2.7323544	1.5544735	1.3639011	-2.3911612	-2.6553204	-1.5315704	0.60536164	-0.46865654	-0.8717459	-0.78321344	2.646631	-0.17805977	0.6852977	-2.49701	1.2303264	3.1716542	-2.5204453	-0.16824254	-1.8124743
2.2472103	-1.8763123	1.1080922	1.7259009	-0.73921645	-1.4613116	-0.7929856	1.447111	1.1407119	-0.8254566	-1.1688452	1.4977843	0.18749733	0.68723214	-2.0886567	0.52244794	3.0466838	-1.1753787	-0.09915753	-1.1869435
0.2605924	-1.8681587	1.2055175	0.8023857	-2.332544	-0.85840094	-2.288712	1.5263693	1.8158919	0.2949382	-2.1465056	2.2203574	0.2891431	-0.20328598	-1.5812125	0.7747925	2.2886825	-1.4133835	-1.0150449	-1.3855726
1.6406847	-1.4459337	2.1432736	2.2025628	-1.7433505	-1.5192007	-1.0041462	1.4388981	0.7968498	-1.1657283	-1.3086816	2.0403073	-0.3332241	-0.46564952	-1.1534194	1.497364	1.8379261	-1.2295401	-2.0651035	-0.75424194
1.2775632	-2.4692822	2.1974955	3.1128697	-4.3706822	-3.0675786	-2.3227787	1.1927931	1.0663676	0.3297138	-1.6369004	1.2888876	-0.46384114	0.75402206	-2.691163	0.26179534	2.569486	-1.5827045	-0.7863178	-2.6444857
1.8529979	-4.0690165	3.2994294	3.2799149	-5.509095	-5.4565253	-4.7382708	1.7767147	2.075617	-1.1066836	-3.0426483	4.2559004	0.51166445	0.46752223	-5.105998	3.2177277	4.5755205	-3.691057	-3.3207726	-2.881314
-0.24954998	-1.133126	0.6446269	0.35023892	-0.8622632	-1.089069	-1.0093206	0.21962447	-0.07074513	-0.28883058	-1.5295092	1.3225933	-0.08552131	-0.5893991	-0.9056762	1.079492	0.29393297	-0.5994238	-1.4661002	-0.636942
1.9651883	-1.5414022	0.48798418	0.30620986	-1.9909046	-1.9772193	-1.5803629	1.2280769	1.2018293	-1.3486005	-0.5281532	1.3489181	-0.16155386	0.1454405	-1.7143006	0.51938754	2.2515786	-1.4192377	-0.3860789	-2.4258044
1.2828758	-2.061756	1.518614	0.07562556	-2.959206	-1.8128686	-1.9961027	0.8201503	1.6450939	-0.51886183	-1.823358	1.2223887	1.1708322	1.1873374	-3.4016585	-0.40563032	3.5420575	-0.8053804	-0.7825436	-1.7251642
0.71712124	-1.1757051	1.7963527	-0.19239104	-2.4401152	-1.5563637	-1.1235732	1.6911432	0.57389104	-0.21946135	-1.5587622	1.6737999	0.9121871	1.0353386	-3.155263	0.24149422	3.1903627	-0.8570164	-0.62454265	-1.209401
1.2003667	-1.426499	0.5847516	2.1285338	-2.1995816	-1.9581118	-0.9896152	0.6752496	0.32785988	-0.23034316	-1.3998338	1.4912428	-0.6081456	0.36904803	-1.2501112	0.5045444	1.6094996	-1.4339248	-0.65876144	-1.4624025
1.4534194	-2.0822778	1.7269567	1.059368	-3.1940928	-3.0371304	-1.9879699	0.93165666	1.3491836	-1.1994709	-1.594478	2.045895	0.12973562	0.1823062	-2.340476	0.868329	1.8473397	-0.6709703	-1.1079261	-2.0302362
1.8630373	-1.9497329	1.247021	0.83264834	-2.0579386	-1.4012005	-0.7736214	0.76550555	0.13170871	-1.7203709	-0.9775085	1.9327925	0.42764685	0.5021789	-1.4427484	-0.65366906	3.000032	-1.2331183	-0.13711567	-1.5363774
0.08135974	-3.9313807	2.5412264	2.472695	-5.807468	-5.3216	-3.8480158	1.6196115	1.8033946	-0.48293304	-3.2829618	3.1983156	2.0436914	0.8566887	-4.6156588	2.0475187	3.9730985	-2.30376	-2.0656807	-2.9456437
1.3988631	-1.2409276	1.7152594	0.83499724	-2.0320253	-1.0290636	-1.3907586	0.44993857	0.015036476	-1.7550519	-0.3174238	2.0876536	0.02137211	-0.21729189	-1.9809724	0.59844136	1.7722377	-0.48673046	-0.7805611	-1.7532135
0.9568215	0.032849696	0.50213486	1.4975315	-0.8658945	-0.977605	-1.2593955	1.721014	1.3759168	0.063866876	-1.1659366	1.6716719	-0.041494265	-0.34309086	-0.9187698	0.6631898	0.38623554	-1.7475497	-1.7731644	-0.63924295
0.8844516	-0.28648093	0.020014483	1.4917642	-1.9874079	-1.0449597	-1.7725164	0.6246615	0.61216176	-0.47606364	-1.3859247	2.0669947	-0.048923485	-0.4726504	-0.7036716	0.8065489	0.14321476	-0.43489397	-1.0574722	-0.94222504
1.5776945	-1.2890409	1.3530351	1.5591764	-1.5629555	-0.8663061	-0.7439267	0.8770565	-0.10508404	-0.40588227	-1.892135	1.6507049	-0.5476628	-0.07795076	-0.70437634	0.79780054	1.568263	-1.2952508	-1.2305264	-0.74900883
1.2578658	-1.3440442	1.1795952	0.20581685	-0.9193481	-1.5187504	-0.45773974	0.75224864	1.8479558	-1.0202343	-0.7742024	0.34021127	0.65423834	0.5441652	-1.6110367	0.13782656	1.8715274	-0.35311273	-1.3320057	-0.8419396
2.2623081	-2.854836	2.1095653	0.7969226	-2.1244056	-2.499466	-2.040514	2.8387203	2.505576	-0.0837133	-2.7489867	2.0969956	-0.08287762	0.75321656	-4.3626995	1.8710592	3.8612342	-3.0857806	-1.7414191	-1.8509911
0.47119555	-0.0142349955	0.9501088	0.6816235	-1.315754	0.008596579	-1.0368986	0.8300909	0.2049468	-0.8930579	-0.34698036	1.8477817	-1.0910645	-0.37817892	-1.0203451	0.0955569	-0.51840365	-1.2198416	-1.9381814	-1.2765193
0.7878303	-1.0237633	0.7037223	2.594502	-0.9239483	-2.1066475	-1.711135	0.830822	1.3330681	-0.82566077	-0.79488516	0.734597	-0.13231416	-0.06280016	-1.3209356	1.406117	0.34053996	-1.2236699	-1.9234915	-1.2574575
