0.1004017	-2.855537	2.7009995	2.9577844	-3.8803463	-3.4885783	-2.766824	1.3666933	1.4880396	-0.25999346	-2.383484	2.1724958	0.3811598	0.8734454	-2.2806275	3.0033028	2.4673884	-1.6263672	-1.1388998	-2.1836643
1.1657706	-0.62078685	2.0137537	1.6259288	-2.545844	-1.613093	-0.76126933	0.1882576	0.666355	-0.90950406	-0.6553126	1.0907671	0.04358566	0.45619944	-0.9163318	-0.33862805	1.2447698	-0.57842934	-0.77529514	-1.0383985
0.43526605	0.12154275	-1.89339	-1.8973881	-0.8824054	0.57838064	-0.14658043	0.72673446	0.4243036	-0.073662475	-1.473692	0.88735545	1.0005032	-1.1021816	0.19916373	-0.80831	-2.5063267	1.8239659	-0.19595093	-0.09792795
-0.47318792	-3.5666218	0.6075001	2.543964	-2.5257473	-3.3597891	-3.0487423	1.425854	2.0912786	0.15181147	-3.9435742	3.6386414	0.79671085	0.014147688	-2.7705157	2.0129197	1.8485093	-2.5176082	-0.27612612	-1.8892409
2.8765619	-3.1875396	3.5780556	2.066636	-3.3887644	-3.9027019	-3.0342042	0.8965938	2.5366304	-2.434274	-1.4083486	4.784138	-0.21661475	-0.4178468	-2.9147723	2.327498	3.0591671	-2.164941	-1.9581224	-2.5509071
2.294374	-2.698335	0.86622703	2.1371112	-5.120633	-3.1501384	-3.5012963	1.7200696	2.883662	-1.8381025	-3.3027318	5.3510747	-0.26720402	0.937921	-4.0216465	-0.19896904	2.580696	-3.009082	-1.4266576	-3.7956085
0.6683945	-2.9568408	1.2980893	3.5710478	-2.3988767	-3.2356772	-2.30313	1.1640403	0.6947268	-0.12638023	-1.901903	2.5850244	-0.52091974	-0.18398389	-2.134823	2.5235896	2.1282067	-1.8909929	-0.54731166	-0.6783236
0.6628994	-0.90127695	1.3393041	-0.0071510435	-1.7034826	-1.1063527	-0.6005406	0.9668549	0.4294742	-0.9760238	-1.3781552	2.0098133	-0.42369926	0.19558585	-1.8344926	1.062326	1.0957147	-0.56700087	-1.5830045	-1.0095454
1.7493358	-2.0454023	3.6161282	3.1996415	-3.3773465	-2.9813063	-1.5132459	1.3116108	0.029109335	-1.752287	-2.5581348	3.3803298	0.09659738	0.52104825	-2.0268953	0.09582408	2.8026595	-1.2736425	-1.5188038	-2.7432945
1.0048265	0.20006222	-0.69638354	-1.464042	-0.46647406	1.7000353	-0.5821906	1.1493182	1.6776463	0.036494352	-1.8436657	-0.43659422	2.398644	-1.1985667	1.3901796	-0.3707691	-3.6738014	2.2446373	0.15091005	0.37310702
1.1092435	-2.7663498	1.0145489	1.4296732	-2.7823012	-3.324052	-1.5698311	0.10795162	-0.33960956	-0.614908	-2.6462266	2.9967372	-1.6631898	-0.088127196	-2.4175043	0.7632458	3.7670326	-2.5641491	-1.0856606	-0.75044024
0.39628246	-0.08531362	-1.2117602	-2.0001981	0.7321379	0.91776633	-0.020323435	1.8657285	2.1473792	-0.24191244	-3.0301456	1.1492898	0.61439365	-1.7005394	-0.27816376	1.332453	-1.7340598	-0.04248461	-2.5294275	-0.3005194
0.067458555	-0.53363365	0.2738314	0.4971837	-1.0796046	-1.0124862	-0.62144834	-0.34064928	-0.65236884	-0.5282284	-0.06991755	0.28071624	-0.05827117	0.39005193	-1.4612281	-0.3658993	2.0167096	-0.42673886	0.8701465	-1.1595109
-0.14236982	-0.60745364	1.4543762	0.8324851	-0.3546332	-1.2708603	-0.95843136	0.8437985	0.62141746	-0.32130426	-2.2225254	0.965198	-0.08496221	-0.13490318	-1.052868	1.059229	0.97016346	-1.2761002	-0.75977236	0.26651925
1.3668861	-2.4686286	4.19197	1.7331153	-3.018821	-3.4768524	-0.96719044	1.5476577	1.5990434	-2.2096424	-1.5616263	1.6236684	0.20132346	0.520856	-1.9571627	1.4157146	3.2904835	-1.1056602	-0.5837827	-1.7138784
0.2163699	-1.6452701	1.8519284	3.534364	-2.563988	-2.0985887	-1.9441453	1.2834104	0.81668144	-0.13404642	-2.3400745	2.1077669	0.40318096	0.36966896	-1.1126745	0.29996786	1.7296133	-0.767564	-0.37217292	-2.271953
-0.23581734	-2.5319948	0.02691451	3.771555	-1.7307801	-3.138395	-2.147741	0.25688475	1.0684017	-0.15948518	-2.6642365	2.4518294	-0.9861225	0.22755928	-1.42086	1.9799618	0.10390754	-2.1538687	-0.5750304	-1.837893
0.40520182	1.4555889	-0.9625573	-0.853661	0.48186973	2.3764703	-0.5756416	0.40455875	0.5397275	-0.92103827	-0.1503463	1.2354847	0.25690114	-1.8838705	0.99339944	-0.52311575	-4.494462	1.3955189	0.6925294	-0.09485431
-0.10684924	-1.6772852	1.7524488	2.036201	-2.6799061	-3.0385017	-2.0105095	0.9309559	0.6427413	0.48970255	-1.3375907	0.75569	0.3221088	0.83149004	-1.46394	0.82640094	2.8658438	-1.757233	-0.65147734	-1.2857146
0.2140398	-1.8788859	2.0240357	2.1753354	-1.6124134	-1.0498205	-0.76696146	0.5125655	1.2364774	-0.5226054	-1.0669311	1.397056	-0.7801482	0.16138549	-0.18756112	0.6923464	0.53450185	-1.0705545	0.0599237	-0.6990825
1.1102177	-1.7911485	1.3410052	2.2342706	-1.8779444	-1.0644748	-1.4211049	0.38419506	0.6659118	-0.04492455	-0.48615247	0.49065807	-0.88693017	0.35463628	-1.16478	0.96963304	1.6388888	-0.47402915	-0.87683606	-1.2651482
0.7613125	-1.537019	2.695517	1.9559616	-2.4460533	-3.5699983	-1.4110172	1.4138998	1.15501	-0.45309377	-0.47041625	0.9018173	0.93604743	0.8009571	-2.4418766	1.1209601	2.5620058	-0.43187943	-0.45591664	-1.8314186
0.60133386	-2.7661414	2.588521	3.2891278	-2.7724175	-3.2861886	-0.9459932	1.3070967	1.3249145	-0.34960392	-1.5050659	1.8113283	-1.2777392	0.85964304	-1.4378369	0.80526555	1.7981774	-1.7047817	-0.3909062	-2.1821344
-0.3948971	-1.8164407	2.7603967	1.4041619	-2.3665407	-2.3363187	-0.41974327	1.0989288	0.6102129	0.37878165	-2.2049048	0.21216233	0.26537442	1.0602694	-1.2394199	-0.06965021	2.5229208	-0.3687346	-0.57522833	-1.8811511
2.3101854	-1.0484142	0.17988956	1.2523599	-1.5987495	-1.0997584	-1.8463839	1.4169499	1.929561	-0.8914976	-0.34056568	2.1189308	-1.4440488	-1.0462171	-1.0054543	1.9609293	0.32776853	-1.1520951	-2.110413	-0.35492703
1.4441254	-2.2339299	2.7065642	2.7517462	-3.0861413	-2.7310724	-1.8351626	0.11871726	0.32953435	-1.6160738	-2.508334	3.2480116	-0.123267435	0.8428343	-1.841364	0.3660181	4.1109796	-1.7827384	-0.59623045	-1.9648209
0.46951735	0.64686614	-0.61768603	-1.5451355	-0.03834176	1.3928401	0.6826606	0.88501304	1.0372921	-0.27336347	0.3335692	0.29853097	0.58955383	-0.96221596	1.4402394	-0.38833386	-2.9869645	1.7559737	-0.06366915	0.11547686
-0.1582916	-1.9489332	1.6122626	2.5451674	-1.087851	-2.3719912	-0.6803733	1.8800077	0.5940112	0.20591496	-1.8426939	1.695178	-1.3099338	-0.21921206	-1.4045428	2.4279013	1.7684273	-1.2907794	-1.0708623	-1.1593649
1.6889204	-1.8517392	1.7539862	2.207113	-3.132899	-2.6305642	-0.6808953	1.0609545	0.6040505	0.0629071	-1.4389237	1.3860941	-0.64113235	0.84591997	-2.1089401	-1.2438436	3.4443748	-0.8763464	0.11954711	-1.7680912
-0.49468467	-1.7372334	2.8505595	1.6003475	-3.2259095	-2.158816	-2.1381903	-0.39544985	0.61138284	-0.98036736	-2.3891077	2.0752218	1.1715039	0.4012138	-0.37820962	0.20401171	0.88927454	-0.31125554	-0.22784138	-1.7250394
1.0974315	-2.9648263	2.167236	2.2208369	-3.1226208	-2.8371649	-1.768584	1.3054043	0.85607105	0.07409371	-2.0052006	2.3757052	-0.90200084	0.12368091	-1.8785943	2.3703933	3.5849636	-2.424534	-1.6361347	-1.0073824
0.9322753	0.96452725	-0.4975344	-0.24943133	-1.0693772	1.0168843	-0.84990716	0.94974804	1.3754493	-0.8268208	-0.8699036	1.9102916	0.51053506	-0.5757081	1.1290709	-0.097768165	-2.3957908	0.80487	-0.539121	-0.72181106
0.7716585	-0.9405508	-0.8566023	-1.8860061	-0.47855908	0.9170082	0.32418078	0.4311214	1.4164566	0.7254809	-2.1892853	0.11290489	0.66452444	-1.0526512	0.38263074	-1.2064806	-1.9431572	0.84066594	-0.16792199	0.6117101
2.0785398	-1.7573992	4.0980577	1.6085038	-2.460347	-2.3308265	-0.7637542	0.76549387	0.615824	-1.692175	-1.6719381	3.1671216	-1.645326	0.27869445	-1.3319436	0.39477244	2.7649696	-1.6967846	-0.71492285	-2.097753
2.6701372	-1.882523	1.278551	1.651751	-2.6527019	-1.0396795	-1.4695802	1.1048814	1.0867711	-1.2102228	-1.4856031	2.4022353	0.022802746	0.15044959	-0.98519397	0.1710301	1.6953332	-0.17520137	-0.14820404	-1.8323135
1.2314487	-1.88143	0.4752381	1.4346147	-1.7949144	-0.5748811	-1.7185217	0.5314149	0.1256403	-0.59386486	-1.6251675	2.3590164	0.18255883	0.42872414	-2.375345	-0.03814618	2.4773557	-1.2740752	0.00930086	-0.9122691
1.3429186	-2.2599878	2.8353095	3.0826747	-4.2893643	-4.2907414	-1.8361391	0.89049494	-0.6452034	-0.9250247	-3.492696	3.5985923	0.76442623	0.049014375	-2.3782413	1.3750048	2.1467478	-0.7653596	-2.1015172	-2.441418
3.709758	-0.9083062	2.6764562	2.8915508	-4.6338987	-3.4565675	-2.5018027	-1.3579366	-0.30465034	-5.3458114	-1.0406958	6.406707	-0.8790898	-0.2764881	-2.946841	-0.37394303	2.848365	-1.7429038	-1.5263711	-3.3433807
0.52522385	-1.621731	2.1081362	2.217523	-3.6932986	-3.2908697	-2.7444668	0.33355856	1.339824	-0.16707256	-0.28448915	1.6063972	-0.18323041	-0.15398441	-1.9178338	1.1954148	2.9653385	-0.76254857	-0.54450214	-1.4910562
0.6205796	-2.6665294	2.399966	1.5113465	-3.5097346	-1.9949232	-2.2822955	0.9719822	1.9751241	-1.5335147	-3.135136	3.000215	-0.81108516	0.84712225	-3.3941562	0.94158393	2.693437	-2.157002	-1.6981009	-2.4084566
1.628587	-1.4176141	1.9722458	0.41035035	-3.1804943	0.3151276	-0.643503	0.20583312	0.17667665	-1.3994136	-2.1904402	2.8412254	-0.5211586	0.26376295	-1.3271695	-1.1369016	2.619647	0.09082137	-0.1105803	-0.9399415
1.0904908	-2.292882	1.8973811	0.77357584	-2.8159242	-2.3540657	-1.9531103	0.60235435	1.0539575	-0.9417257	-1.2551627	1.5276066	0.18841861	0.36371183	-2.9623647	0.5991408	3.1932573	-1.1464037	-0.71827805	-1.9657013
1.1417166	-2.2025573	1.4027987	1.2475446	-3.7957525	-2.716546	-2.3290603	1.4729433	2.2991934	-0.05064006	-1.9633847	1.8353711	0.46674782	0.42361838	-2.688903	1.4658811	3.0590794	-1.2487725	-1.5915357	-1.7556586
2.711161	-5.5302944	6.831475	5.8088875	-6.8566585	-8.086217	-2.010796	1.612093	0.52843577	-1.5097219	-5.497139	5.7107077	-2.0702622	0.88323873	-4.3331504	2.1956298	7.1224656	-2.961219	-3.825777	-3.806027
0.6935223	-2.025453	2.010596	1.047355	-2.1900685	-1.8958809	-0.30582497	1.0357106	1.2048291	-0.34330884	-0.91499406	0.7947666	-0.27229804	0.9529069	-1.5773925	0.22858037	2.1970475	-1.3987277	-0.24420996	-1.454391
0.4335285	-2.544663	2.3143284	2.7802086	-3.4736845	-1.8799579	-2.0640564	1.5353887	0.76995295	-0.02121365	-2.7597048	2.791857	-0.47513294	0.01867182	-1.4404005	1.0097039	2.6160047	-1.2362232	-0.76198226	-1.2282048
0.3605453	-3.021957	2.624584	1.9648019	-4.0226216	-3.994314	-1.6168462	1.1837558	0.7632518	1.0140977	-1.762618	0.25936595	-0.09219827	0.86693364	-2.7081647	1.6076664	1.4730648	-1.0359392	-1.1141827	-1.8142506
1.3404276	-5.616966	4.981206	5.1334434	-7.393025	-5.053842	-3.6485584	2.149438	1.1650677	0.5712745	-4.469609	4.1095915	0.33215672	1.0524275	-3.7619317	1.7581038	6.4050784	-2.8582904	-1.7316316	-2.9128485
3.033087	-3.233756	2.8463573	3.4486713	-4.481445	-5.351103	-2.398955	-0.5762892	0.30055907	-2.926657	-1.2928171	5.3054624	-2.5462766	-0.3309085	-3.848349	1.433066	4.947733	-3.127295	-3.3637745	-2.2661426
0.97752845	-1.787068	2.409962	1.0133084	-1.5130253	-1.3995622	-0.5612964	0.4339309	0.40324312	-2.1252353	-1.5093236	1.1820475	-0.4961411	0.859845	-1.5934383	0.10938047	2.2196188	-1.1580104	-0.050414275	-1.3699641
2.014868	-5.2443724	4.319179	3.7774758	-5.7284636	-6.834665	-3.75124	0.6408457	1.3850573	-2.1702394	-3.922277	6.1932373	-1.128237	0.527487	-4.54094	3.2876673	3.7447221	-4.122601	-2.358505	-2.9091752
1.0477984	-2.4163826	1.8932358	1.5730804	-4.1505494	-2.8413856	-1.8321092	1.6548909	2.3786561	0.78637505	-1.5948837	-0.53290683	1.0292581	0.9456154	-2.4472697	0.17826882	3.1772697	-0.5631904	-1.4254959	-1.7874627
-0.2557042	-1.363039	-1.2484426	-1.4732958	0.33938465	1.6944221	-0.15088417	1.1747662	1.8003409	0.25818035	-2.1537633	1.1530738	0.65775347	-1.3714541	0.7420283	1.1010004	-2.8762076	1.2084877	-0.59209836	-0.2741387
2.9948733	-3.1748009	4.2034054	1.7712368	-6.1344104	-3.3914394	-3.7064922	1.8190944	3.2819548	-1.2807313	-3.994742	3.93918	-0.0896154	0.9811011	-4.9898944	0.63510454	3.9360218	-2.0803466	-3.1274314	-3.5081744
2.6171858	-3.358323	2.6389797	0.47039226	-4.4934163	-1.7091587	-1.7309359	2.1210897	3.0275192	-0.61221105	-2.889067	2.979056	-0.5195636	0.94046396	-3.5021381	-0.5471812	3.344464	-1.681751	-1.1082968	-2.364425
0.32147014	-0.3838011	1.5607579	1.5593789	-0.61114043	-2.037214	-0.6618171	0.2099539	-1.1816251	-1.2176836	-0.9110554	2.122014	-0.37362728	0.19158523	-0.35644487	0.88142455	1.3202153	-1.0927955	-1.1821198	-1.2915633
2.8743746	-1.3655432	2.5947597	0.84021074	-2.7238948	-2.0909789	-1.4771386	0.64204895	1.0056299	-2.5564568	-1.1559206	2.840323	-0.40001163	0.3262702	-2.1365907	-0.4194619	3.0526083	-1.5085065	-1.3658277	-2.5559297
0.4687859	-3.5190182	3.0593414	3.2900043	-4.604419	-3.3009443	-2.2319324	2.2213614	0.9068456	0.6081981	-2.148588	2.406222	-0.8445693	0.9894009	-3.6240506	2.032422	4.1188126	-3.0135696	-1.1095567	-2.0296714
0.96718675	-3.8018785	3.5351772	2.2495434	-5.064945	-4.796456	-2.9566963	1.2814636	2.3104768	-0.7711006	-2.5596526	3.8510928	-0.80736303	-0.013451799	-4.6327844	2.6065187	3.79977	-1.9876609	-2.267593	-1.7889662
1.2356757	-2.3567088	3.5375419	3.8891592	-3.9586751	-3.4702756	-1.6860718	1.4138392	0.954253	-0.2708654	-1.9889376	2.8099918	-0.72374105	0.48270708	-1.1204876	0.6401804	2.7443094	-0.8077332	-0.8194038	-2.6526053
-0.30287632	-1.9890265	2.3844466	1.2883404	-2.0049217	-1.3402872	-0.31179923	-0.7990469	-0.20279592	-1.563702	-1.1362551	1.4934827	-0.69142354	0.21311587	0.29874128	-0.019788673	-0.2519463	-0.5525328	-0.21749376	-1.7092128
0.56977785	-2.4318573	1.2460383	3.1036222	-0.89222616	-2.132929	-0.8500841	0.17282853	-0.07298373	-1.1247325	-1.4314364	3.1654828	-2.6827755	-0.4552719	-1.4934404	2.6748104	1.1362385	-2.000646	-1.1963147	0.037399244
0.39067382	-1.2502216	3.1721826	0.8145258	-1.4356223	-1.2065787	-0.5167397	0.29756698	0.21701148	-1.5561501	-0.49474248	1.514829	-0.6577222	-0.014135483	-0.27198553	0.6789241	-0.561838	-0.4994754	-0.31414163	-0.95399207
0.92533296	-2.8086958	1.5756096	1.9476087	-2.1379926	-4.144015	-2.4409366	1.5611275	2.7566493	-0.01606671	-0.6453042	2.2584257	0.5896052	0.66201323	-3.435025	1.8605648	2.16697	-2.1649225	-0.81463355	-1.8679905
2.7195072	-3.6998882	4.620577	2.8165553	-5.988315	-4.515184	-2.7801752	1.2937094	1.5446538	-2.6520262	-5.2310634	5.285888	-0.5160856	1.0881101	-3.9097931	0.5910513	4.6157165	-1.9304715	-2.3124688	-3.3335962
1.1481215	-2.1888235	2.3099205	2.1378052	-1.436966	-3.204786	0.40596497	1.4600444	0.67011565	-0.44321594	-0.12366039	0.72145313	-1.7737483	0.30354816	-1.8341067	-0.44064233	1.6001173	-1.4935614	-0.6406306	-1.3632295
-0.14157876	-1.9771452	0.87945354	1.7564374	-2.4049358	-1.9577626	-1.2304614	0.8278343	0.6646212	0.35813326	-1.6559676	1.606651	0.29240194	0.6975908	-1.5381975	0.9900399	2.2500317	-1.362465	-0.4717397	-0.9596998
0.01992417	-1.8538711	1.9826849	0.48027393	-2.9091907	-1.9359229	-1.6533444	-0.066156015	1.4582639	-0.31892517	-0.9576864	1.078369	0.33375984	0.6327942	-1.42514	0.16168596	0.62030107	-0.59716964	-0.86002654	-0.91568816
1.143957	-3.2189934	3.4104452	2.3995395	-4.424473	-3.765165	-1.0878026	-0.1949762	-0.38429695	-1.3076286	-2.1788766	2.0234044	-1.1744004	0.5959386	-2.4269302	0.25423568	3.0163848	-0.891929	-0.88182956	-2.1484115
1.312852	-1.9267937	2.4226766	1.528453	-2.5651708	-2.444177	-1.3189265	0.7740905	0.81955767	-0.50049746	-2.0434034	1.2009461	-0.2843429	0.671376	-2.2812207	0.6456484	2.7578003	-1.3225332	-0.71476614	-1.4960045
-0.33160892	-2.407965	1.9282156	1.4509125	-2.4175794	-2.4647725	-0.8074871	0.942295	1.4791417	0.22447106	-1.8534547	1.5753187	-0.49227217	0.39625707	-1.5970387	0.82682675	2.2580955	-0.97954524	-1.594742	-1.7359599
1.4282192	-2.2497234	1.5853662	0.12454736	-2.5639784	-1.8335466	-0.6585112	0.38951373	0.8089621	-1.8059309	-0.6909222	3.262597	0.024140213	0.3491883	-1.4121883	0.40779638	1.4015181	-0.3384325	-0.10574	-1.8453143
0.36891073	-2.9274812	2.1337829	2.0950186	-2.7841516	-3.0388653	-1.3283051	0.80514145	0.64112437	-0.7109979	-2.2961392	2.7126172	-1.4146669	0.59394354	-3.5840425	1.5780258	3.803689	-2.8029726	-1.0675371	-0.83783805
1.3602166	-1.5622648	1.6945812	1.0288594	-2.8264084	-0.67875355	-1.9309218	1.2398113	1.5612935	-0.6401251	-1.5803876	1.6237494	0.5954228	0.10492393	-1.1198978	-0.325971	1.6933454	-0.2098142	-0.22217536	-1.9102036
4.4315214	-4.8468823	7.1908007	4.151535	-7.3294187	-5.5452123	-3.9657025	1.8960302	2.260401	-3.6154618	-5.3215566	5.8058157	-0.69992113	0.1750726	-5.2105665	0.58355594	6.73872	-2.8323238	-3.9889755	-4.0699825
0.7718086	-2.4477448	2.3660645	1.6095108	-2.4888391	-1.2160957	-1.106248	1.7365639	1.5733988	-0.46373755	-2.2790244	2.4852424	-0.2694149	0.27964962	-1.214652	0.5172094	2.540402	-1.3526069	-0.31650475	-1.5449864
0.3356067	-1.339527	1.1155711	2.4475586	-2.301078	-2.0564167	-1.2020645	-0.2781828	-1.2143136	-0.5047887	-1.0299973	1.5894423	-0.53460985	0.54890263	-1.195685	-0.09816748	1.9103634	-0.87003815	0.11909108	-1.6937255
1.5515343	-1.5126256	2.3415616	1.0123155	-2.6509292	-2.25881	-2.0632637	0.652688	1.5275229	-0.9674883	-2.3994799	2.5990453	-0.18409179	0.42917162	-2.135883	-0.12867945	3.2914932	-1.5520713	-1.5602851	-1.6386461
0.97523165	-2.6496992	4.500998	4.6795893	-0.98629266	-5.070733	-0.0024403445	2.5921085	1.6465174	-0.2228248	-1.2029774	1.5393693	-1.1378222	0.9877707	-2.5553029	0.9669947	4.416515	-2.3942893	-0.96887153	-2.612215
1.243892	1.530192	-0.8680739	-1.4962913	-1.3671397	2.2525704	-1.3755238	0.4764677	0.5154748	-0.81102514	-1.7991658	2.0505986	-0.09038867	-2.043411	0.47587988	-1.3989309	-3.2811837	1.1629934	-1.1008536	-0.24364996
0.79661417	-1.9171646	2.6095743	1.7058673	-0.36244062	-2.6751916	-0.7450014	0.281621	0.25334287	-1.4011319	-1.2871212	3.1274714	-0.7224242	0.7536643	-2.3493507	1.2851069	2.4721668	-2.4912658	-0.44565764	-1.4036657
2.8595362	-4.814161	5.1648726	5.4490514	-5.510207	-4.4261193	-3.035342	3.0429797	2.7823608	-2.1965075	-4.877496	6.1960163	-2.480777	-0.13316858	-3.664593	2.695258	4.185724	-3.1734772	-2.2730615	-3.1703699
1.8297533	-1.9338332	0.75430113	-1.0317286	-2.2919726	-0.994923	-1.5802426	1.925998	1.2966998	0.19429375	-2.0567496	2.3555694	-0.43048418	-0.2436251	-3.576738	0.2774661	2.674467	-0.5737529	-0.4410289	-0.55516505
0.40443534	-2.2815561	1.6564074	2.90348	-2.5479593	-2.2679148	-1.718183	1.0042564	0.36473858	-0.20443232	-1.8456151	2.603635	0.32009697	0.046572596	-1.0217186	1.5415274	1.6644943	-0.871387	-0.772749	-1.443989
0.8149244	-1.7618339	0.8070588	-0.28007385	-1.9930575	0.1807189	-1.2600044	0.825621	2.533341	-1.4429365	-1.3574389	1.2517616	-1.2471342	-1.3419192	-0.8494672	0.06968835	-0.8809272	-0.32896778	-0.6905845	-0.64062047
1.668114	-2.4773152	2.26815	0.95417887	-2.6765354	-3.0384095	-1.0702834	0.2576756	0.5093844	-1.8527048	-1.6547315	2.3068597	-0.7973704	1.1506647	-3.9982855	0.26982683	3.1231468	-2.6613073	-0.9757114	-1.5921886
0.7938947	-2.2732272	0.8816924	1.8645142	-2.890931	-1.9217526	-1.7462261	-0.03890762	0.9451989	-1.4591638	-1.9609498	3.7389224	-0.5637767	0.7057438	-2.3725462	-0.3211037	1.351982	-1.757941	-0.10392768	-1.680289
-0.0062316246	-1.608701	1.1453472	1.5572691	-1.5409795	-0.055539485	-0.8812316	-0.50291425	-0.7536943	-1.0573963	-2.0950994	1.877765	-0.6518177	-0.45097882	1.1046032	0.5838627	-0.76825297	-0.58265114	0.09858511	-0.380498
2.8511844	-6.2117987	7.5584536	5.68074	-8.018096	-6.6652517	-2.8488696	2.7788017	2.5190322	-2.1181748	-4.2164493	5.266885	-1.3608415	1.7659459	-5.8815947	1.9024836	7.8793635	-4.8413534	-3.032371	-4.712446
0.56132865	-2.4412758	0.15952784	1.2883314	-2.5887513	-2.3093598	-1.170587	0.029078286	0.45868674	-0.2172551	-1.8217096	2.8527524	-1.5447221	0.15146697	-1.3438452	1.458539	0.28757498	-1.7136889	-0.31652355	-0.84334344
4.7907166	-3.9892619	4.779356	3.8221335	-6.0601234	-4.083631	-1.5630747	1.7852814	-0.049533144	-3.3372211	-4.6997805	6.044154	-1.2700157	0.98322266	-3.008182	0.10653631	5.3654647	-2.0059955	-2.5259423	-3.9694955
0.99796325	-3.9392812	3.3726437	5.056193	-3.081411	-4.186157	-0.82729656	1.9509476	0.7714228	-0.46582007	-1.9757811	1.9959145	-1.9394155	0.49695298	-1.9783123	1.2782737	3.7638035	-2.5171633	-0.8490941	-2.395887
0.9843792	-2.474571	1.5195173	1.3533167	-2.2162495	-2.3599074	-1.6233187	0.8072969	0.8192612	-0.7409263	-1.6935282	2.4328387	-0.44038394	0.6300363	-2.7916884	0.8000505	3.3042734	-2.15749	-1.391096	-1.6162176
0.24964578	-1.8209821	2.0616562	-0.5473192	-1.5829037	0.09521762	-0.60346776	0.25504386	1.2508769	-1.5013285	-1.0361598	1.265114	-0.58957547	0.1201281	-1.5018114	0.8185359	1.5801818	-1.0732404	-0.5263667	-0.95571196
0.14727852	-2.3707776	1.2276311	2.4568853	-2.5994837	-3.1291237	-1.4764214	1.3392063	0.75921404	1.1734842	-1.9600631	1.364312	-0.45436937	0.57026	-1.0411507	0.76159596	1.7024465	-1.6374657	-0.5519665	-1.2237515
0.61741424	-2.4740756	1.534403	3.1102278	-3.1228364	-3.395694	-2.2539144	1.6407894	1.3800606	0.68833995	-2.7422717	1.7859422	0.2154132	-0.14986537	-1.4409543	1.9393708	2.4224484	-1.5952686	-1.2569175	-0.9141018
0.92711544	-1.3440021	1.2035896	1.9639742	0.6895006	-2.9600506	0.56740665	-0.66782874	0.48519492	-2.2673206	1.8082538	0.12680827	-1.4133173	0.24598837	0.024499744	1.7048103	0.5361273	-2.436814	-0.58308375	-1.2886653
-0.13139209	-1.7086908	0.696843	1.391171	-2.0371397	-1.7511507	-0.7884774	1.0376996	-0.018436154	-0.16166009	-0.316228	0.49266127	0.08115374	-0.15079728	-0.6246104	0.7927776	0.47425893	-0.33042133	-0.4569597	-1.1869668
1.530596	-1.756204	1.9171746	0.8055854	-2.5015786	-1.9671923	-1.2942364	1.5175431	1.6277565	-0.7685468	-0.8853161	2.421462	0.30710888	0.4949824	-2.5066295	0.06341328	2.9714925	-0.36546335	-0.5585592	-1.9851252
0.6947719	-2.1514	3.1044276	1.445913	-1.5515437	-2.3309722	-1.0637462	1.117203	0.89111215	-1.17479	-1.0685666	2.5684059	0.38943028	0.44787768	-1.0295308	0.97164345	1.8307885	-1.2751373	0.088338315	-1.6844146
1.2535299	-2.551316	0.8098971	2.049139	-2.659596	-3.2922087	-1.8753611	0.6430338	-0.018762702	-0.20120113	-1.9748789	4.0341134	-1.2603214	-0.15408744	-2.692616	2.3256109	2.068872	-2.7299826	-2.0698612	-0.87860554
0.848569	-2.0229092	2.375565	1.1785808	-3.9652114	-1.130399	-1.7323157	1.5927556	0.57993627	-0.23681526	-2.4674668	1.8071715	0.65131795	0.7490479	-1.5311705	-0.49299255	2.387107	-0.72056264	-0.41688737	-1.7594254
0.79053235	-1.6382656	0.55524755	3.005441	-2.6501052	-3.0153434	-1.46127	1.4152756	1.0926573	-0.13749	-0.44447088	2.0250535	-0.8974656	0.37245205	-2.7798824	1.6875235	1.6097195	-1.9670044	-1.3034897	-1.4427491
1.3445026	-4.7727137	3.9248335	4.470168	-4.2366037	-6.5292983	-1.6570739	3.1759255	0.48750365	0.7894024	-2.5733664	3.863041	-1.662623	0.9612768	-4.8740067	3.1333742	6.1914973	-4.0246434	-1.3975686	-1.9897544
1.5409329	-2.800857	1.4314673	3.2524352	-3.899088	-3.1875136	-1.5022874	0.73361546	0.0052510076	-1.6581453	-2.559575	3.483842	-0.9496715	0.76709914	-2.7369914	0.062035143	5.0340242	-2.0613017	0.19825484	-2.3080726
2.0064805	-1.6693286	0.4875888	0.30941367	-1.0675107	-1.2771076	0.32400382	0.64101607	0.27836743	-1.1188673	-0.8251288	2.6757436	-0.60134995	0.37984306	-1.1466676	-0.7840082	3.0649471	-0.18525214	-0.1043693	-1.7182391
1.3913265	-2.9760492	1.6493006	3.1561341	-2.8372242	-2.68471	-0.8665371	1.2084006	1.449571	-0.29640973	-2.1963162	2.023827	-1.3462414	0.6886907	-1.4531525	0.03495174	3.6255376	-2.4043238	-0.63027036	-1.9353359
0.85469013	-2.166819	3.4834807	2.3921096	-2.606247	-2.2654657	-0.9451941	1.4372206	0.76766616	-1.9157045	-2.8955495	3.7448843	-1.3764837	-0.15199083	-0.9039958	0.4961142	2.6303315	-1.4585768	-1.0027999	-2.0523622
0.17469215	-0.8094223	1.5330596	2.4674375	-1.7579161	-2.19707	-1.2262555	0.841694	0.8489694	-0.53299326	-1.5612212	1.5670344	0.27007988	0.78943115	-1.1264598	1.1036634	1.1110197	-0.84288615	-0.8648998	-1.778923
1.6471941	-1.4409811	1.0440053	2.971318	-2.256855	-1.8346276	-1.6332822	0.7767603	0.70946896	-1.3608754	-1.6002548	2.8861532	-1.8478379	0.098040275	-2.1525161	-0.055883404	1.5590252	-1.0419849	-1.4108804	-1.8381921
1.0249493	-3.4478571	2.6499932	1.3886108	-3.1830006	-2.2844443	-1.8502408	0.24437498	1.5546123	-1.8265511	-1.5048882	2.8986528	-1.7360485	0.56819147	-2.620048	1.1099285	2.4996185	-2.0354302	-0.9906654	-1.6112586
1.7395099	-1.9042803	1.3742118	0.52364874	-2.4773774	-1.3787137	-1.3281426	1.5302982	1.8562571	-1.2615497	-1.6553322	2.235485	-0.3454702	0.28510907	-2.3464081	0.74806947	2.2636228	-0.978314	-0.9590551	-2.1361625
2.6432266	-3.5923808	2.8541656	2.315638	-5.219815	-5.181366	-3.696802	1.5699782	2.0451562	-0.8978142	-2.856111	3.3652906	1.1853615	0.93782645	-4.694019	1.1921726	5.4133162	-2.0921416	-1.5403028	-3.0892332
2.3024786	-1.515072	1.5307031	0.58309394	-0.9121511	-0.7799012	-0.3423377	0.63740003	0.21514244	-2.301683	-0.037775822	2.2632954	-0.5272684	0.49501866	-1.3464546	0.44337744	2.5619278	-0.31891182	-0.30679893	-1.9385155
0.08976772	-1.8450431	0.710685	0.68953264	-1.1853395	-1.1489785	-1.0736655	-0.17217311	-0.054851636	-0.4112672	-0.5333983	1.2699642	-0.007873754	-0.23620895	0.11041324	1.4186655	-0.07677448	-0.7622269	-0.047661193	-0.35171738
1.207069	-5.4193788	3.911014	2.5744238	-4.4111915	-4.879351	-2.7582614	2.1853166	2.5795498	-0.4460641	-3.1025145	2.8018508	-0.1376673	0.9857947	-4.359599	1.8699583	6.2324963	-4.50617	-1.7330428	-2.4560432
0.7285088	-3.1875947	2.3544788	2.6156929	-4.1495094	-2.9866152	-2.570525	0.71431416	0.61085695	0.44713685	-3.7390165	3.204171	-0.2512756	0.11538676	-1.8014395	0.9531639	2.2651024	-1.460728	-0.90859026	-1.3540399
1.1842889	-2.7760944	2.2804549	1.2106527	-2.0944088	-2.875783	-1.3213637	0.6782814	1.6827215	-0.91325516	-1.463919	2.6344905	-0.92251027	-0.07630986	-1.7080169	0.6611791	1.9971776	-1.3316302	-1.6226032	-1.1121262
-0.5810501	-3.3316205	1.4164516	2.3022645	-3.4047542	-4.1255574	-2.3306127	1.0139366	1.9122111	0.3119933	-0.58522683	2.4906723	-1.2735733	-0.17572127	-2.1631515	1.3464074	0.5405914	-2.350652	0.3246781	-1.9219303
-0.4441704	-3.4149923	3.1236086	3.347475	-3.924401	-4.585641	-1.886249	1.5664352	0.47479463	0.40455395	-2.3173459	1.8668852	-0.9969075	0.7278163	-2.9678898	2.1779487	2.7448113	-2.370586	-0.3297926	-1.9016107
-0.8167177	-2.213881	0.8816099	0.98692954	-0.7525702	-3.0395286	-1.1892269	-0.054490853	0.32049328	-0.89532447	-1.4760073	1.9943727	-0.8843194	0.11244403	-2.4972215	2.7236316	2.2111292	-2.6728141	-1.6884103	-0.7152885
-0.46169645	-3.1263752	2.7510397	2.3936794	-2.6666338	-4.04376	-1.308715	1.5421398	0.71665853	0.69710714	-1.8407772	2.36876	-2.0601907	-0.19311105	-2.2613497	2.860307	1.6078387	-2.9872	-0.7972783	-0.5579863
0.13110168	-2.6897442	1.7919284	1.5739157	-1.7526517	-1.3493074	-1.4718752	0.57233196	1.0178326	-0.21248573	-1.8328438	1.2266473	0.18732506	-0.061150335	-0.746189	1.4837532	0.396277	-0.6984862	-0.16000532	-0.41577607
-0.14737366	-3.564208	3.2758493	2.3676748	-4.7463555	-3.4392958	-3.0932078	1.6047664	2.1249413	0.49609423	-3.24587	1.1929832	1.0245657	0.5234054	-2.6180212	1.64411	3.7570872	-1.6331587	-1.5902717	-1.5278344
0.45991546	-1.5037141	3.1771638	1.2333779	-1.1706811	-1.4045074	0.082864024	1.1487621	1.0308868	-0.41792405	-1.6404552	0.25052828	-0.9450694	0.57855415	-0.122190535	-0.7197465	1.2619269	-1.5336044	-0.5092356	-1.3632268
2.1987824	-4.366102	5.3118773	3.908859	-5.819819	-5.746991	-2.0559075	2.4620588	1.2565163	-1.4040068	-2.920585	3.3179276	-0.9281645	0.504291	-3.7501845	2.204959	5.472923	-3.3861349	-3.721923	-3.092498
1.3745464	0.011844616	-1.2345283	-0.037019286	0.41127917	0.7401476	0.33525097	1.7266129	2.8476987	0.041638907	-0.6980446	0.5509181	-0.72373134	-1.1643406	0.23995534	-0.8024103	-1.9381022	1.1111132	-0.1475534	-0.97349733
0.48531574	-2.4565942	3.3632925	2.377549	-2.3649254	-2.8100293	-0.47940868	2.476648	1.810017	-0.029182894	-2.7313192	0.5532444	-0.49903443	0.45893273	-1.8379048	0.7354003	3.8390384	-1.4682684	-2.008449	-1.6050699
0.9632774	-0.6548082	1.9488356	0.90574276	-2.4369946	-2.1851866	-0.773127	0.116073236	0.33227134	-0.94488084	-0.5130959	1.8961433	-0.03412582	0.5259512	-0.88774604	-0.30456054	2.0605698	-0.7700767	-0.09137344	-1.3881911
0.72843415	-2.6932206	3.3755546	3.7876706	-1.9397945	-3.4540057	-0.78087914	0.9671235	1.5137339	-0.8977507	-1.8812253	1.31898	-0.9936873	0.4900496	-1.0527384	0.66328233	1.8556283	-1.5698847	-0.5405503	-2.3457482
0.27821663	-1.309296	2.426715	0.4123545	-2.0908263	-1.314446	0.39399523	0.47590074	0.12525235	-0.8374827	-1.3421689	0.09531898	0.3400265	0.47420606	-0.30171922	0.42583498	0.7024293	-0.59731567	-0.9146749	-0.8083348
0.33400923	-2.545213	2.104784	2.8137295	-1.7749933	-2.5568364	-1.1482303	0.6815989	0.15864392	0.76043403	-1.587583	1.840896	-1.6242862	-0.0033516872	-0.7044882	1.3287879	2.856518	-2.2662618	-0.40781888	-0.50671595
1.5194815	-4.0224376	3.7411711	2.4086866	-4.825666	-4.5885944	-2.6564739	2.4391885	2.5793526	0.82580036	-3.544959	1.7571415	1.031913	1.0284021	-4.221061	1.202707	5.7043543	-1.8459502	-1.6594253	-2.4293764
2.6027517	-1.8965889	1.7337141	-0.34940138	-2.8877542	-1.06019	-0.38624147	0.1059075	1.3158996	-1.6496898	-1.0757092	2.4047554	-0.23050278	0.6875221	-1.8067293	-0.7384934	1.5664791	-0.4235495	-0.5005016	-1.6729237
2.7380507	-0.88630337	2.1651986	0.55815655	-0.5431387	-1.4094107	0.8632816	-0.006652659	-0.83153266	-2.5488741	-0.75163174	2.6008017	-0.55603385	0.71378666	-1.0500017	-0.4298707	2.6725395	-0.2264015	-0.2834892	-2.09197
0.96132565	-0.6161436	0.6582197	0.40985286	-1.244088	0.06724693	-1.232792	1.5977744	0.7302094	-0.4507344	-1.7198328	1.7524142	-0.90060645	-0.87292576	-1.4333009	1.2946814	0.12164027	-0.7938429	-1.9556696	-0.6279918
1.1974427	-2.7487648	1.2176092	1.8436167	-2.9369934	-1.3662204	-2.0781384	1.0055878	0.704531	-2.3188956	-3.725737	4.6501336	-1.9185606	-1.0403188	-0.89804983	0.44444978	0.7470058	-1.628329	-0.79934645	-1.9851279
1.4704251	-6.2050643	3.4490929	5.042735	-7.374478	-5.9615088	-4.8638277	0.96450883	1.7814344	-1.2469943	-5.4554286	6.3823633	-0.17702183	0.3553838	-4.202929	2.060324	6.588102	-3.9401495	-3.0277572	-3.5884688
0.7042624	-3.8387604	1.9390036	3.2466283	-3.3427358	-3.0405533	-2.0970483	2.1636071	0.8209535	0.25780827	-2.0848746	3.0006595	-1.6894363	-0.17867723	-2.8915772	2.8947902	2.9835434	-2.727735	-1.8155823	-1.3639245
-0.7843221	-3.0093703	1.2887745	3.277942	-1.8221061	-3.876219	-1.4243679	-0.18740068	0.1862131	-0.6196349	-0.98586714	2.6950514	-0.5070323	0.8747457	-2.4155722	2.6080294	1.7351849	-1.829889	-0.138066	-1.6332583
0.6833281	-1.3195903	0.9973438	3.1717737	-1.6658189	-2.599445	-1.8978741	0.7749551	0.076886706	-0.19962849	-2.4967697	2.6670215	-0.32744542	0.17310843	-1.6066306	1.8034495	1.0961642	-2.0811427	-1.1267579	-0.82380146
0.7862033	-1.4660636	1.7242924	0.02702433	-3.542422	-1.055693	-1.7145796	-0.12044247	1.4812855	-0.4872271	-1.7191132	0.3173852	1.6037713	1.3533238	-2.0540855	-0.13466427	1.4101747	-0.55562097	-0.92064	-1.3222433
-0.06315778	-1.1672653	1.9548663	0.22453335	-1.8596808	-1.7162054	-1.5776134	0.8517178	1.0006169	-0.011656324	-0.3707894	1.86154	0.034915872	-0.27055213	-2.5534425	1.2334127	1.759948	-0.6736784	-0.89407176	-0.5936212
2.8213692	-1.8275396	2.2318802	0.8886148	-4.569384	-2.3412483	-2.2585135	0.48936075	1.3282417	-2.034364	-2.0839489	3.221404	-0.80396205	0.09809528	-3.492692	0.09109638	2.8102012	-1.4508764	-1.7084663	-2.1774106
2.004855	0.6397761	-1.1365178	-1.6275653	-2.718362	2.715082	-0.57929176	1.0697774	2.14884	-2.6122625	-2.4166088	4.5600777	-2.4833875	-2.0973186	0.3224842	-0.6587553	-3.113081	0.5642915	-2.5109289	-1.5452322
0.83300024	-2.718733	1.5144131	2.470038	-2.5244415	-2.4544022	-1.2310516	0.76242256	0.5475465	0.015956793	-1.7978082	2.1617012	-1.577792	0.045481384	-1.6013669	1.2138387	1.2547183	-2.1251638	-0.4766315	-1.156837
2.8481216	-2.423045	4.1012354	2.4740322	-2.0407162	-3.1015935	-0.20638414	1.4231731	0.23320496	-2.2659023	-2.223102	2.4036362	-0.9080173	1.0694108	-2.6022913	0.086282946	5.0786643	-1.4875491	-0.61614174	-2.3318138
0.21165282	-2.377934	1.5461963	1.5577286	-2.4002006	-1.5507177	-1.6122032	1.205967	2.629979	0.78037244	-2.216938	0.7549259	0.30861408	0.22770193	-1.5436046	0.20571244	1.177669	-0.92557234	-0.8650683	-0.9292537
0.45440504	-2.343663	1.5433908	1.6378092	-2.2404673	-2.4804814	-1.3943111	0.6036465	1.1502119	-0.35418558	-1.4222699	1.2375438	-0.49332774	0.34109858	-1.8434671	1.6887361	1.218228	-1.4686536	-0.20199355	-1.3517935
0.4439261	-1.6838015	1.3554295	1.0404669	-3.568048	-1.145676	-1.6448935	0.644129	2.1224008	-0.41217136	-1.5067376	2.0968194	0.16808031	0.37336847	-1.3343303	-0.12609376	2.1302478	-0.19764261	-0.9235949	-1.8137578
0.78766614	-3.158887	2.2195103	1.8803015	-3.7375824	-2.683062	-2.3952618	0.9694876	1.7752278	-0.2721499	-1.8656412	1.9145603	-0.36384603	0.4049879	-2.4296942	1.6951702	1.734168	-1.6468546	-1.3219432	-1.493369
0.27605405	-2.912372	2.5966258	4.2935867	-3.8506806	-4.132914	-2.4712894	2.1041498	1.1934865	1.2603202	-1.9513056	1.7465566	0.1422303	0.8379377	-2.9392114	1.592358	2.7775433	-1.584244	-0.7276611	-2.389353
1.3433311	-0.10743854	-0.2606858	0.65047103	-0.84289455	0.7594119	-0.664964	-0.5861576	0.8197566	-1.7383182	-1.1524765	2.357296	0.23256335	-0.276929	-0.50937176	-0.398536	-0.70847994	0.61845934	0.013297062	-1.053997
0.0599926	-1.9408015	1.9755765	2.3304217	-2.503893	-1.6397675	-1.0571803	0.7127629	1.4427764	-0.68308145	-1.6972907	1.4720181	-0.9615766	0.33491617	-0.8878571	0.43322438	0.34472615	-1.3834081	-1.2906111	-1.9554291
1.615233	-2.5420818	1.350758	2.104349	-2.6451244	-1.8984026	-1.6034063	2.2273023	1.6158183	-0.38306668	-1.9344653	2.4582644	-1.289739	-0.25572646	-2.301015	1.1467837	1.6696181	-1.458246	-0.96554345	-1.2359655
0.5089041	-1.6851594	2.3350465	1.4487772	-1.6301507	-1.3675345	-0.7401231	0.82126963	0.6729684	-0.42526084	-2.1857762	1.325853	-0.46207607	0.1984969	-0.7739577	0.111950815	1.8755097	-1.297041	-0.77336156	-0.85655427
2.6933794	-1.442195	1.9095856	1.4233733	-2.5732927	-2.2121804	-0.07946716	1.0319247	0.20813927	-1.4641484	-2.7717881	3.2007067	-0.90669024	0.13480397	-1.4800979	-0.42774427	2.2572968	-0.25623322	-1.5170923	-2.0821197
1.6226003	-5.341309	3.559481	5.7015233	-5.2207236	-5.3129325	-4.737472	2.718757	2.4731042	-0.799148	-6.336869	5.8798246	-1.2273386	0.16251116	-4.247603	4.3196115	5.5864697	-4.7702074	-3.4136474	-2.1381812
1.0669287	-2.2346416	2.6209602	2.1299279	-2.071681	-0.87746376	-0.38209766	1.3659303	0.38286725	-0.064267345	-1.9959635	2.1873553	-1.0863926	0.2745809	-1.1061875	1.1657751	2.6547298	-1.836161	-0.8997112	-0.52548456
0.118358456	-1.7764565	1.0858424	-0.028806498	-0.46067303	-0.5276088	-0.19389924	1.6839652	1.8038094	0.44670874	-1.8312589	-0.44670305	-0.1613319	-0.53083456	0.11914613	1.6161239	-1.8034114	0.21145964	-0.1099669	-0.51447326
0.68075186	-5.68591	4.1253557	4.836384	-5.042408	-5.816827	-3.7121825	2.2660477	3.5667176	-0.94723845	-3.714079	3.8819127	-0.7295178	0.90987283	-4.8010383	3.1026716	3.8841531	-2.665323	-1.7518092	-3.352785
0.42358926	-2.7822607	1.7067591	2.7619438	-2.680071	-3.911976	-2.1094685	1.7093537	2.589453	-0.19808128	-1.5279766	2.855623	-1.4474478	0.1069058	-1.9743406	2.4235895	1.6573977	-2.331252	-1.2566987	-2.1240096
-0.056694277	-3.3044088	3.0847602	3.3765378	-4.759973	-4.875607	-2.7042952	1.4313937	1.9193449	0.9278301	-1.1440095	0.65036595	0.20700622	1.0646815	-3.2790766	1.8045541	3.094068	-1.7355632	-1.1341916	-1.8670217
0.5954271	-2.9469543	1.3636677	2.4877114	-2.619421	-3.7561758	-2.3542957	1.155258	1.9213771	0.8038189	-0.954184	1.2301997	0.32175946	0.60392815	-2.637282	1.6015135	2.759088	-1.4509348	-0.44597876	-1.79695
2.1358876	-2.63012	2.363885	1.8554666	-2.7461052	-1.6847239	-0.8749261	1.2219142	1.0414281	-0.79637355	-2.567126	2.1156697	-0.232656	0.8371026	-1.8393824	0.14560214	2.3174684	-1.1555623	-0.82775337	-1.5993736
2.01488	-1.3196558	1.9449092	2.5407858	-2.6143196	-2.1683056	-1.0476598	0.5569865	0.01878861	-2.5633807	-0.8282116	2.844664	0.6304223	0.8144418	-2.2050774	-0.017437417	3.1623645	-0.8554221	-0.7539316	-2.7461002
1.1842564	-1.7634726	0.8999297	0.036347944	-3.027243	-0.814705	-1.4445561	0.36084068	1.0237873	-1.1857259	-0.7334023	1.8435576	1.1748419	0.46190313	-1.8307903	0.06496667	2.3726346	-0.2790768	-0.28941077	-1.5507681
0.52422863	-3.3542135	3.496991	3.1636941	-4.0950217	-4.187992	-2.0948875	0.6091697	1.0194776	0.40944284	-1.2198911	0.71514577	-0.66434664	0.78918713	-1.7907072	0.99354374	2.5320718	-1.5369464	-1.1261837	-1.6240077
0.08167909	-1.7883006	2.0813901	0.41498506	-2.2113125	-1.8127645	-1.3996043	-0.5687916	0.9049893	-0.8766047	-0.81188476	0.4516029	0.28455585	0.38807124	-1.6990623	-0.18709801	1.2346824	-0.2753213	-0.15480259	-1.3795253
0.13138811	-2.0137997	1.0231918	1.8815622	-1.8201689	-2.1774855	-0.7813518	0.7433933	0.4667949	-0.51832956	-1.2421563	2.2942958	-1.7950132	0.16198726	-2.0196278	1.6508526	1.2090595	-2.2876856	-0.83711874	-0.7226183
-0.06628328	-1.7575744	0.53870016	1.716404	-1.0176553	-1.072767	-1.5035052	0.40412337	1.2599754	-0.30788755	-1.4183981	0.8715768	-0.67982227	-0.1076945	-1.3582032	2.1875522	-0.42574558	-1.0542095	-0.62236476	-0.36808613
1.63294	-1.4605966	1.0212053	-0.35258713	-2.0943468	-1.7054898	-1.7274314	0.4402113	0.77821267	-1.5470722	0.1754589	2.6504302	-0.13991977	0.12396195	-1.9587299	0.55829173	2.0438602	-1.3513929	-0.86795914	-2.0583282
0.34633794	-2.9414725	2.3300056	3.3144844	-3.31467	-3.125571	-1.4417775	1.4992996	0.49569684	0.7580411	-1.9975394	1.6101741	-0.6506986	0.59936655	-1.7193321	1.2568271	3.048751	-2.2764258	-0.76771265	-1.5782942
2.8100743	-1.3985848	1.2758752	1.5906105	-2.6656528	-1.9671776	-1.0088605	0.41282564	0.20094964	-2.2640452	-0.78006476	2.814584	-0.34281626	0.77700216	-2.4998298	-0.54358035	2.8213792	-0.8376525	-0.48010677	-1.7644526
2.210331	-1.3276716	1.1098675	0.2746544	-1.1958916	0.2504146	-0.5499258	0.588224	1.1049466	-1.8354005	-0.8400949	2.7027159	-0.668009	-0.015733207	-2.0913942	-0.35214505	1.4569765	-0.111404255	-0.97642285	-2.1134367
-0.7681638	-1.1657232	2.2492473	1.8899933	-1.7193229	-1.5038513	-1.0104246	0.3169468	-0.31623486	-0.28590396	-0.29126868	1.1944165	0.22969082	0.56942976	0.08528443	0.2756803	-0.0323658	-1.0050837	0.3033362	-1.2726421
2.3992093	-0.94390726	0.86519885	0.9329309	-1.5383548	-1.0821581	0.061335985	-0.7562888	0.45923176	-1.3420124	-0.31982055	1.8471473	-0.48002896	0.89051193	-1.2118629	-1.3095356	1.7833749	-0.24477641	-0.09341865	-1.7237179
-1.4158179	-2.723242	1.2822411	2.2185233	-2.9128702	-2.485746	-2.8216705	-0.90252775	0.07064093	-0.39169216	-1.6761692	2.8734298	0.62912023	-0.22522342	-0.69965917	0.112800896	-1.0805428	-0.7971236	0.7971075	-1.3329681
1.3068118	-1.9554816	0.8307769	0.38411462	-1.0974449	-0.7406071	-1.4134717	1.5207384	1.285714	-0.66728824	-1.9642218	2.077194	0.15311374	0.30115962	-2.4876657	-0.7559529	1.4688907	-0.6435456	0.72787017	-1.6648746
0.94705105	-1.5190775	0.23167762	-0.108120315	-2.3721943	-1.0143107	-1.2407203	0.4315962	2.0492272	-0.20494848	-0.96067476	1.367533	-0.045889746	0.21313345	-1.0711025	-0.3984808	0.7916223	-0.9738162	-0.08628793	-1.4306228
2.111199	-0.7666243	1.5539385	-0.6494718	-1.7450743	0.32107118	-0.110616505	-0.41310763	0.34726208	-2.6095183	-1.2147729	2.7480395	-1.5454904	0.27189013	-1.1601624	-0.81031793	1.1674119	-0.136285	-0.60015315	-1.5448623
0.79426587	-1.983335	1.0821095	1.7197185	-2.1545534	-2.5381217	-1.5767678	0.95174813	0.87193155	0.5652506	-0.7616702	0.4570193	-0.50283176	0.4486852	-1.6795664	0.8924483	2.768989	-1.4811317	-1.0748318	-0.7374386
-0.88045424	-1.7060825	0.8694906	0.43033245	-1.3467097	-1.2138093	-1.0965133	0.016641771	1.0599214	-0.21941705	-0.87087417	1.3322504	-0.8871294	-0.06951413	-1.4700646	1.5672505	-0.20242229	-1.305593	-0.41792238	-0.8180538
0.7880031	-0.911131	0.36014938	0.7216175	-1.5479279	-0.72661495	-0.7181761	0.7078507	0.39427942	-0.389083	-1.4249172	1.3898902	-0.8437165	0.22630966	-1.9680355	0.7570366	0.65699416	-0.90632397	-0.44696864	-0.70424265
3.5386188	-2.528881	1.6137487	-0.16545205	-1.8681511	-0.35076728	-1.4854822	1.3162433	2.603999	-2.0114908	-1.6172678	2.7116401	-0.28536206	-0.039320122	-2.07943	-1.0867867	1.7559422	-0.30592993	-0.19510889	-2.0598085
2.440817	-1.878621	3.2699687	2.8633654	-4.1773744	-2.643897	-1.6048523	1.2278574	0.91918564	-3.1784718	-2.2359061	4.741543	-0.4935686	0.8315699	-2.0490096	0.231223	3.08456	-1.2353667	-1.2435133	-3.0656805
1.0925549	-1.5954239	1.1145298	1.5319474	-1.8456804	-0.98274624	-0.9997077	-0.025220957	0.18658507	-0.83668613	-1.0592755	1.4400792	-0.5626392	0.033749644	-0.21897472	-0.48346338	-0.15482096	-0.06603022	0.0043475158	-0.6894188
0.6196427	-3.2125971	2.8922336	3.32972	-2.6848402	-4.352041	-1.8978627	1.5110823	1.000576	-0.011669499	-2.0077548	2.2087107	-1.5451064	0.39502946	-2.3738313	1.4952506	4.89828	-3.7532785	-0.9764244	-1.1821078
-0.14418678	-2.1960154	2.4192836	1.7437539	-2.5481436	-2.6103046	-0.66955227	1.4285512	0.45460188	0.5482177	-2.3373787	0.67675364	0.45487168	0.7528295	-1.2193599	0.084218025	2.327056	-1.1938481	-0.87060475	-1.436408
1.2377939	-2.7852728	1.9206109	-0.04267636	-2.2885504	-1.7932354	-1.1919293	0.9915813	1.1812065	-1.1561078	-1.6649702	2.1657567	-0.06808426	0.61440927	-3.0468042	0.93266046	1.0141455	-1.909519	-0.3252293	-1.3372042
0.46990475	-3.8056335	2.7238512	3.507139	-4.227672	-5.7736826	-2.6434758	0.85633445	0.89417815	0.28624615	-2.0069492	3.2686698	-0.97185946	0.5927704	-4.474391	2.6155927	3.9156835	-2.6588864	-1.4829025	-1.449227
0.41082487	-3.235223	3.2136872	3.283176	-3.6108537	-4.590799	-2.2209785	1.7371197	1.7191385	0.74754345	-1.643145	1.5728694	0.76799035	1.3485739	-3.2789612	1.6400708	2.8421538	-1.6725256	-0.97683775	-1.9494447
1.530873	-1.5835841	2.0556195	1.3794659	-1.8062129	-2.9079556	-0.2788442	0.4128567	-0.13107376	-1.4588829	-0.6782396	2.5077963	-2.0637765	-0.53588784	-1.0006447	1.7809702	1.0837263	-1.3452427	-1.3263459	-1.1309248
0.28966495	-2.222416	2.0567412	3.0070615	-2.7888036	-2.804794	-1.8755745	1.8142891	-0.07242191	0.016988145	-2.026653	2.387476	-0.1416379	0.38569933	-1.2877237	1.934455	1.6812032	-1.7084348	-0.658715	-1.2490149
2.0376172	-4.661437	3.9942186	4.622239	-6.1676803	-5.4750047	-3.0008256	2.242574	1.2938097	-1.4497668	-4.1876493	5.33076	-0.09597368	1.4413486	-4.0819745	2.0609913	5.9803286	-3.949417	-1.3467095	-4.04986
0.64175224	-2.43403	2.6596477	2.2491229	-2.7959642	-2.4832106	-0.65171087	0.9107031	1.2589484	-0.3720112	-0.94969934	1.1551473	-0.27763015	0.9313299	-1.3526249	0.5782684	1.7196035	-1.2913649	-0.5153767	-1.4445486
0.23786889	-2.0995662	1.7597347	3.4493287	-2.4038148	-3.4757922	-2.2245517	1.52101	1.7504454	-0.16208018	-1.6881803	1.4273908	-0.38873845	0.4782877	-2.406423	1.6336392	2.5458472	-1.8860137	-1.446745	-2.314475
-0.3145078	-3.6735127	2.9788175	3.9112408	-3.0927103	-4.0304885	-2.0198317	2.1391375	1.6148729	0.7146708	-2.9145622	1.4316779	0.12415875	0.43818733	-2.7359016	1.9906071	3.7296336	-2.9217525	-0.3689084	-1.2414976
1.1230431	-0.98858595	1.1945264	-0.060855277	-0.5655254	-0.3760177	-0.22447307	-0.6256252	0.2995561	-1.3205762	-0.06818291	1.2790366	-1.2456678	-0.22994052	-0.80397546	-0.30716163	-0.49850976	-0.27242884	-0.96771693	-0.77343017
0.4600828	-2.4652927	3.9958944	1.5019591	-3.42151	-2.3044667	-0.8858308	-0.02939666	0.7443229	-1.7368085	-1.9739547	1.739009	-0.18678467	0.9765917	-2.0105517	-0.22562648	2.877851	-0.77452	-0.9839499	-2.0173907
2.0083659	-1.3663256	0.8433467	0.16137771	-2.9568393	-1.2222435	-0.9716249	0.3541224	0.8483208	-0.9103251	-0.44380587	1.7718694	0.6440401	0.9600514	-1.8295093	-0.29599613	1.5737542	-0.39056924	0.15686166	-1.8424932
0.81176585	-0.45415235	0.73618835	0.7888573	-1.7712743	-0.97801274	-0.8968098	0.39970905	-0.7189271	-1.5521743	0.10064844	1.1924105	0.53793734	0.52012384	-0.5600422	-0.71064305	1.9048593	-1.2987561	0.14252374	-1.7984334
0.92879933	-2.1958401	1.0434452	-0.28632104	-0.20785846	-1.0555798	-0.5546252	1.7430817	2.523058	0.8046426	-1.6781162	0.80458915	-0.7904054	0.6288277	-2.1471896	0.061468862	1.1249427	-1.638784	-0.7869814	-1.2717385
3.1464102	-2.166463	2.8256826	2.6397073	-3.758797	-1.7854059	-2.0329154	1.4696599	0.90164524	-1.3470093	-1.8404984	3.2040663	-0.84552467	0.019423317	-2.1914935	0.16701917	3.2159915	-1.293204	-1.9303236	-2.0089908
0.6448842	-6.3287435	6.1016564	5.494868	-7.0250573	-8.447602	-3.9130113	3.0728993	2.8423474	0.84850526	-3.7982118	4.186745	-1.1515992	1.4000809	-6.081545	3.3524573	8.325724	-4.8874598	-1.9079957	-3.0848918
1.5051372	-2.3014455	0.95264125	1.3291509	-1.4534565	-0.61086786	-1.1523808	2.0671782	1.8989445	0.7706505	-2.59022	2.1438954	-0.67856807	-0.27484578	-1.128956	0.56645125	1.554249	-1.6340735	-1.3432819	-0.75081015
0.64692324	-2.9258428	1.1402825	2.9646692	-1.6244422	-2.782628	-1.5015924	-0.3705857	0.10269977	-2.0623171	-1.305681	3.1084163	-0.63219935	0.13548024	-1.022398	1.1806549	1.7282712	-0.8708124	-0.7341393	-1.9251903
0.3829337	-3.715588	3.3825495	2.0943875	-3.6147676	-4.2465024	-1.8797793	1.0825112	2.9596682	-0.8586382	-1.4187509	1.0345039	-0.49856395	0.6685675	-3.5017755	0.9950629	2.5706167	-2.8880455	-2.0232325	-2.169138
1.0926539	-2.9390092	2.904521	3.002998	-4.59741	-4.4098334	-2.6028442	1.1329498	1.4310648	-0.43570527	-3.1987898	2.838668	-0.5627194	0.79527205	-2.9200435	1.6487882	3.3829916	-1.7506155	-1.0969474	-2.170446
0.27864507	-3.4983022	2.7544374	2.7565908	-4.4911633	-3.4046235	-3.1431994	0.3906759	1.492387	-0.23469196	-1.8274124	0.8970275	0.51241153	0.73746914	-2.4885979	1.334643	2.756056	-0.98213726	-1.0671055	-1.5382537
1.7224559	-3.2820551	3.3355505	0.47784823	-5.4657297	-2.587015	-2.8274102	2.2213714	2.9407005	-0.5732044	-3.1915774	2.4488752	1.191576	1.1586297	-4.252304	0.5482534	3.8530178	-1.535448	-1.7514007	-2.9071662
1.0880601	-1.9576107	1.0969056	1.5322784	-1.381968	-1.2143582	-0.5163539	0.19030523	-0.123213686	-1.026736	-0.67650676	2.4416733	-0.702615	0.8834372	-1.6456543	0.16631204	1.6485575	-1.0723362	0.39727092	-1.434547
0.21225503	-2.490557	2.2541232	1.5707315	-2.87498	-1.9066476	-1.5705091	1.2241855	0.61473143	-0.3631645	-2.3339703	2.0649304	0.628993	0.56571585	-1.9932446	0.524494	2.381472	-1.1600587	-1.460008	-1.7805781
-0.050413497	-1.772217	1.6000108	0.097041935	-2.022152	-1.2075686	-0.34826922	-0.6249297	0.8038093	-0.57993007	-0.53444886	0.42687824	-1.0540917	0.48791605	-1.4895973	-0.016939327	0.33080465	-0.13378933	-0.46384454	-1.1325382
-0.7453531	-1.2070223	1.3686236	-0.7903694	-1.0853895	-0.6022157	-0.78536314	0.24823804	1.5836995	0.09324721	-1.7605425	0.056820143	0.22432147	-0.55745745	-0.2552613	0.7113793	-1.1338782	-0.19621184	-0.7672583	-0.29964072
0.9406275	-1.9356685	1.8568099	0.85821134	-3.015502	-1.383997	-2.6955333	1.8321176	2.0106084	0.09511448	-2.4098363	1.1049157	1.2600982	0.8912817	-2.0918036	-0.40831515	1.722156	-0.9138607	-0.24309821	-2.2081318
0.05014654	-3.5557547	2.146404	2.7171788	-4.407024	-2.6397529	-3.004624	2.0978346	1.9642129	0.12896693	-4.0780888	2.5292358	1.3990641	1.472639	-2.977198	1.097738	2.2571125	-2.3599634	-0.24070214	-1.9401399
0.7036236	-2.4116738	0.3415341	1.9679285	-1.3629956	-1.6139878	-1.1383629	-0.3851712	0.2907241	-0.8876796	-3.6810822	2.9747014	-1.3644805	0.11224033	-1.6815044	0.57140297	0.70022947	-2.5747519	-1.4835566	-0.71750396
1.1620612	-0.97542006	1.2367674	0.317814	-1.9508425	-1.1816903	-1.3234478	0.49620897	0.73938465	-0.95693386	-1.4783309	1.7231902	0.19197895	0.6223658	-0.70249075	-0.36140257	0.83562636	0.03121507	0.698242	-1.7320069
0.28103426	-2.1911228	1.950469	3.8721654	-1.244785	-1.8051958	-0.07022265	0.6745665	-0.4846927	-1.1092558	-1.2983521	1.641706	-1.6056498	0.20831798	0.0037145019	1.0828931	1.5552487	-1.7144547	0.27403644	-0.86313987
0.6191328	-2.093284	1.0602512	1.0968014	-2.6076446	-2.8375347	-1.9506247	1.1043202	0.7776289	-0.13187169	-1.7871712	2.538844	0.14628689	0.741313	-2.6020658	0.7438049	2.6932957	-1.4633968	-0.39139426	-2.067253
-0.05911751	-3.4444954	0.7584229	0.5644355	-3.430943	-1.7711996	-1.3399513	1.1259983	1.6939275	0.49404007	-3.096406	2.2325237	0.6667997	-0.42927593	-1.7595577	1.2648778	0.9612087	-0.35597584	-0.9055432	-0.84141827
0.55331016	-2.7235968	1.0525186	2.7720516	-3.4799776	-2.5522492	-1.1289068	1.1232069	0.24482638	0.39790967	-1.3606582	2.1985807	-0.6674921	0.17705905	-1.0766709	1.1977941	1.4559355	-1.3613808	-0.6173236	-1.4521859
1.8710321	-1.8390176	2.474255	1.1337541	-2.167699	-0.3516016	-0.9049286	0.62562263	0.39517507	-1.3734534	-0.97214013	2.3028252	-1.345923	0.6388317	-2.3166785	-0.98240215	2.384611	-0.9474929	0.09675725	-1.5537869
-0.24182755	-2.561521	2.0446923	2.1448817	-2.4079318	-2.8488493	-1.3353302	0.15114586	0.46752	-0.7048907	-1.1946434	2.5113351	-2.3117552	0.24327496	-2.6690407	2.1914256	2.9334824	-3.720941	-1.5055405	-0.25703183
-0.5374906	-2.6677403	0.6188286	2.0140288	-1.0978442	-1.7155064	-1.5059199	2.825761	1.6724588	0.98253334	-4.433874	4.0348754	-1.7039701	-1.2320336	-2.2965	3.7229028	1.300302	-2.5921488	-1.5659671	-0.17887479
-0.048109144	-0.75780934	0.74792355	-0.12455172	-1.7484403	-0.6055762	-0.15050626	0.22837785	0.7012946	-0.35297662	-1.2764429	1.9948518	-1.3417892	-0.28533012	-0.29235533	0.44195804	-1.047746	-0.3790266	-0.58286375	-0.30186245
3.8015807	-7.7489643	6.75894	6.1353345	-10.489492	-9.538402	-4.5018454	5.457589	3.8870478	0.37227634	-7.269664	5.6507187	0.22523391	1.8691672	-9.1608925	2.6091223	10.254487	-5.367133	-4.5201626	-5.4383426
1.787517	-1.6810141	2.095035	2.5086718	-3.4023309	-0.8122815	-2.4947176	1.5921615	1.5265565	-0.9020913	-2.672057	2.8032358	-1.0555081	-0.37585315	-1.2560035	0.94553936	-0.08588085	-1.6328956	-1.3600692	-1.7072126
1.131683	-3.801342	2.9495552	1.7382534	-4.057164	-2.1731043	-2.4537673	1.6555852	2.027583	-0.45664996	-1.9445189	2.7523856	-0.5926167	0.24076974	-2.2318385	1.4445069	2.3326378	-1.3799572	-0.25961158	-1.9734963
1.7845976	-3.2836416	1.9766151	1.1116554	-2.2496421	-3.8411922	-1.2024094	0.6745963	0.75488853	-1.409666	-1.8601022	4.089643	-0.7213384	0.40429008	-2.4091613	1.7645637	3.203589	-2.4718332	-1.4490364	-2.1272619
2.3146288	-1.6349581	2.1778135	0.65314156	-3.4662087	-1.5609169	-1.2771004	0.39193037	0.8324046	-0.7957764	-1.8406571	2.033659	-0.07431437	0.5196155	-1.9954646	-0.8073191	1.9115541	-0.5678437	-0.6835354	-1.8668153
2.4419217	-1.392694	1.8791568	1.7646459	-2.7747996	-2.3043187	-1.340145	0.4691871	1.0086199	-0.79191124	-1.689103	2.3175087	-1.1972333	-0.0838019	-1.2910569	0.45231733	2.2598963	-1.5324181	-1.7917732	-1.2575331
2.451805	-1.121639	3.162477	1.1441818	-2.6402326	-2.132711	-0.5965627	0.68484324	0.40547663	-2.631488	-1.0540295	3.153265	-1.3461839	0.3441146	-2.1441782	-0.014857386	2.3918085	-0.91067404	-1.0117438	-2.6249292
1.4242363	-2.6194732	1.3719275	0.6882312	-1.6722689	-2.1531146	-1.4149228	1.7552288	2.1185858	1.07507	-3.7768252	1.3508996	-0.47887057	0.66365004	-3.1169157	0.15211532	3.2855103	-1.8077738	-0.8867713	-1.024429
0.81294644	-1.6049134	2.0542464	1.6369963	-2.218747	-1.729567	-1.4541104	1.3793639	1.3953968	-0.6518168	-1.6909859	2.2528155	-0.8097855	0.08361489	-1.8445518	1.3572639	1.7109607	-1.8696045	-1.3752954	-0.89692074
1.7012771	-2.0230963	1.80768	1.3301569	-2.0788362	-1.9921045	-1.2488416	1.7160304	0.2521273	-1.4680004	-1.9921687	3.452545	-0.19385439	-0.107109666	-1.5832169	0.85287553	2.5525873	-1.6436285	-1.4663388	-1.6081291
0.38788477	-1.5289061	2.820937	1.9926487	-2.3456461	-1.8169988	-0.9465789	1.003682	0.12845048	-0.07563334	-1.7417297	1.3119676	-0.51560915	1.1081837	-1.8502587	0.5772898	2.7470887	-1.5470986	-0.63512194	-1.429176
0.22879009	-1.2178761	1.9104232	0.77678186	-0.74044293	-1.3489014	-0.29762477	0.13411766	0.52408624	-0.71740675	-1.1767137	1.2175922	-1.5654622	0.26002476	-1.3336086	0.83425194	0.5981299	-1.3123345	-1.1233883	-0.72392976
-0.05657179	-2.4198143	1.2933468	1.2746918	-2.707583	-2.2795117	-2.2479324	0.22901483	0.96220666	0.53156483	-1.7224253	1.7184931	-0.10622603	0.06645339	-2.6156592	1.7106794	2.2482414	-1.4278494	-1.4167706	-0.49021894
1.097878	-3.4675536	2.7443597	2.1363795	-4.5876985	-4.505391	-3.2432382	2.799102	3.4156764	0.7670974	-2.4448016	1.7695782	0.38536894	0.2301049	-4.2512207	2.284596	3.920646	-1.5003572	-2.8662744	-2.6719742
1.4983037	-2.8512886	3.2022004	2.0818965	-4.7712197	-3.5434194	-2.0928893	1.6663512	1.3783642	-0.41862017	-2.4777067	2.5853744	1.3274478	1.1475523	-2.5228145	0.728691	3.5461671	-0.24316175	-0.9577971	-2.7253997
-0.7972908	-2.2796714	1.6422052	2.4547558	-1.9857723	-1.7000253	-1.6616137	0.617995	0.54926866	0.37742895	-3.0168579	1.4364158	-0.7184359	0.1390204	-1.6319544	-0.37038362	1.4650974	-1.0158911	0.58672595	-1.4770586
1.8235657	-2.1012487	1.7254137	0.48648816	-2.4892616	-1.7247722	-1.6013131	1.0246472	1.6911491	-0.63881797	-1.5726688	0.7670808	1.6680802	1.1820947	-2.5517118	-0.7475029	3.064039	-0.25886264	-0.2444626	-2.2600424
0.23149088	-2.1484413	2.4436214	0.10343493	-1.624566	-0.65852606	-0.67646384	-0.21055095	0.5290711	-0.5717062	-1.2769886	1.300233	-0.20177338	-0.3952129	-0.26688668	0.1351127	0.63740855	-0.15506816	-0.12431441	-0.21594532
0.1429368	-2.1821394	1.5966902	1.3193165	-2.1554255	-1.5163597	-0.9108858	0.119907424	0.88746756	0.07741134	-0.9610687	0.2710857	-0.21551181	0.37262684	-0.7792383	1.0763723	1.0929329	-1.4904393	-1.0789685	-0.72010696
1.1085529	-0.78506577	-0.16848035	0.8643703	-0.3861746	-0.12613979	-0.6786257	0.7758775	1.6535138	-0.52310884	-0.8224296	0.88437456	-0.33562273	-0.44770414	-0.37506253	-0.46058372	-0.41099817	0.123432785	-0.24863856	-0.8052321
0.8319645	-0.5332086	1.0080404	2.5168397	-0.38154948	-1.6168195	-0.54466367	0.4418362	0.13117152	-1.8068335	-0.4993933	1.7724582	-0.9421427	0.3851897	-0.39101592	0.5468611	0.715124	-0.89489514	-0.4054532	-1.7951919
0.26828167	-3.8623157	0.86911964	2.2111924	-2.7528796	-3.4071982	-1.4067959	1.356675	1.6677799	1.3688045	-2.0456603	1.2389318	-0.1257344	0.2594384	-1.7945737	1.5707604	3.4105327	-2.153935	-1.6657338	-1.3716906
