1.3901664	-1.7698262	2.4567883	3.4253578	-2.1738293	-2.2510724	-0.5302114	1.4205741	0.53363436	-0.5271715	-1.4158497	2.633874	-0.14377753	0.95422715	-0.9426566	-0.5052865	2.0391428	-0.9522915	-0.6473763	-2.4524968
0.62024516	-1.6014395	1.2190355	1.9878479	-2.7280462	-2.7951734	-1.4984298	0.3379952	1.0158993	-1.7438	-1.8511213	3.8044038	0.6237856	0.88928664	-2.607582	1.9181877	1.8649056	-1.0475355	-1.4450687	-2.3712876
2.2313833	-2.1118083	1.0752598	0.86488515	-2.447613	-2.228828	-2.1198223	1.7599071	0.17660931	-0.16418116	-1.9599118	3.0707335	0.6599873	0.50577754	-2.775357	0.907312	3.2397344	-1.8333026	-2.0264688	-1.9997215
2.2893496	-2.4497771	1.7206807	1.5205529	-2.5641499	-1.9070796	-1.6210352	1.5097127	0.7600216	-1.6718737	-2.5489118	3.7872515	0.09706663	0.38391164	-3.044635	0.7818697	2.956825	-1.7399179	-2.102672	-2.3940518
1.9620757	-1.9594561	-0.022994192	2.189331	-1.1497	-1.7647694	-0.56889945	0.28139704	0.428735	-0.06303158	-0.2464284	1.6734867	-0.4313153	0.5961377	-1.6535456	-0.7502552	2.5563853	-2.2046359	-1.1826019	-1.4387058
2.3793876	-2.021691	0.75082934	1.2585989	-2.7481482	-1.2025203	-1.393839	2.212073	0.31865233	-0.2744623	-2.3940165	2.5044982	0.5853115	0.55377233	-2.6640024	1.1133579	3.047655	-1.4345775	-2.0200677	-1.3967696
0.7159488	-1.2733023	-0.38496742	1.6161865	-1.6304362	-2.8138118	-1.9906919	0.19971801	0.12606275	-0.9880775	-0.31852233	1.6369152	0.5858189	0.15372385	-2.060372	1.3142784	2.4188101	-2.4096324	-1.2131368	-1.2796879
3.615164	-2.3011894	2.8460188	2.6177614	-3.860559	-2.7041488	-1.8773146	2.3591506	0.13628459	-2.3963878	-3.8505921	5.1958165	-0.51862085	0.30828488	-4.282111	1.4470448	3.6411784	-1.4510431	-3.213577	-2.997354
2.2688622	-3.9336739	2.6489468	2.809573	-5.1799355	-4.537434	-3.1769853	1.9120393	1.2989992	-1.3001419	-2.8358555	4.7638144	0.648998	1.1401886	-4.100369	2.1898124	3.9277697	-2.0459542	-1.5190666	-3.416572
2.8640893	-2.18029	2.0924497	2.8738348	-3.9398427	-3.2709432	-1.715244	2.211459	0.085738994	-1.8630842	-2.8559363	4.937081	-1.2637628	0.14343695	-4.4522038	1.3728029	3.9685638	-2.0853162	-3.4730647	-2.7112591
2.798506	-3.4973373	2.6855192	4.5894747	-5.3055034	-5.262934	-5.0569835	3.4313498	1.3886389	-1.6543344	-5.1121516	5.345392	1.1135311	0.38940158	-4.9519777	2.8870087	5.09417	-3.963747	-4.7058816	-4.357984
1.5168438	-1.934479	1.7194542	0.8786154	-3.083665	-1.9804881	-1.6171489	1.427888	1.4506707	-0.9634042	-2.1766977	0.7733842	0.7860957	0.54644126	-2.562192	1.016209	2.1798985	-0.7389237	-1.5194502	-1.7949153
2.7510366	-3.1741211	3.65087	5.58056	-4.908299	-5.330189	-3.1456723	2.6602483	0.34810147	-2.76137	-4.653735	6.8805394	0.13600653	0.70590484	-3.9104965	3.470182	5.439562	-3.5222268	-5.3320155	-4.5056553
2.696949	-1.0333766	1.4204631	1.3086171	-3.187072	-1.5887865	-2.1550725	0.6585761	1.1899955	-1.5725701	-1.3898846	2.273866	0.77756727	0.4779126	-2.284751	-0.8113114	2.5021741	-0.6559955	-1.2457771	-2.3697839
2.2753987	-2.9029078	1.2787259	0.83735937	-3.6374576	-2.511994	-3.1222765	2.0646434	1.2074579	-0.6574706	-3.330111	4.435522	0.41126135	0.3183347	-4.0489845	1.3605678	2.6232271	-2.7818773	-2.2655702	-1.9574101
0.06156082	-2.7731216	1.038908	1.491069	-1.8268481	-0.9055223	-1.6039683	0.52642655	0.9779799	0.5983961	-2.4381533	1.457017	0.28027388	0.32573223	-1.1959397	0.052349657	1.2501191	-1.0476063	-0.22384933	-0.84320146
0.54484445	-1.1123164	2.0216897	1.5769329	-0.9915517	-2.6944916	-0.3565387	0.39510947	0.016127327	-1.7410628	-0.49189067	1.7727032	-0.82704026	0.40223	-2.8169255	1.5196583	1.9610095	-1.2934546	-2.1664195	-1.301719
2.7759647	-2.4649258	1.4731984	1.2203972	-3.9070888	-2.8181245	-2.5377333	2.1722434	1.6889113	-0.8511236	-3.4101627	3.5000415	-0.12587364	0.48086825	-4.069915	-0.19101301	4.318983	-1.2038531	-2.238358	-2.2812064
1.039312	-1.0608747	1.6841698	1.028723	-1.960714	-1.8826916	-1.6107875	0.48481277	-0.19942966	-2.0781057	-2.444565	2.9048464	0.27406082	-0.051089525	-2.3529341	1.2301403	1.972441	-1.3151406	-1.6030725	-1.5203143
1.9492017	-3.2419043	1.9243001	3.0317135	-3.1874638	-3.3523705	-1.464195	1.3101501	0.5876102	-0.82468146	-2.6552334	3.2665286	-0.4124864	0.69793427	-4.0162387	1.2414391	3.5542517	-2.5430994	-2.7027721	-1.8455958
0.64117813	-0.8761827	1.2178837	1.4598428	-1.0303128	-3.0689242	-1.6254901	0.75566924	0.24759328	-2.2217205	-0.5704007	2.580503	0.17983416	-0.29387674	-1.5846543	2.1883507	1.3658292	-0.67681444	-1.538454	-1.317262
1.9723471	-2.7717085	3.4999974	3.595709	-3.924855	-3.9015152	-2.5155602	2.0679164	0.21990894	-1.3046191	-3.5803015	3.9905972	0.38234216	0.5824402	-2.2433784	2.1704857	3.7191327	-1.4830952	-1.5628147	-2.3762739
2.0498927	-2.1728477	1.1454468	0.979014	-1.994295	-2.440729	-1.9916674	0.7117215	0.41549376	-1.5019642	-2.1553578	2.6890025	0.72070533	0.01922822	-2.3944736	0.39830858	2.123578	-0.41104317	-1.3363743	-1.9085764
3.3726609	-0.013150632	0.48068988	1.5921491	-2.2003105	-0.6661942	-1.1852212	1.253069	0.48033977	-2.0363603	-1.5258754	3.2617319	-0.22570485	0.025711354	-2.4249728	-0.50341123	2.1174095	-0.20538938	-2.3559413	-2.0279977
-0.17450133	-2.088376	2.4814634	0.6822274	-2.2505958	-2.120217	-1.0495113	0.5275664	1.3232535	0.7295059	-1.5028316	0.8591195	-0.43489605	-0.24984306	-1.6431636	0.95640653	2.165526	-0.16566621	-1.5900946	-0.87590206
0.55386347	-2.4804018	0.47691712	1.5575117	-2.4628658	-2.1514318	-2.5648787	1.0193264	0.18661788	0.53056014	-2.6023998	2.0337765	-0.11018387	-0.2813083	-2.567042	1.6283398	1.8627578	-2.2719772	-1.5178201	-0.5194657
0.08766981	-1.8837082	1.2224791	1.2926662	-2.2178733	-1.6542562	-1.6045929	-0.76360536	0.94878197	-0.175836	-0.47181758	0.18658032	0.5254728	0.4076856	-1.755195	0.08475144	1.8133901	-0.5644024	-1.4174843	-0.77191645
-0.18662098	-0.96505547	-0.79649043	0.85654455	0.108373776	-0.04645249	0.6612429	0.41205913	-0.5428662	0.4887656	-0.22750625	-0.60429	0.51424766	-0.55421096	0.29839194	-0.62941706	0.2305163	0.5393563	1.0334717	0.3511118
4.017945	-2.2962568	2.9288435	4.581127	-4.30133	-5.3818927	-2.4811893	3.1987565	0.5268672	-2.4686067	-3.7125728	5.7614393	-1.1498265	-0.10287132	-4.8524966	1.9620906	4.3751445	-2.3252108	-4.9063683	-3.9473674
2.7691576	-2.5370302	1.438087	3.2010212	-3.2686286	-2.8430064	-2.2279015	2.476163	1.4946803	-0.85340637	-3.3253388	4.0383477	0.16100529	0.35178348	-3.664873	1.2266778	3.2930062	-1.6642728	-2.800816	-2.9518518
2.1769848	-1.102193	1.7667699	1.750747	-1.600063	-2.7682934	-1.7796328	0.9010732	-0.21857746	-2.798437	-1.1456362	3.8425379	0.18918182	-0.53121746	-2.922511	1.4789041	2.953059	-1.5398717	-2.1364563	-2.0078776
1.3398535	-2.028203	2.7549458	1.6702374	-3.3398826	-3.5972793	-2.2659528	1.2646258	0.27088064	-1.5279046	-2.2227933	4.188229	0.6996331	0.13579446	-3.411721	2.087473	4.012883	-1.5207782	-2.8408651	-2.387288
1.5446684	-2.4954185	1.5775715	1.1205773	-1.4986	-2.1393175	-0.67303264	0.781862	0.8286668	0.19224812	-0.96581995	1.2332846	0.43506926	0.7443262	-2.201646	-0.16098854	2.5496395	-0.8005664	-0.49784833	-1.1871914
2.217787	-2.7001984	2.4192061	3.1273158	-4.369369	-3.0762684	-2.698391	1.9728761	0.61513484	-0.48487595	-2.0163078	2.5842764	-0.465118	0.118377276	-2.8146162	0.75338805	2.8418765	-1.7122847	-2.040254	-2.4849875
1.0200309	-2.2828832	2.703144	3.723923	-5.056499	-3.4410768	-2.7534688	2.204128	1.998305	0.19381817	-1.647312	2.6177638	0.8973132	0.3936583	-3.0585508	0.82244545	2.6838188	-0.8330594	-2.1244962	-2.7405064
2.4015818	-1.6543561	3.1326547	2.2100704	-2.8305473	-2.7641902	-2.6035235	1.3035414	1.9062428	-3.5178103	-2.1268265	3.0778108	0.37200055	0.06859291	-2.5162127	0.9539176	2.8706236	-2.0920575	-3.341489	-3.4980748
0.75091374	-1.5713379	1.2678611	1.356364	-1.3217719	-1.1220328	-0.9746507	0.7441255	0.24100628	-0.4768334	-0.68380034	1.1123667	-0.091556884	0.26101834	-2.1613297	0.93113184	1.8367805	-1.1775118	-1.2320033	-0.4835721
2.7577417	-1.2841289	1.1690788	2.473168	-2.0144956	-1.4714086	-1.7250843	1.5965178	0.58701056	-2.3551693	-2.7069058	2.9971876	0.052677706	0.26112992	-2.40123	0.8607812	2.6429174	-1.5691267	-2.3498752	-2.188853
1.4523884	-1.9242245	0.4897499	1.3170866	-2.0088384	-1.3639557	-1.6136788	1.2521057	0.33943883	-0.3063864	-1.7445569	2.077101	0.18302165	0.1531415	-2.8728426	0.4687441	0.84950763	-0.95531476	-1.4460826	-1.0700942
2.4743333	-0.7866869	1.2653854	3.756098	-2.235203	-3.3214507	-1.5032569	1.2577069	-0.788877	-1.8914475	-1.4652568	2.7379842	0.26043397	0.14277239	-1.7732251	1.4564829	3.4458284	-0.85795367	-2.2174761	-2.142742
2.6585157	-1.2507814	1.4230596	3.1856403	-1.788674	-2.0869532	-0.15088813	1.4824629	-0.36393893	-2.7171214	-1.7098142	3.3930912	-0.70879865	0.17963146	-1.4783504	0.22420293	3.9825947	-1.6597948	-2.0845463	-2.158392
0.1554507	-1.0556417	1.4377254	1.7258252	-1.1793597	-0.50780755	-0.77792984	1.248198	-0.25415245	0.03362796	-2.6100745	1.7318267	-0.79212564	-0.55194193	-1.1294831	1.2078398	0.90233505	-1.0867559	-1.2130209	-0.14650036
3.4749248	-4.51782	5.009666	2.907127	-8.55524	-5.9156127	-5.356713	3.1273308	1.5541109	-1.9366026	-5.7880607	4.76949	1.5556883	0.8593319	-6.9541125	2.985161	5.6064224	-3.470161	-5.20945	-4.566925
4.709042	-3.5883887	4.3217206	4.222343	-5.5878158	-6.3066874	-4.1428165	3.0521104	1.6336739	-3.225776	-3.2073495	5.920778	0.72364783	0.7153452	-5.88642	3.129798	6.771027	-3.017363	-4.42676	-4.9123597
1.3078332	-2.9389355	2.8252625	2.5908399	-4.2372155	-3.374673	-2.689752	1.5073961	1.4018713	-0.38101035	-3.6514745	2.9574013	0.03913142	0.6433744	-3.0114038	1.4735425	2.5210464	-2.300633	-2.9620683	-2.6574883
3.0461152	-4.8948145	2.3428662	4.3319254	-7.079637	-5.8663616	-5.6891484	3.0610015	2.4494212	-2.660762	-6.3445415	9.446705	-0.42361346	0.30066848	-7.0630994	4.7955184	3.1017725	-4.467694	-6.729558	-4.851808
1.9432032	-2.8363702	2.289285	3.1574764	-3.517917	-3.734631	-2.2431393	2.0127487	0.7525196	-0.7683176	-3.2345755	3.3484037	0.76810056	0.73075336	-3.05606	1.0813528	3.7108464	-2.3671267	-2.3808115	-2.5388117
0.67622936	-0.9826397	0.9244224	2.2151303	-0.8218004	-2.196114	-1.6532797	0.40515643	-0.20923752	-0.9984996	-2.2724648	2.6732001	-0.44746175	-0.21631382	-2.1271586	1.3153645	0.72404695	-1.9620397	-2.8493047	-0.57843405
0.07584483	-1.6745055	0.093073696	0.43298844	-1.4391736	-1.5030624	-0.75797415	0.99226594	1.5826743	-0.4249459	-1.1648257	1.7094465	0.070139445	-0.4378044	-1.4865695	0.8848713	-0.060602807	-0.5593971	-1.5139364	-1.1066933
3.150947	-3.2391958	3.6343234	4.143349	-3.9247887	-4.3156624	-3.2922316	2.7531586	0.6652245	-3.1998553	-4.1721435	6.824613	-0.8197292	-0.13625719	-4.066971	2.7844617	4.335879	-3.6044383	-3.9889166	-3.5446568
2.8692262	-1.4768642	1.7394829	2.6590052	-2.333045	-2.156096	-1.4732084	1.6292535	-0.28932044	-1.8587233	-2.2948842	3.527749	0.016125077	0.6561017	-2.2342675	0.35408795	2.7557602	-0.7394682	-1.5297966	-2.8436217
1.6645429	-1.6152333	1.1562482	1.4610767	-1.3681259	-1.8823947	-0.9528074	0.6789861	0.023144992	-1.5667657	-2.0090375	2.3774986	-0.37638316	0.014458155	-2.7615387	0.42981398	1.3970149	-1.1817918	-2.1732078	-1.6460496
2.277517	-3.0604708	3.431569	2.0390234	-4.9538875	-2.9062133	-1.970417	1.6167932	1.8992839	-1.4616541	-3.0194738	2.8581429	0.5154731	0.72841865	-2.5795858	-0.48178583	3.382115	-0.84169257	-0.9827934	-3.0042398
1.638129	-0.9171726	1.7660462	0.7749057	-0.13115467	-0.75747424	0.033833496	0.8110436	-0.5173133	-2.361155	-0.9653598	2.2813296	-0.43221167	-0.3823184	-0.36055177	1.4538269	1.8063236	-1.4084812	-2.1265652	-0.8519798
1.4252301	-1.5643542	1.4091672	1.6777487	-2.0156782	-2.0676422	-1.4670267	1.1613021	-0.05785357	-1.4508007	-1.7916657	2.2469509	-0.51682144	-0.1432455	-1.7140574	1.2594187	2.2607777	-0.5399632	-1.6627656	-1.5052109
0.68947804	-1.8279166	2.4432204	3.7270856	-2.8631868	-3.5867224	-1.6884856	1.016902	-0.0071727186	-0.7911035	-3.2091188	3.155501	-1.1550558	0.06958653	-2.9074268	1.2998601	2.4816613	-1.8360072	-2.5657287	-1.8181583
3.2237244	-1.7418875	1.123652	2.449901	-3.7206163	-2.0497482	-2.710025	2.644728	1.9420897	-1.962648	-2.8508427	4.9897885	-0.44242355	-0.4039657	-3.556489	0.38377476	3.5565274	-1.5094751	-3.210324	-3.4549513
2.2128165	-4.008789	4.517034	3.0808854	-4.7539377	-5.564843	-2.8995466	3.0357032	1.7218369	-1.7932007	-2.789934	4.355653	0.18331897	1.0459096	-5.23897	2.7543452	5.609395	-3.162087	-3.1854577	-3.6154842
1.3653761	-1.4962542	1.0137353	-0.29087767	-1.0586035	-1.0818726	-0.93499374	1.1811763	1.431861	-0.6809388	-1.2935169	1.4253879	0.36517808	-0.06098346	-1.840466	0.101288274	1.2590837	-0.25756156	-0.7975235	-1.2858884
0.68741435	-2.1158433	1.6385005	0.07844246	-1.8386075	-2.199295	-0.9926407	0.6222735	0.8352431	-1.571503	-1.5038824	2.3101623	0.019535879	-0.1687078	-1.7377827	1.0395663	1.8324062	-1.1705632	-0.91361564	-1.1258775
1.6348681	-2.0553682	1.0950252	0.5065932	-2.551482	-2.108442	-2.3556106	1.8395512	1.0348315	-0.8202609	-2.3696995	3.1608179	0.03791226	-0.15789656	-3.3751652	0.6538716	2.2517388	-1.9718719	-1.700571	-2.0318596
6.0340447	-4.5847554	4.9761763	5.3522396	-6.5990767	-6.8115296	-4.375998	3.2012324	1.189502	-4.8095245	-5.704778	8.787064	-0.32106647	0.3632308	-7.0036902	3.2904909	7.066482	-4.443681	-7.3571496	-5.9469595
0.69100624	-1.2860024	1.7543957	0.117468864	-1.4054186	-1.1840293	-0.57290524	1.1406475	0.5476922	-1.4938662	-1.0012844	2.2889874	0.44293538	0.18656087	-2.1885178	1.057847	2.2537673	-0.9172116	-1.3245897	-0.96363926
1.2756144	-1.6988219	0.4547773	0.21770628	-1.2352207	-1.0554825	-0.51057917	-0.13079119	-0.3982008	-0.92822677	-0.6980235	2.112343	-0.16384655	0.41716507	-2.116004	0.4750336	3.2233644	-0.7922843	-0.70540345	-1.1353053
2.7729523	-3.483788	3.1043303	3.5138497	-3.0122206	-3.5165515	-2.7321265	2.5842736	1.3893743	-1.0483066	-2.7531025	3.9467452	0.23116055	0.7703329	-3.3618999	2.8079524	4.3333735	-3.3845296	-2.635792	-2.4050033
2.4472766	-2.1202226	2.1038346	1.8228818	-3.9657083	-2.9124637	-2.2940555	2.1596916	-0.021018624	-1.6547391	-2.3374257	4.032723	0.76423645	0.06572203	-2.722963	1.6827691	2.7972524	-1.2705756	-2.9247901	-2.529925
0.7008801	-1.5213232	1.1178609	1.0710536	-0.9331705	-1.7378218	-1.5992558	0.111647576	0.46643016	0.020206623	-0.6320089	-0.08730679	0.37722537	0.49796897	-2.3334563	0.71702945	1.7972205	-0.8995623	-1.5374004	-0.8838415
2.0566397	-4.355975	3.8935187	4.4	-5.4925823	-5.3006496	-3.5768695	3.7205422	1.4488564	-0.088089295	-4.3969865	3.6298215	1.6556345	1.4676043	-4.8052735	3.4404354	5.23845	-3.0448942	-2.929759	-3.5410106
2.4104764	-1.4260527	1.4784365	1.9433999	-2.7413056	-1.2447106	-1.8791333	1.9076164	0.5775046	-1.7323394	-2.9223657	3.1276424	0.14609377	0.055536997	-2.4671285	0.10034871	2.5825515	-0.7778794	-2.0455396	-1.9624345
0.062360384	-1.8614744	1.881205	2.3135562	-1.5872028	-1.62938	-2.0530388	0.5008386	0.83200526	-0.8499135	-2.320933	2.0784533	0.7419419	0.0062322165	-1.6075517	0.91015804	2.6664743	-1.8272831	-1.7685126	-1.5754402
5.249494	-2.7017486	4.158907	5.3718996	-3.6046486	-4.3783603	-2.0941257	4.431503	0.83360744	-4.1502075	-5.215532	7.2896256	-0.5243928	-0.034562234	-3.229556	3.214261	4.0183215	-3.4182343	-5.2754745	-4.754414
2.8202841	-2.9023242	2.253902	3.1432307	-3.7555976	-3.910277	-2.1294937	1.1313401	0.75491774	-1.1392295	-1.4425433	3.2583098	-0.21496493	0.81325525	-3.5583496	-0.19218315	4.51367	-2.5231283	-1.9976217	-3.3302188
0.66195923	-2.9320378	0.4210801	0.49993816	-2.4123633	-2.9335885	-2.6769762	0.4045072	1.1520214	-0.51870805	-2.3628364	3.0869308	-0.12874088	0.19005546	-3.530133	1.6202501	2.3260531	-2.577813	-1.0326856	-1.0383914
1.7599237	-2.0731142	0.8812514	0.982358	-1.3039724	-0.9649135	-1.687403	1.2626328	0.9566397	-0.13294241	-2.1737223	1.9199963	0.21499333	0.31851932	-2.526746	0.43076426	1.8153149	-0.7465734	-0.07746778	-1.1656994
0.00900851	-0.8848608	-0.8911705	0.84496415	-1.3898605	-1.5974132	-0.49228507	-0.10206751	0.5115147	0.678418	0.43802747	-0.16840427	-1.0075107	-0.1974012	0.39478815	1.0815934	1.2828988	-1.069706	-0.5134902	-0.24217917
3.0442278	-3.7393982	3.3712814	4.323719	-7.059512	-5.000623	-3.8645196	3.2232473	1.0252309	-2.3853343	-4.715925	6.280813	0.6344189	0.25593516	-5.264233	1.9162595	5.2576256	-3.0876594	-4.158893	-3.9505339
0.08124483	-1.4154017	0.6816713	2.4570954	-1.1598991	-1.7387792	-1.367194	1.4001565	0.41153657	0.1382282	-1.9892336	2.1078486	-0.70279837	-0.43384582	-1.8564147	1.3860308	1.5794222	-1.7869166	-1.9650445	-0.597279
0.6050641	-1.1207623	0.4118839	2.377885	-1.3660387	-1.6174161	-0.91721094	1.1234888	-0.029351931	0.81033665	-1.398917	1.7043629	-0.2983801	0.39055315	-1.8906996	-0.27569073	1.4072305	-0.96192056	-0.8766539	-1.4910432
0.18055882	-1.6016312	1.4859997	1.8121443	-1.8636775	-1.7580394	-0.9296649	1.3143233	0.37194136	0.45721614	-1.3573036	0.5123017	0.04999209	0.14060764	-0.9007313	1.2709793	1.1647605	-0.44897908	-1.0208406	-1.0316129
1.6628493	-1.5961643	1.5172471	0.82120496	-0.76916987	-0.85224617	-0.3440965	1.701973	-0.19889471	-1.0984921	-1.806288	2.7404625	-0.7232511	-0.4660099	-1.692058	0.63054186	3.1059089	-0.9791351	-1.5485563	-1.115157
2.8061972	-2.2493505	2.3586392	1.8215412	-1.923413	-2.5659485	-1.7756752	1.1864359	-0.9192966	-3.2317824	-2.5430646	4.525053	0.08328278	-0.34626153	-2.2592423	2.8239467	2.5293148	-1.7662121	-2.5439937	-1.8010119
3.2693644	-2.876123	2.4540358	4.044974	-4.5986857	-3.2799528	-2.9056115	2.8742094	1.3953447	-1.7014033	-3.421922	5.330754	-0.029415555	0.31914482	-3.8796425	1.6062512	3.5358179	-1.8914037	-3.3856304	-3.715052
2.9662945	-1.3407217	0.17755409	1.7640597	-1.8198366	-1.9421289	-1.5827807	1.0921782	0.63792443	-2.7839947	-1.7470336	4.4956717	-0.22827008	-0.43677834	-3.2353282	0.8492758	2.6474957	-1.7834116	-3.8575745	-2.639932
3.1751888	-1.7259035	1.790323	2.886061	-0.8828423	-2.251682	-1.6688511	1.6029817	0.048158556	-1.8644825	-2.8339758	4.0226536	-1.596684	0.22773947	-2.1943436	0.8976064	2.2274883	-2.9592073	-3.2547207	-2.9032118
1.9775699	-1.9324796	1.3619894	2.062279	-3.1084073	-2.047938	-1.9370342	1.8502724	0.028375288	-0.4524362	-2.4752867	3.2639449	0.3905368	0.025852427	-1.8853834	1.171032	1.4892396	-0.9445722	-2.4241216	-1.865007
2.2530243	-2.5051253	1.528337	0.7078003	-2.9269166	-2.6823618	-2.5136702	0.80176973	-0.010326485	-3.150873	-1.8192296	4.746506	0.2890109	-0.05717781	-2.6337423	1.0819435	2.0864863	-2.0820627	-2.4558327	-2.8937693
3.5466883	-2.1127484	1.816226	2.0126913	-1.4312012	-1.6882511	-1.9000591	1.1795645	-1.217668	-2.716802	-3.2785642	4.9003196	-0.34055695	0.026124628	-2.0621557	0.831172	2.7412782	-1.6475081	-2.3724487	-2.4413745
3.3253396	-3.4940586	2.4927435	2.173678	-3.4060338	-4.11984	-2.4697032	1.7941442	0.8104456	-1.2824167	-3.133952	4.360741	-0.15538622	1.0653446	-5.966749	1.5718304	5.294906	-3.8483706	-3.858045	-3.1641107
1.2968928	-1.9968836	0.65393806	2.6194806	-3.6286285	-3.0390654	-2.5764494	1.8782631	0.7540119	-0.51369685	-1.7002939	3.5483873	0.284106	0.023057835	-4.303059	1.7233505	2.9411368	-1.8822354	-2.8626277	-2.1938264
1.6052407	-0.84802705	2.5318174	2.8232193	-3.0360143	-3.3912444	-2.8926277	1.30203	-0.21765694	-1.959536	-3.2835712	4.5904093	0.33524555	0.5714103	-4.521314	1.1361768	3.5208268	-1.7224939	-3.1550105	-2.9130888
1.642514	-2.9941368	3.0173416	2.354387	-2.3307962	-4.349415	-1.9553375	0.7079655	0.6100797	-1.6060188	-1.9967823	2.1606917	-0.64454967	0.15487087	-3.0731585	1.6627356	4.2369976	-2.4319608	-2.5098076	-1.5195683
1.034228	-1.05828	-0.14577818	0.86998916	1.0870142	-0.8162466	-0.56694865	0.86818445	-0.66035247	-0.6298855	-0.8931576	1.7303739	-0.6860221	-0.02457548	-1.5049745	0.7186612	1.5138474	-0.7645881	-0.2962376	-0.92160267
1.5846181	-2.595688	1.7000543	3.506133	-3.1500757	-3.2170918	-2.6868048	2.3990288	1.0987257	-0.28225708	-3.2694304	2.6901698	0.016113289	0.43383905	-2.7557983	1.0809078	2.832985	-1.224272	-1.7713002	-2.8468049
2.608751	-1.9648569	1.7442386	0.6780482	-2.3761044	-1.6730561	-1.0553707	1.5883188	0.9552972	-1.7205315	-2.164666	2.892574	-0.05340979	0.8610385	-2.9174502	0.3562663	2.6102579	-0.55151045	-1.6235744	-2.373222
1.6784046	-1.0543048	1.1387563	2.07415	-0.5923927	-1.4892312	-1.2696828	1.4621065	1.7024692	-1.4456329	-1.0146725	1.9025733	0.021758655	-0.0820518	-1.3092077	0.4130843	1.8799464	-1.7568582	-1.7540971	-1.8768351
2.9900124	-2.4222615	2.144198	2.4447641	-3.3647215	-2.9140985	-3.2350576	1.9279395	1.0015335	-2.4698482	-3.3840787	4.4074	0.46451756	0.0039188014	-4.130989	1.0638069	2.7773235	-2.4100716	-2.908112	-3.224411
2.044514	-1.3662802	1.9988223	1.0320168	-1.9894652	-2.0432928	-0.77675563	0.8739062	0.26288277	-1.7005547	-0.9724242	3.4337108	-1.6460962	0.07699076	-3.2084546	0.6297541	3.035914	-2.017694	-1.4303448	-1.4277493
2.5695653	-1.4033102	2.1626947	2.301959	-0.8079054	-2.911853	-1.1844455	0.69014585	-0.2816531	-3.07778	-0.86570984	3.5917213	-0.6959943	-0.05987736	-1.4717903	1.6723694	2.6103046	-1.2657778	-1.5416428	-2.2729664
2.2397823	-1.9088341	1.9678366	2.717732	-1.7731818	-2.027253	-1.483134	1.4395447	-1.227315	-2.2678392	-2.8909721	2.8794832	0.73752624	-0.414775	-2.1442716	1.1158046	3.1911662	-1.8036946	-2.6985822	-2.1645947
2.01279	-0.6816295	1.9072242	2.0983634	-0.4036231	-1.2413467	-0.48287636	0.47048593	-0.38682282	-3.0365705	-2.475743	2.9131587	-1.3414271	0.056416232	-2.7625597	0.8596827	1.7718655	-1.0775422	-2.1527374	-1.9466735
1.0928171	-2.8383768	2.419752	2.649921	-3.7855113	-4.002867	-2.7648196	-0.09599452	1.3201903	-1.6921209	-1.6170565	2.3719842	0.18166284	1.0893764	-3.225766	1.6498795	2.7445092	-2.8026052	-1.4431242	-2.2084591
2.0028036	-2.6374736	1.9352885	0.7091148	-2.0169458	-2.3937528	-1.5083548	2.0048678	1.5309303	-1.3873795	-0.18250565	2.2429366	1.1505606	0.27759096	-2.614794	1.1832317	2.5905163	-1.0580484	-1.5472859	-2.786416
0.28259096	-0.17067842	0.7800037	0.56769884	0.0735553	-2.202705	-1.8372561	0.51590556	-0.17074111	-0.67986566	-1.9108442	2.0872893	-0.74655443	-0.56022817	-2.407042	1.9793643	0.9263277	-1.4860182	-2.2520447	-0.56303465
-0.14496158	-1.8851466	0.83003986	1.3419625	-1.9395642	-2.2534258	-2.1443782	-0.4756122	0.62451667	-0.07251916	-1.369352	1.4032197	0.24768363	0.19473943	-0.8367558	0.95287806	1.0811663	-1.3127509	-0.7091998	-0.8902528
1.2604152	-2.3194249	2.7358346	2.5083215	-2.4474163	-3.854514	-2.3805373	1.8761208	0.616506	-0.9276219	-3.5559003	3.3185244	-0.16765155	0.41723564	-3.2110329	2.9942513	3.4959342	-2.8709002	-3.18802	-1.8371452
2.6717775	-3.0162923	3.1691368	3.5603065	-4.174634	-4.6094418	-2.245174	2.4793212	0.10553658	-1.201421	-3.483204	3.8648446	-0.07238605	0.03661918	-4.4594636	2.2528028	5.0745397	-1.6365331	-3.2583513	-2.7100713
0.764742	-2.5097456	0.8544491	1.7591256	-3.5046635	-3.3030038	-3.946704	1.5814971	0.836395	-0.67184037	-2.8271883	3.490956	1.0048244	-0.7788324	-2.858794	2.9693694	2.0510898	-1.8098007	-3.290762	-1.9152287
3.4364555	-2.4741051	3.1482158	3.23015	-4.0526013	-4.076739	-3.0092804	2.9379497	-0.046594784	-3.234682	-3.5628476	4.9623466	-0.24657066	-0.30312905	-3.2531085	2.602856	3.1800694	-2.4479628	-4.337651	-3.3560603
1.1148432	-2.818215	2.6005912	1.1015928	-4.3807206	-4.199325	-3.0499458	1.451219	1.1316121	0.17047653	-2.0101988	2.4678488	1.1643589	0.27946866	-4.1278076	2.6449702	4.2848444	-1.4688196	-1.9809748	-1.5433961
2.852315	-2.0484776	1.1409007	1.5972425	-2.2385519	-1.6655618	-1.5583938	1.9739891	0.2861951	-1.1146832	-1.7699598	3.1119275	-0.2418862	-0.23899892	-2.5012162	0.85191214	2.0933957	-1.0805583	-1.8476833	-1.7656875
0.4009555	-3.372222	1.5059967	0.9888863	-2.7493176	-2.7556493	-1.9497297	0.44978946	1.9139137	0.08892842	-0.76742804	1.234614	0.3170611	-0.09560876	-2.886511	1.455079	2.212427	-1.1630797	-2.144336	-1.2760686
2.6846461	-1.5859501	1.8967446	4.1544204	-3.1724503	-2.2427337	-2.5194187	2.0214548	-1.0409921	-1.9302143	-2.7722194	4.488577	0.72693914	-0.08504232	-2.1482205	1.4645795	3.43109	-1.8181915	-3.109484	-2.6264436
1.569816	-2.4897065	3.174489	3.7383225	-5.6659236	-3.9009078	-2.8925905	1.9677095	0.8378886	-1.077546	-2.6681051	2.780783	1.3516933	1.0007168	-3.5491126	0.6496429	4.2090774	-1.4301825	-2.161743	-3.3154616
6.469977	-6.400691	7.490475	9.438751	-9.996779	-8.342092	-6.8644757	6.2184854	0.7220709	-4.05895	-10.323644	11.419405	1.7403208	0.78922963	-7.895453	4.5904317	9.758147	-4.681259	-8.437722	-7.133196
1.14897	-3.7778761	1.5252358	1.5443105	-2.5672302	-2.26935	-2.3912778	1.4223714	1.5777746	-1.6048473	-3.0385873	3.774245	-0.2820582	0.4668834	-3.2449348	2.3070648	2.429868	-3.3318918	-2.5124047	-2.2537615
2.141929	-2.3249812	2.4783087	2.773919	-1.5856872	-2.5277302	-0.977466	1.7622448	0.9493993	-1.5214386	-2.109275	2.8200486	0.27843013	0.9875895	-2.6390567	0.3919044	2.9896154	-1.7945065	-2.342368	-2.7792885
2.330609	-2.9885082	2.6317964	3.1549459	-4.5999284	-3.482193	-2.6637828	3.0160956	1.0849997	-0.6606024	-3.3500805	3.9301422	0.6406261	0.041706745	-3.3652804	2.0464208	3.297078	-1.4233087	-2.82171	-2.9322636
1.9975349	-2.373207	2.343317	2.0821524	-2.8108006	-2.9812462	-2.3965437	1.6171421	1.6707491	-0.76067877	-1.0906525	2.9957426	0.7541666	0.33024618	-3.4327326	0.15003666	3.2948556	-0.96048725	-1.9987952	-3.1080225
0.27835563	-2.0339031	2.8138218	2.8116555	-0.096039176	-2.588667	-0.38816726	0.15520982	0.20257443	-2.3323767	-1.5498356	2.852193	-1.5653232	-0.006547228	-2.37713	2.9848545	3.0652733	-3.4826024	-1.4238025	-0.5119412
1.422693	-1.5795423	0.7418454	0.74230534	-2.2321823	-1.1232253	-1.3129388	0.9095855	-0.16190496	-1.3314105	-1.8615686	2.7529128	-0.14224604	-0.11099149	-1.9163074	0.11168978	2.1005013	-0.8526673	-1.3100361	-1.6928391
2.400746	-1.98129	0.4893197	2.0465155	-0.7330004	-1.721426	-0.46977493	1.4853611	0.013477393	-1.6800933	-0.88525295	2.933632	-0.10355164	-0.24040133	-0.83031297	0.5160512	1.2412069	-1.4034619	-1.4702429	-1.5333481
2.5956597	-1.550522	2.0480883	1.6768687	-1.9053081	-1.9739424	-1.9826782	2.301443	-0.3297506	-2.0100658	-2.9675097	3.809326	0.16919544	-0.28303248	-2.349449	1.0903511	3.1671343	-1.5294526	-1.8237994	-1.7023326
1.7192379	-1.5224342	1.0152588	-0.7662144	-0.7026068	-0.8606561	-0.27073348	0.77919126	0.10922174	-1.3614019	-1.1875893	2.0431345	-0.15634057	0.15283461	-2.5934966	-0.398122	2.031717	-1.5677122	-1.0190564	-1.0982313
1.360712	-2.7033646	2.0790572	4.6164875	-2.514229	-2.9440408	-1.935748	2.1539228	-0.21840066	-1.5726776	-3.1371827	4.0040536	-1.2225965	0.019125257	-2.2350364	1.69654	3.0412555	-3.1730084	-3.3709292	-2.4056478
1.3562485	-1.4991981	1.1401154	0.8160564	-3.0099347	-1.6492306	-2.0933528	1.8133986	1.0724695	-0.54766846	-2.2888544	1.2467252	0.9662132	0.5898821	-2.6107764	0.5171793	2.513885	-0.94950867	-1.757748	-1.6823196
2.1040208	-1.7471739	2.732565	3.4545534	-3.1592352	-4.034838	-2.3389924	2.1354976	-0.35806283	-2.0590978	-3.2431204	3.6781306	0.49158925	-0.07553083	-2.0411694	2.3445268	4.0965023	-2.1717691	-2.9190297	-2.1836834
1.4190255	-2.8949397	2.8583407	3.0033212	-1.501359	-2.6950216	-1.3683766	1.8221014	1.3029475	-1.1200317	-1.7272801	3.2465935	-0.8533014	-0.17023207	-1.9141755	1.620101	2.2182481	-1.4664873	-1.6376219	-1.5686153
3.3374572	-1.4644539	1.3226619	2.328004	-2.1782618	-1.4189111	-0.9469166	1.392909	1.0709971	-1.8545256	-2.47274	3.048806	-0.56656045	0.34996197	-2.8122048	-0.46398225	3.2098908	-1.1048588	-2.171033	-1.9559406
2.4081485	-0.64596903	0.9775906	1.1828665	-0.8002084	-0.72243625	-0.5163381	0.5229008	-1.0054872	-2.6160896	-2.0529447	3.2560732	-0.25761107	-0.22995614	-0.8088655	1.0217171	0.81889856	-1.0572809	-2.5296614	-1.5358962
1.4922017	-1.9519835	0.940599	1.5238022	-2.1710753	-2.6574526	-1.761448	1.2934	0.42381808	-0.004995157	-1.7292747	2.5339413	0.46219325	0.007048333	-2.9296381	1.0167556	2.312352	-1.2302485	-1.6695559	-1.428089
4.353596	-2.5266805	4.9383144	5.017207	-4.8789988	-3.42087	-3.4619384	3.3138168	-0.60573554	-4.047928	-5.168606	7.5270786	-2.0282063	-0.57956886	-4.8606634	2.916113	4.3597894	-3.2330723	-5.676786	-4.1059155
1.8885144	-2.1618598	1.5752021	0.8419498	-1.78426	-2.6590292	-0.2770593	1.295757	0.9500898	-0.5286587	-1.0108854	1.188922	0.29888275	0.7929722	-2.0823882	-0.036325924	2.9001162	-1.3600214	-1.426121	-1.7802705
3.4589713	-3.059506	3.5104623	3.506637	-3.0437427	-4.89179	-2.36555	2.2706401	-0.122616515	-2.6807396	-4.0528655	4.760671	-0.971742	-0.08298182	-4.497588	3.0875223	4.109751	-2.387637	-4.1586995	-2.3348675
2.5366807	-2.1471438	2.9214036	5.7267685	-2.4971185	-4.601619	-1.43459	2.378171	0.14115848	-2.281263	-2.1523795	4.1982613	-1.5942327	0.8204307	-3.5085773	1.2652825	3.7554746	-2.6323662	-3.212879	-3.4232104
1.4305477	-1.3936776	1.0094851	1.9072182	-0.6701578	-1.670966	-0.23694912	1.0089605	-1.0034171	-0.034443855	-1.386339	2.1942482	-0.9951388	-0.28074878	-1.6718333	0.34230268	1.4361479	0.18391688	0.6914068	-1.0323958
2.1240568	-2.0514774	2.070347	2.170792	-3.4005554	-2.7378445	-2.7661111	1.9131585	-0.05881205	-1.5256214	-4.0223923	3.85477	1.0343521	-0.001000136	-3.0021849	2.1149817	2.8010345	-1.5961789	-2.2965562	-1.9118154
2.6808581	-2.8302891	3.1896677	3.4161737	-3.532473	-3.9637365	-2.515802	3.0717282	2.1138475	-1.9461768	-2.7735424	3.5599914	-0.016504396	0.68679065	-3.655705	2.0485952	4.1023717	-3.298523	-4.1012115	-3.84433
1.1325091	-2.2679513	2.8776143	1.4882197	-2.9064026	-3.0738828	-1.5511612	1.2795256	1.0876337	-0.49024135	-1.6693563	2.0853853	-0.019389108	0.82440627	-3.2557218	0.4924296	2.5278156	-1.7747867	-0.6728602	-1.8682444
5.4278216	-1.7032404	0.63816226	3.9534025	-3.5145643	-3.2853925	-2.7798364	2.2488115	-2.5929477	-5.404269	-5.042603	9.50261	-1.6802536	-1.0309119	-4.6971087	2.198725	5.1257887	-3.2511976	-6.0448766	-3.4848213
0.95752364	-2.3905187	2.7091262	1.9298099	-3.62388	-2.5980465	-2.1526017	0.7417261	0.97646046	-1.4685849	-3.1509426	2.074203	0.8275101	1.2151089	-3.2606387	0.38585013	3.5636399	-1.7013364	-1.2309402	-2.2954197
1.0192592	-2.3807683	3.264139	2.6638267	-3.3929667	-3.326102	-1.1064909	1.4522618	0.7995503	-0.2627256	-2.1607556	1.1965814	0.09297433	0.9061933	-3.0029573	0.32299265	4.388765	-1.8656907	-2.1935656	-1.8878193
0.95825356	-1.1663399	0.94931906	1.6004769	-2.5432432	-1.6245574	-1.2635974	0.8733945	0.47678947	-0.095110714	-1.2562187	1.6797094	-0.19874868	0.008689543	-1.4376407	0.6625767	2.0809155	-0.6607043	-1.2659019	-1.1702754
3.6652462	-4.33821	3.6837432	3.1187892	-6.371312	-5.503716	-3.8554442	3.9740548	2.3891628	-1.0582212	-3.5229695	4.5678673	1.9040022	1.1430459	-5.1826067	1.441188	6.7521114	-2.8692412	-3.1887586	-4.3322678
2.7961843	-3.1476011	5.3874183	3.362966	-4.1731997	-5.2857556	-1.8919764	1.7090955	0.78935117	-2.2559187	-3.092377	3.3539946	0.89209145	0.8373691	-3.383969	1.5245436	6.3728848	-1.7542926	-2.4791913	-2.4316375
2.9031513	-2.039569	2.1057801	2.60122	-2.682255	-2.0998774	-1.9250066	2.0637145	-0.0002503604	-2.2873902	-3.1132858	3.3612492	0.3601508	-0.32468274	-2.2756846	1.6745121	3.525506	-1.5579301	-3.365185	-2.301675
3.2491539	-1.9619292	2.4038692	3.9581442	-3.944968	-2.4521868	-2.2120945	1.512033	-0.7868053	-2.447075	-3.364465	5.3362994	-0.42505437	0.08218751	-2.7719584	1.3967254	3.6597736	-2.0858831	-3.8528664	-2.8035097
2.1735842	-1.6480747	2.254439	3.0700023	-3.0128603	-3.6700897	-1.9222941	2.5334585	0.25931266	-1.166759	-1.7722138	3.3461976	0.64890397	0.33315548	-3.5300267	2.1213696	2.544533	-2.1015801	-3.5177855	-2.1450315
2.1912153	-1.2791064	1.7095935	0.80766994	-1.4457979	-0.70360625	-1.6752254	0.719985	0.111517936	-2.1283464	-1.5374703	2.6241574	-0.42614526	-0.15695857	-2.0558267	-0.15869825	2.3580093	-0.87153065	-0.84988266	-1.8538927
0.07120248	-1.3599036	2.1146393	1.1536039	-0.70769876	-2.6900718	-1.4181577	0.9449574	0.33592665	-0.6600064	-0.33118144	1.0135882	-0.034682214	-0.35362518	-1.7156378	1.7828736	2.763662	-1.2978958	-1.5481316	-0.6813061
2.3727922	-1.7768815	1.1211582	0.3125925	-2.5906556	-1.9557043	-1.686893	1.1540377	1.1160738	-1.331653	-1.0910591	2.9088664	-0.44265574	0.06299937	-2.3721316	0.25923288	2.0792913	-1.197025	-0.5997545	-1.9127164
1.2535323	-3.0052197	1.6337903	1.2483689	-2.1712368	-2.223897	-2.3953772	2.296319	2.0424607	0.72096807	-2.6432655	1.880466	0.10503401	0.3647471	-3.290199	1.4440479	3.4853153	-2.0093553	-1.1671358	-1.2631125
3.978615	-1.1606677	2.2395394	4.5070496	-2.8058016	-3.5503602	-0.69693947	1.1694363	-1.2610283	-3.2474601	-1.8382733	5.2017546	-1.4480727	0.68807614	-2.7086775	0.6226393	1.6135938	-1.6540034	-2.6807604	-3.275631
0.9171353	-1.9606212	2.0639203	0.75923127	-3.3237348	-1.7025145	-1.5870485	0.77723056	0.29774708	-1.7872915	-1.6317558	3.1449425	1.4675571	0.37698287	-1.8603374	1.4635878	2.420319	-1.6075093	-2.0115483	-1.8055854
2.1478777	-2.075503	1.7852668	1.6591164	-3.2200685	-3.3161256	-2.4232974	1.7053522	0.050700266	-0.81096107	-2.19754	4.0188565	-0.5977704	0.3589223	-3.2792346	1.8646228	3.072479	-2.0464175	-1.7794354	-2.2054
0.30897257	-2.1479537	1.9458818	3.4758635	-1.5364002	-1.9810826	-0.80437917	-0.004450142	-0.9161605	-1.4095007	-2.6692922	2.7518966	-1.4961116	0.39506522	-1.1766871	0.9729995	2.943471	-2.3463283	-1.1299914	-1.2862288
1.9353606	-1.8871605	3.1506176	4.458367	-3.3383543	-2.9950268	-1.2774467	2.231514	0.120415546	-1.5580953	-2.9452949	2.5867436	-0.37319216	0.13827932	-1.876441	0.91235137	2.7444758	-1.6923379	-3.1525526	-2.5895793
1.7992156	-2.261164	2.7654982	2.5367825	-2.6187236	-3.6526332	-2.8692293	1.124217	-0.33635393	-1.586105	-3.5908062	3.7659636	-0.11879383	0.37526503	-3.9370399	2.583078	2.4479907	-2.6203058	-3.3744044	-1.9357518
2.7343423	-3.5868585	4.267101	4.5418625	-3.2879887	-5.52305	-2.6422184	2.6570609	0.9170897	-1.3702037	-3.6351187	3.9454796	-0.48473135	0.31924134	-4.589682	2.3561678	4.4567485	-2.472091	-3.5028152	-3.120451
2.5796149	-0.9433246	1.3459644	1.1355636	-0.8907267	-1.6152332	-1.0194029	1.1401168	0.89075613	-1.3198996	-0.25016373	1.7746735	-0.5188697	-0.25420725	-2.311428	0.51114804	1.5998099	-0.7381224	-1.3136405	-1.5514759
2.7333555	-1.8288902	2.6098676	4.5228577	-3.3123837	-3.584957	-2.7580845	2.3318076	1.1632555	-1.8779314	-3.1982875	4.1526036	0.108645014	0.31708565	-2.8591876	1.6470937	3.0277581	-1.5365077	-3.3986487	-3.711618
0.60302484	-1.4752532	1.7019902	1.4948742	-2.6214828	-1.9711484	-0.99018204	1.5853101	0.62292016	0.2640523	-1.1014777	1.4252821	0.3949417	1.3517401	-2.0185952	-0.34383965	2.8180723	-1.0293869	-0.6384161	-1.6388383
1.1467094	-1.8792391	0.78032815	1.2662272	-1.3678005	-2.1657786	-1.170555	1.2891971	-0.7435533	-0.647013	-0.6464559	2.6158502	0.34094384	0.11482524	-0.89264584	1.602125	1.8224664	-1.5535476	-0.62467813	-1.3107744
1.0920002	-1.8362647	1.3889818	1.3807045	-1.3547251	-1.1467941	-1.4536173	1.0147291	0.98431253	-0.76470435	-1.5572972	2.4291413	0.16027181	0.14111327	-1.4244832	0.8087234	1.1111577	-1.3933553	-0.6472602	-1.7951312
1.6088665	-2.1766891	1.471957	0.29265442	-2.1149037	-2.560902	-1.2330744	0.87163603	1.0725998	-0.26597315	-0.6954538	0.9681883	1.3607132	0.94440174	-1.9011825	0.1103725	1.8187641	-0.7914641	-0.7982785	-2.23918
0.8413449	-1.4203475	1.5645322	2.3702793	-1.8560711	-1.9859296	-0.9411848	1.567586	0.6728071	-0.30228204	-2.139949	1.9289082	-0.60743266	0.011855562	-1.3554329	1.9228886	1.8428744	-1.461536	-2.0297067	-1.231092
0.2674886	-1.9295019	0.5160116	1.7008475	-2.2494113	-1.9309859	-2.8518176	0.5520128	0.72027975	0.45589256	-1.6725084	1.7641178	0.101909846	-0.123779826	-1.2263845	1.5507141	2.1449866	-1.6670861	-1.6837649	-1.1282562
1.3905317	-1.1846764	1.155997	0.6134245	-2.254423	-2.7927754	-1.2317744	0.46068037	0.5855244	-1.431414	-0.09064956	2.5736315	-0.3460014	-0.27146572	-2.7146516	1.2440313	0.59380305	-1.1216574	-1.243331	-1.2346418
1.4316088	-2.3011217	2.7976933	1.731986	-2.4519422	-3.3144364	-1.3215184	1.4724433	0.7035556	-0.75393033	-0.7332626	1.6060673	0.3102645	0.5478095	-3.2964594	1.1550505	3.3556883	-1.0372584	-1.1326637	-1.3254306
2.1893747	-1.6172764	2.2053595	1.5830293	-2.0586805	-2.8409636	-0.27212694	1.8138725	0.779399	-0.6427018	-1.8109329	2.462799	-0.31618547	0.19244963	-1.9755864	0.8093969	2.6031246	-0.44485784	-0.40170282	-1.0499666
2.8578305	-2.3076947	3.4676952	2.6203911	-5.0568695	-4.7266574	-3.584638	1.9842162	-0.318696	-2.1862621	-3.0908403	4.777564	0.8917377	0.33998615	-4.1890497	2.465145	4.76158	-1.8730242	-3.251752	-2.8083332
2.371979	-1.267425	2.0176415	0.9547747	-1.4319707	-1.1628028	-0.99623615	0.7248264	-0.20516609	-2.4232235	-2.5215523	3.347937	-1.2562175	-0.29440036	-2.050794	1.3098272	1.6302725	-1.1003354	-1.9036953	-1.6669081
2.285831	-4.0272746	1.960434	3.678504	-4.088416	-4.707287	-3.5979712	1.8772273	0.57907414	-0.92531985	-3.3925505	4.175742	0.20913893	1.1809514	-4.7636943	2.956123	4.1272073	-3.931521	-2.3579865	-2.9994347
2.3600833	-1.2177303	1.6671588	2.0427282	-1.894275	-1.8971854	-1.5195303	1.7781456	-0.49521106	-1.3429872	-3.522184	3.278585	-0.03148609	-0.35607842	-2.202766	0.6482647	2.460825	-0.9973373	-2.3610008	-1.7121545
3.0852842	-1.4361105	1.0826725	1.164961	-1.1565355	-0.123342775	0.16394535	1.2902873	-0.4236207	-1.4482703	-1.594622	2.7060344	-1.1175555	0.37100556	-1.7726663	-1.1975211	2.6761885	-0.07477074	0.18926893	-1.6208737
0.24919793	-1.9296025	1.458992	2.8728898	-1.7633549	-2.7305634	-1.3351835	0.19745821	0.46509168	0.039266165	-0.6245245	0.9385573	-1.0383006	0.048355367	-0.9929625	0.7046287	2.2263591	-0.9274891	-1.5608078	-1.5717839
1.4893631	-2.5470142	1.7195982	1.0728602	-2.5598004	-2.7321196	-1.159483	0.84553224	0.51857483	-0.7633449	-1.5525218	2.9450963	-0.48317993	0.55620307	-3.3310404	0.93280286	2.3201783	-1.6094048	-1.4275001	-1.8335137
2.693216	-2.6034076	1.3773735	1.537581	-2.3185704	-3.3374653	-1.954549	1.8501093	0.31774285	-1.3966177	-2.2973287	3.8311796	-0.36631477	0.36014968	-3.69009	1.5317119	3.4565299	-2.429594	-2.4842196	-2.427032
4.0140295	-3.0413811	3.613184	6.679657	-5.3216233	-5.32454	-3.9719582	3.8193834	1.357449	-3.5704093	-4.9107	7.200063	-0.8304879	-0.05478971	-5.2173386	2.9631011	5.141946	-3.8689382	-5.6026673	-4.9757147
1.1596872	-1.2582905	1.2023337	0.7989409	-1.1113837	-2.2674358	-1.5189102	1.3459729	0.31421718	-1.7746701	-1.8070828	3.0132875	0.23439573	-1.0837246	-2.0520694	2.2495022	1.6581955	-0.98155165	-2.1000023	-0.35592642
2.095969	-1.5858172	2.9474473	3.7330627	-2.59571	-3.5121503	-1.7428255	1.8968192	-0.3310085	-3.0341196	-3.7435503	4.3976464	-0.6269341	-0.12204511	-2.2430875	3.2654054	2.6662533	-2.2447507	-4.5759416	-2.4017189
1.957523	-2.5541742	1.6703937	1.7946911	-3.235743	-3.370481	-2.3394153	1.036663	0.28240263	-2.0042422	-0.8096725	3.5328758	0.145897	0.10142745	-2.5919044	1.8777553	3.9109666	-2.9277594	-2.1377113	-2.3247805
3.602631	-2.4316928	3.1640944	2.6751072	-3.4498384	-3.8517375	-2.435627	2.5615942	0.5746515	-2.380638	-2.5037217	4.9616785	-0.035508793	-0.0799386	-3.7577055	2.5141978	3.6945226	-2.1440532	-3.5402699	-3.376404
0.6072236	-1.5725467	2.1697738	2.0932367	-2.477727	-2.3553944	-2.290034	1.2356743	-0.11189148	-0.9656646	-2.7951853	3.3405187	-0.042933717	-0.6724311	-0.9517604	2.3416975	1.8962605	-1.7459707	-2.3561337	-1.1049073
1.965718	-5.643462	3.7071655	3.3719523	-5.5203032	-5.2881393	-4.03382	2.9926217	3.1293452	1.3055968	-4.282897	3.5351017	-0.021205066	0.66266215	-5.5122557	0.4973872	6.172939	-3.678871	-1.6475226	-3.115201
2.764146	-2.3308778	2.4710598	3.0549538	-2.7501745	-3.1127036	-2.4076335	1.7838539	0.34968978	-2.3277662	-2.5183911	4.4683557	-0.8404393	-0.102287084	-3.5173328	1.8849865	2.524019	-2.5606413	-3.1977828	-2.8147445
2.279603	-3.3533921	2.3055592	3.6565223	-4.940438	-4.354838	-2.7018647	1.9497889	-0.18620239	-0.6280054	-3.6725545	5.291597	-0.07934553	0.5304649	-3.5602705	2.5018148	4.7918873	-2.7906888	-2.4022503	-2.8081098
1.4695923	-1.5030364	1.234674	0.17426601	-2.312964	-0.9081944	-1.1674043	0.695703	0.66944927	-1.1165432	-1.7337044	1.8685049	0.5693674	0.57952255	-2.4899123	0.22354756	2.3714569	-1.1293908	-1.1321939	-1.7403077
1.2441247	-2.7551925	3.5605216	2.197611	-3.973707	-3.7468865	-2.2211847	1.4017652	1.9950111	-1.3477119	-1.8447381	2.3892431	-0.03177627	0.52545875	-3.9014535	1.7211274	3.008456	-1.4976529	-1.7412611	-2.393937
3.514247	-3.226401	2.9665308	4.196453	-4.7011495	-3.8039417	-3.1281874	2.7161055	-0.43934414	-2.8086078	-5.1002283	7.776444	-0.71428484	0.20502658	-5.2594275	1.9084606	5.226463	-3.0816777	-3.7449	-3.4587135
2.7103913	-2.730338	3.9337	3.50449	-3.9173722	-3.9867773	-2.4487755	3.0864131	1.0263922	-2.5135915	-4.3392916	4.860199	-0.31301197	0.39875266	-4.2074194	2.182649	4.7198243	-1.7741482	-3.7014377	-3.266188
1.3753841	-1.0875814	1.374284	1.700317	-1.1045797	-1.8983895	-0.7127306	1.2121964	0.5593794	0.21334617	-1.9969838	1.1894699	-1.0802265	0.0851783	-1.2549233	0.33790684	2.0438962	-1.3258724	-1.5133598	-0.6686792
2.7889078	-2.5749056	4.4984236	3.8621016	-2.6198714	-4.3647213	-2.0776556	1.4931575	0.92673653	-2.7724571	-2.1989036	3.7590091	-0.32509777	0.9387392	-2.7752209	1.4850031	4.900349	-3.1028576	-2.1908863	-3.9721744
1.9040036	-0.3916899	-0.2069385	2.2369206	-1.2501544	-2.1725366	-1.8940058	1.0335176	0.45679924	-0.7073251	-0.894865	1.684707	-0.69907546	-0.34817865	-1.1683922	1.2000633	1.006919	-0.63108534	-1.9101133	-1.3155965
1.4623195	-1.8801217	2.733613	1.5813235	-2.7785153	-1.7903352	-0.96292704	1.7773461	0.2581357	-0.999813	-1.7027168	1.5761625	-0.7485998	0.07298216	-2.2479334	0.69621426	3.0853822	-1.0830666	-2.1636784	-1.8042996
3.221066	-0.9466044	1.5512098	1.6959741	-3.127458	-3.074308	-3.6387706	0.51123244	0.6702177	-3.0683565	-2.3290365	4.477038	0.13642976	0.08840979	-4.00492	1.0519537	3.208963	-1.0556018	-2.387169	-3.4715598
3.715878	-4.280306	4.2439585	3.9293764	-4.820673	-4.7460413	-3.3322446	3.8741193	1.7430627	-1.7405361	-3.6594932	5.487138	0.8457996	0.69756615	-4.185145	2.7465794	5.015981	-3.7500157	-3.5087185	-4.2251267
2.7263503	-3.5135465	1.5201042	1.0719365	-2.9429307	-3.4276326	-2.397517	2.4870276	1.2838615	-0.5419469	-2.5081599	3.339968	-0.24424797	0.5933505	-4.9233365	2.109347	4.563427	-2.860333	-1.8588393	-2.0284135
1.950959	-1.6743613	2.5202475	3.3632455	-4.32196	-1.7210804	-1.8430479	0.95425475	0.46415338	-1.5029085	-3.298017	3.3287306	-0.4072861	0.10046688	-2.0947587	0.20913981	2.1421216	-0.5563718	-2.1988604	-2.5060816
2.7507005	-4.8766932	4.9904537	5.493931	-4.7874794	-6.259221	-4.420936	2.8437681	1.9035981	-1.8188343	-4.593512	6.2999697	-0.150969	0.758285	-5.2311287	3.7523794	6.7170177	-4.715157	-4.621455	-3.350518
0.731752	-1.8046999	0.26629066	0.45694798	-1.4324847	-1.050298	-2.1881056	-0.41339415	0.11480435	-1.121847	-2.1719415	2.4097095	-0.17204987	-0.14605457	-1.9971241	1.5576693	1.867693	-1.9498899	-2.197039	-0.70627743
1.0682849	-1.6761932	2.1281044	1.3371257	-1.9310938	-2.0298188	-1.5797857	1.0455176	0.5823696	-0.39495483	-0.30276686	1.3119489	0.6251928	-0.116725475	-1.5672002	0.34317684	2.1580982	-1.2097116	-1.5379548	-1.2216986
2.9227765	-1.2609202	1.0967666	2.8053057	-1.611379	-1.7932703	-0.99756956	1.9581289	-1.0071117	-2.6964839	-2.475447	4.2812905	-1.0762272	-0.39479217	-1.9792403	1.0011669	1.8004373	-1.358383	-2.0610626	-2.3943422
-0.02875356	-1.5307813	0.031838793	1.4803338	-2.9397798	-1.1291496	-2.9965234	0.20292261	-0.06384273	0.31847715	-2.848754	2.266245	0.89690244	-0.274696	-0.56001544	1.5234362	0.8102992	-1.541114	-1.5997014	-0.862862
3.8693557	-2.884446	2.9110754	3.2317357	-2.6725698	-3.0314343	-1.848161	2.7896075	0.77336293	-3.0044682	-3.8303134	4.4225373	0.24955179	0.6239308	-3.1753008	1.4996073	3.915612	-3.2793312	-3.278415	-3.1652417
1.4456942	-2.7588437	1.8011585	2.703271	-3.7660732	-4.2553806	-3.1876702	1.8828408	1.266445	-0.81068885	-3.310285	3.4741213	0.54407775	0.020907884	-4.1111207	3.3930779	4.2928214	-1.8227719	-3.2551413	-1.9923239
4.6893935	-3.6835587	3.4800503	3.3242471	-5.912003	-4.583847	-4.5598955	3.927859	1.5824757	-3.197639	-4.3809986	6.8190637	0.32483396	-0.31309023	-4.9180355	4.114278	5.185509	-4.5026994	-5.4361334	-3.5687585
3.3765597	-1.8732631	1.9966172	2.5513437	-3.0365753	-3.3557415	-2.334098	2.9329	2.377725	-1.8401318	-2.4719496	3.6121726	-0.3123362	0.24547836	-4.228233	1.5204488	3.0888393	-2.0935714	-3.4179838	-2.9568117
3.5080225	-4.6466017	3.1730468	5.312977	-6.421127	-5.3222876	-4.1919107	3.841858	2.060941	-1.5277172	-5.0042987	6.4006467	0.016112635	0.9892701	-6.681756	2.7732968	5.0296383	-3.3235319	-3.416699	-4.657659
2.3629138	-1.6146642	1.3888588	0.98118985	-2.340038	-2.3402748	-1.6443713	0.8548353	0.73738223	-2.2930133	-1.230915	2.8202748	-0.4086	-0.44160938	-1.7118773	0.6586658	2.0327313	-1.2947	-1.9831692	-2.1504793
1.5443766	-2.5785468	0.79010934	-0.83463454	-1.9576181	-1.0805141	-1.7612062	1.3856936	1.2668245	0.16556497	-1.2970053	2.3859906	0.41300452	0.3365515	-3.0323212	0.40684476	2.135812	-1.5721693	-1.3540094	-1.767918
2.6505904	-2.793277	3.3020337	2.5615933	-3.6507733	-2.8513331	-2.2405808	1.9037743	1.7194343	-2.2974622	-2.2405798	3.5769854	-0.29336455	0.22657856	-3.5064855	1.1670583	4.3093686	-1.9888824	-3.088029	-3.0175579
1.083653	-1.7800751	1.7543612	1.0572565	-2.4480557	-2.1311219	-1.2671794	0.5836122	1.1278752	-0.80972105	-1.023258	1.6159443	0.53611046	0.78873867	-1.7572291	-0.7930845	2.7696457	-0.71066874	-0.098652616	-1.4239473
4.184488	-3.352647	2.8397117	3.7336485	-4.0508895	-3.6816397	-2.1315727	3.1514895	0.9954633	-3.1087608	-3.6968846	6.5629025	-0.6052446	0.006325151	-4.291118	1.7826127	4.0797367	-2.5521734	-3.2600443	-4.3651857
0.09030237	-2.3120942	0.04201008	1.5834311	-1.4110323	-1.3387387	-1.8778735	1.2707567	1.1345372	-0.4480053	-2.6191769	3.2919812	-0.39953095	-0.96997046	-1.5544101	2.220096	0.7819291	-2.2292297	-1.7230726	-0.64929444
2.8948517	-2.3726318	2.6897888	4.12366	-4.837227	-3.7299395	-3.3479986	2.6877553	0.35640684	-1.8872736	-4.87933	4.547148	0.5642898	0.18578978	-2.7263846	1.4885688	5.0910773	-2.5507116	-2.5734184	-3.0487678
0.5319807	-2.035727	0.57456994	-0.06450084	-1.8430363	-0.5769605	-2.3078473	1.2587725	1.1141508	-0.40481627	-2.9364045	2.3629441	0.10629842	-0.6955942	-1.6058989	1.1358039	1.8074484	-1.7052575	-1.6692758	-0.68212754
1.3796465	-2.6903365	1.8879983	0.9034597	-4.0453663	-3.0627065	-3.1791086	1.6798099	3.0975559	-0.6169383	-2.778474	3.1210659	2.089554	0.767915	-4.346268	0.9126585	2.7748826	-1.038313	-1.2300941	-2.5360856
3.8703606	-1.3537688	3.270315	2.8671627	-1.7664614	-2.9893565	-1.9410375	1.3156223	-0.91235554	-3.9636927	-2.3945136	4.5834703	-0.5694543	-0.51617205	-1.0382284	2.6081815	3.9242067	-3.0632806	-4.037448	-1.9599184
1.774615	-0.88250345	1.4793352	2.736889	-1.5107605	-1.063471	-0.107307635	1.5836395	-1.0595291	-1.7233472	-1.9915732	2.795537	-1.0528175	0.06414061	-0.4011184	0.2997656	2.1419542	-0.9791345	-1.1499681	-1.817264
3.1378794	-1.3879097	2.5368917	3.9049022	-2.0422282	-2.4072769	-1.9991735	2.3365126	0.36020014	-2.662022	-2.8537836	4.2128043	-0.8069873	0.29545557	-2.5635784	0.5427877	3.6517613	-2.3709085	-1.9348667	-3.0423965
1.7058886	-0.8121047	0.48978326	1.2693595	-0.32847533	-1.3710247	-1.6833223	1.0146234	-0.37940642	-1.1082132	-1.9156439	2.3038256	0.003959841	-0.42852855	-1.3505168	1.2372688	0.7370703	-0.77808064	-2.1940775	-0.5742221
4.086253	-1.8730505	1.602315	4.1661477	-2.0256822	-4.3669806	-1.1912297	1.785613	-0.7695218	-3.2393115	-2.063952	5.318962	-1.6829978	0.77573943	-3.7994313	0.74766356	3.6587431	-2.4987369	-2.8032377	-3.9788764
3.8288512	-1.694242	1.9409829	2.6380246	-2.5598693	-3.4397128	-1.8811731	2.006488	0.24648955	-2.7006614	-2.8478782	5.396731	-1.2352867	-0.5098453	-3.766499	0.3583981	2.484491	-1.3764424	-2.9897096	-3.3825366
1.9574685	-3.5728288	2.2491212	4.717351	-3.180997	-5.4585147	-3.8928716	2.754985	1.1017636	-2.2920742	-6.4349113	7.265523	-0.08488834	-0.06334885	-4.376133	4.352509	2.7894263	-3.8442905	-4.7182183	-3.0806975
2.3634825	-1.5378976	1.2158735	2.3779056	-1.9923487	-2.8014505	-1.4229006	2.4560413	-0.3846963	-0.77581835	-3.345627	3.7934148	0.1389621	0.13286473	-2.938488	1.669614	3.4562593	-1.4785256	-2.2447968	-1.7915597
0.21494234	-1.1956075	0.2869105	1.3541001	-1.7628162	-1.6274191	-1.0769737	0.88867176	0.9823692	-0.3169134	-0.34407705	1.331719	1.0730613	0.16796759	-1.3750079	0.5364945	1.985079	-0.5037411	0.15531649	-1.1323797
1.0136063	-1.0493083	1.1338581	2.2332451	-1.8957071	-1.0826741	-1.4573668	1.3623961	0.4273202	-0.5663102	-2.27528	2.0205255	0.3584354	-0.40408817	-1.860657	1.6544633	1.7977039	-1.0177634	-2.781442	-1.2362771
1.7056488	-2.4114099	1.5743054	2.5817719	-1.6989295	-2.4182653	-1.2115316	1.2188793	0.5500682	-0.91203684	-2.8784566	2.9608743	-0.68024564	0.19137153	-2.6066887	0.22267188	2.638547	-1.8661562	-1.3082999	-1.6043384
1.2198712	-1.7168925	1.774804	1.3531233	-1.9561205	-2.4513073	-1.0341251	1.8321974	1.054352	-0.689947	-1.713194	2.3250146	0.4234019	0.11010467	-2.5889144	1.3107648	1.9909627	-0.8317354	-2.4051626	-1.6270361
0.71805286	-1.8410716	2.0051947	2.3122253	-2.6828146	-1.814728	-1.4255553	1.9495391	0.6977158	-0.6304412	-1.7749605	1.9818254	0.10770964	0.0693067	-1.6657019	1.730745	2.421119	-1.2562987	-2.740835	-1.677838
0.93688637	-1.7014521	1.5013261	2.3168256	-2.8936002	-3.117208	-2.5575795	0.559671	-0.36915484	-1.0752233	-1.1155485	2.414188	-0.09209941	0.10379429	-2.4593213	1.6563431	2.9053566	-2.5822527	-2.4703858	-2.1993725
2.856676	-3.4269032	3.5398383	4.522078	-4.8913918	-4.9989715	-2.8431697	2.2976754	1.2364852	-1.533966	-3.5505183	4.15964	-0.11387534	0.89015144	-4.7307453	2.5976853	5.315147	-3.1940985	-4.272534	-3.3320203
-0.21201645	-1.1839933	1.3888105	2.2381775	-2.1079898	-2.4094696	-2.02427	0.19169271	1.1639606	0.5696104	-1.1787102	0.44285837	0.029867124	0.031085601	-1.2125096	0.3500139	0.934799	-0.82453996	-1.241504	-1.1850518
2.91397	-1.7513529	2.4722788	2.9356518	-5.6690564	-3.0847144	-3.24655	2.2124567	1.6282763	-1.3575923	-2.8775597	3.9603662	0.17361274	0.69391805	-4.47388	0.10538654	4.7489834	-0.6400102	-2.7917168	-3.84694
1.4243051	-2.6166086	2.8067586	2.7217062	-3.7009459	-2.6680424	-2.8499272	1.386972	2.1089203	-1.2464765	-2.668929	2.3512552	0.14535815	-0.29128706	-2.3766718	1.3940789	3.6958592	-1.0562034	-2.727698	-1.4178131
1.0051872	-1.1526939	1.0993981	0.34183234	-1.2069565	-1.25846	-1.1656257	0.6112103	0.86508316	-0.23972957	-1.0175333	1.1475779	0.12252291	0.27109852	-1.6242428	0.18279803	0.86912113	-0.8085107	-0.43798697	-0.9645495
2.7024927	-1.4965506	2.4561455	3.3935165	-3.0231576	-2.8142452	-2.3621833	2.4332924	0.22058918	-1.9334799	-3.0759296	4.707101	-0.26656318	-0.095438436	-3.3803325	0.7355866	3.51978	-2.0570164	-4.0458527	-3.3825
2.0922518	-2.9596758	2.8494248	3.0485647	-4.215317	-3.0182924	-3.2994506	1.8132472	0.522126	-1.4094151	-3.9376404	4.395265	0.20551525	0.41255385	-3.2581553	1.21754	3.6326568	-2.9520447	-2.4653306	-2.6054192
0.3845793	-1.96932	0.9579948	1.0238391	-1.6719368	-1.3073052	-1.8955116	1.0026051	1.6819841	1.2951416	-0.8177048	-0.04960093	0.48898038	0.3123062	-2.1024678	0.98371214	1.5515871	-1.090062	-1.388002	-0.45869797
3.475508	-3.1200037	1.4422758	1.6023061	-1.2680899	-1.4177221	-0.39637664	2.9940717	0.75074655	-1.559752	-2.781052	3.8689492	-1.0754511	0.14384246	-2.285259	0.4947001	4.2403855	-1.5028529	-0.95504934	-2.2841868
1.5683877	-2.6661708	2.2878315	2.1431422	-2.2559638	-2.9901738	-1.3072538	1.5126325	1.3970653	-0.4714726	-1.4177419	2.194453	-0.76561177	-0.13217516	-2.8439293	1.9247019	1.8355706	-0.9881419	-1.7779881	-2.0314631
1.697689	-0.5852791	1.8838223	-0.30294085	-0.93949646	-1.1380029	-0.87160563	0.42710173	0.8924366	-2.1218798	-0.1728377	1.2793165	-0.70387197	-0.77000505	-1.2995318	0.79746324	1.8089815	-0.38182655	-1.6947179	-0.35281393
2.5305526	-0.751597	1.6194097	2.1041057	-2.4905643	-2.1450787	-1.528236	1.5361419	-0.03930772	-1.788236	-2.5498621	3.3331106	0.17641927	0.058217827	-1.9130915	1.1682466	2.456955	-1.612251	-3.2303767	-2.1809282
3.5753067	-6.711432	4.965348	4.8464594	-8.112957	-8.133972	-6.409277	3.5474849	1.7414178	-2.103044	-6.9324217	8.270435	1.5987896	1.1177442	-7.616558	5.5391865	7.587216	-5.2744503	-4.591547	-4.5935297
2.9270375	-1.2641169	2.0319145	0.15802194	-2.81211	-1.0087937	-1.4495969	0.159104	0.6636648	-3.020265	-2.6097655	2.7490957	-0.2729215	-0.0008676978	-2.5879502	-0.75401694	2.0676727	-0.2237862	-2.0653617	-2.6079192
1.5149691	-1.8256053	2.0960138	2.071284	-1.6697558	-2.072692	-0.4863626	0.9952573	0.4198674	-1.756979	-1.1038978	2.467605	-0.279219	0.41530323	-1.6905253	0.63945407	2.586058	-0.5855919	-0.786193	-1.8586844
1.1780636	-0.79237264	0.1813579	-0.2438039	-1.2812878	-1.1261572	-0.78955364	0.359417	0.098577276	-1.361002	-0.92137665	2.0233126	0.29851598	0.6714981	-1.3886958	-0.16403858	1.825205	-0.50032264	-0.89565724	-2.0730062
3.0311787	-2.8319557	3.2857294	2.0199728	-3.6385036	-3.239959	-2.7625556	1.9313655	-0.50104636	-3.284277	-3.1572626	5.840037	0.07918769	-0.6490536	-3.7244122	2.7886944	3.7795563	-1.8299589	-3.8999496	-3.060222
1.7642591	-2.1597424	1.35016	2.2728045	-2.1687064	-2.3163636	-2.689459	1.4557917	-0.15850681	-1.5693069	-3.1379383	4.0307636	0.6218837	-0.33991802	-3.4569218	2.6927457	2.5375485	-2.1731825	-2.8307524	-1.1522167
2.056702	-2.4582038	2.075835	4.79687	-2.917101	-2.838478	-2.341421	1.3555561	-0.06928964	-2.000644	-3.3491898	4.066295	-0.5630509	0.69633067	-2.871102	0.678619	3.9373622	-2.1867878	-2.881638	-2.9093094
3.1187105	-2.5937228	4.579963	6.750848	-6.621542	-4.676852	-3.0377507	3.3551662	0.7003428	-2.8691676	-5.9203453	5.1643624	-1.1451284	0.26629084	-3.6290185	2.117698	4.432961	-2.4479737	-4.924707	-4.4829917
2.2683318	-1.6704097	3.340733	2.9456744	-1.9221367	-2.5459445	-1.4089952	1.0909489	1.6418227	-2.555238	-0.3809411	2.1089463	-1.581332	-0.33941355	-2.542609	1.6537609	1.7911398	-1.6090565	-2.817479	-2.702914
1.6414446	-2.326626	2.1011355	0.7343934	-3.2171926	-2.757247	-2.2709618	1.4469432	0.85396165	-0.9412572	-2.3081048	2.6923943	0.8837357	0.8026938	-3.3295152	0.61556464	3.3635952	-1.4583673	-1.11351	-2.180497
2.1685684	-1.6767331	0.52381355	0.31862602	-2.7735913	-1.7799962	-1.7633848	0.69894594	0.051863696	-1.5670092	-1.8919545	3.313527	0.48095328	0.28995055	-3.1048224	0.4757598	3.1369495	-1.1728646	-1.5866411	-1.2256845
1.3218026	-1.2857704	1.2210503	1.479096	-2.4886875	-2.513692	-0.7392037	0.02298269	0.2383648	-0.6709761	-1.2714442	0.48464793	0.03798061	1.1853604	-1.8098648	-0.8911129	2.685103	-0.9320235	-1.0329322	-1.7224627
1.3339568	-1.9829274	0.49845186	0.5540476	-1.6372701	-1.2742244	-1.5567896	1.0743706	0.9908701	-1.1176566	-1.5998566	2.7868109	-0.09524514	-0.38234618	-2.467612	1.1186544	1.8505567	-0.9133734	-2.0317035	-1.5046343
2.2868886	-2.9021585	2.7932346	4.445265	-2.5992596	-3.9108415	-1.8041002	3.011149	0.15630873	-1.4020292	-3.9303985	4.4738812	-1.03013	-0.19362713	-3.1279676	3.4977894	3.916128	-2.7585928	-4.935355	-3.3137443
2.0070913	-0.9870558	1.1372693	1.6146669	-0.32945248	-1.2716856	-1.3199619	0.43314856	-1.6284178	-1.7877755	-2.272613	3.2567918	-0.579789	-0.72108793	-2.1490219	1.4140799	1.4825032	-1.5485805	-2.7442818	-0.8477314
3.5621097	-2.1623886	3.5885324	5.473033	-3.7732272	-3.8579993	-2.4159381	2.681213	0.75829184	-2.5125036	-4.74424	5.332409	-0.26991746	0.8529196	-3.3222272	0.74754614	4.7139664	-2.4651074	-3.732375	-4.3369823
1.0233285	-1.4358209	1.8089433	1.531701	-1.2377454	-1.9146633	-0.41953674	1.2486942	0.40069488	-0.21850413	-1.8216072	1.1029322	-0.4492385	0.45508882	-1.5123906	0.97810364	2.2185948	-0.86346596	-0.86722594	-0.8349476
1.0395087	-2.3118684	2.3181038	3.521486	-1.780535	-3.6279428	-1.63624	1.0965772	-0.47067988	-2.7602813	-3.1603503	5.6258926	-1.7704756	-0.24290565	-3.1016045	3.7964027	3.0559678	-3.7505565	-3.867013	-2.197709
0.8748744	-2.9428	2.2080984	2.88172	-4.750696	-2.171521	-3.1479049	1.9304391	1.6145849	-0.33354634	-3.1929772	3.5683186	0.32076067	0.72880995	-3.5232658	1.2302791	2.9965098	-2.4535387	-2.6738935	-3.0538054
3.5396583	-2.5549183	2.3910863	3.661977	-3.7635787	-3.690649	-2.9095614	1.744241	1.2589258	-2.0348873	-2.9135373	3.6332474	-0.25454095	0.6415188	-4.0271616	0.8997084	3.7327602	-2.4206934	-2.8187733	-3.7701156
1.9495474	-1.6177181	0.8428192	1.1672735	-1.117468	-1.1556265	-1.0519825	0.7056905	-0.3599002	-1.6056497	-1.3469198	3.3346043	-0.86579096	-0.52455676	-1.7661324	1.1634362	1.9616665	-1.348043	-1.8173048	-1.156557
3.5139768	-2.7422721	1.784354	2.878148	-2.9160187	-1.7806641	-1.4921714	1.8964219	-0.4096458	-1.6684406	-3.8623288	4.7400675	-0.53548175	-0.18057796	-1.8540089	1.2583019	2.547297	-2.0397687	-2.6612442	-2.0056596
-0.12474398	-3.2612617	2.1627536	1.3812454	-3.4344943	-2.1372774	-3.0453682	0.74399745	1.9971526	1.0347922	-1.8375734	0.8665804	0.88942796	0.67868376	-2.6287775	0.8270643	3.4132247	-1.8319399	-0.92574835	-1.3505723
3.9505606	-3.4190373	4.717719	4.0040145	-6.165515	-6.056533	-3.2091498	2.3116012	0.23489352	-2.517368	-4.1339917	6.040195	-0.71662486	0.5563392	-5.351075	1.2448156	6.1956396	-3.429456	-4.461391	-3.8180504
3.20616	-3.859974	3.6231058	4.359394	-4.6631937	-5.637968	-3.2226639	2.684353	0.8371216	-1.7360259	-3.8931477	5.2421594	-0.011952698	0.73801506	-4.270114	3.9399269	4.6599407	-3.0403783	-4.1569676	-2.8052583
0.42876276	-1.9907681	1.7353332	2.0302963	-2.2343361	-1.2106283	-1.3843029	1.2961766	0.8596996	0.69842625	-2.6736877	1.4768379	-0.50939316	0.023936927	-1.1136534	1.6095085	2.126099	-1.2221938	-1.771561	-0.6878697
0.5919726	-3.0537615	2.6620438	3.1227782	-3.543765	-2.8697195	-2.7314312	2.1246674	0.19309488	-0.42811027	-3.703402	3.0857368	0.9447469	0.2540986	-2.5642588	2.7881417	3.774761	-1.8831668	-1.7318561	-1.4330058
2.6038191	-1.895394	0.5834484	1.694967	-1.8308742	-1.5736449	-0.77788633	1.3803047	0.09910119	-1.6931006	-1.4822667	3.3233922	-0.75729984	-0.3456152	-2.5527766	0.05151002	1.8120644	-0.4657706	-0.9304335	-1.7630461
0.017240552	-1.2011839	1.571493	1.2026939	-1.69263	-1.0179296	-1.8790522	-0.057454735	0.90167063	-0.7906001	-1.2498806	0.68054867	0.7615853	0.16473103	-1.1265609	-0.081281066	1.4022382	-0.5405688	-0.74954057	-1.1447791
2.3125727	-2.9060767	2.5796266	3.0970535	-3.6676095	-4.3569975	-3.0523949	2.801522	0.75547755	-1.1990113	-2.878123	2.9244158	1.1934379	0.52772516	-3.330674	2.0187445	3.36742	-2.3876467	-2.3726895	-2.8188925
1.6862608	-0.62043816	0.14275315	0.689973	-0.2710447	-0.5051684	-0.5409516	0.06776327	-0.18906112	-1.131289	-1.0336723	2.2494426	-1.1429267	-0.3634445	-2.0038984	-0.40527487	0.8128598	-0.63890326	-0.9975599	-0.8173601
2.6748064	-2.239217	3.652636	2.056706	-3.2274609	-3.436482	-2.6490588	0.40497142	0.6687684	-2.1542141	-0.964875	3.1146343	-0.341239	0.19027959	-3.4677289	1.1694095	4.246266	-1.573224	-2.1922925	-2.315297
1.8794415	-2.3811748	1.0074327	1.7709311	-1.7454543	-1.7448381	-0.6363816	0.95614994	1.130497	-1.8608519	-1.843302	1.7243698	-0.49189326	0.28884158	-2.4557986	0.5111818	1.3939062	-1.2483177	-2.132475	-2.3334975
2.7031467	-2.7554617	1.6554507	3.3853245	-4.978092	-3.5480258	-2.7261844	2.6174884	0.7944595	-1.3690131	-3.6768463	4.275098	0.027289333	0.40358317	-3.2196736	1.2595026	3.8040679	-1.6968032	-3.1616957	-3.3795476
-0.18662098	-0.96505547	-0.79649043	0.85654455	0.108373776	-0.04645249	0.6612429	0.41205913	-0.5428662	0.4887656	-0.22750625	-0.60429	0.51424766	-0.55421096	0.29839194	-0.62941706	0.2305163	0.5393563	1.0334717	0.3511118
2.098131	-1.0697641	1.4035919	2.709558	-1.7988998	-2.375628	-1.9336921	1.7115283	0.16521764	-2.2138572	-1.8136556	4.200451	0.11592839	-0.38238117	-2.586609	1.138645	2.0955355	-0.97824436	-2.497579	-2.6418252
0.5355798	-0.78298146	1.3341522	1.2181784	-0.78335917	-1.8013519	-1.5005972	0.41197285	0.06443306	-1.1166189	-0.26011705	1.7569737	-0.1696111	-0.44593605	-1.3352627	0.8231034	2.0316277	-0.96016634	-1.0966303	-0.91176814
0.980328	-2.784607	1.1998961	2.6242669	-3.893639	-2.8206186	-3.4478662	1.6249619	0.89850616	0.24413548	-3.181702	3.0993009	0.99323094	0.8074685	-3.107557	1.5486876	1.8930664	-2.4332151	-1.4815614	-2.0309722
1.9506061	-1.442548	1.3730497	0.9287802	-1.719427	-0.88818586	-0.43333447	0.94258237	-0.63447994	-0.55011004	-1.8366262	2.8293498	-1.1993768	0.4257587	-1.708406	0.21011916	1.701294	-1.5714006	-1.0903378	-1.4611902
-0.79287106	-1.2463104	0.54256505	1.2739716	-2.5722368	-2.1420038	-1.7495862	-0.16143003	0.33539596	-0.7226344	-1.0643171	1.8275282	0.83522844	-0.022793718	-1.2847717	1.5290523	0.28125456	-1.0147809	-0.73125786	-1.6885489
4.6029863	-1.844766	3.7374442	1.9461433	-2.8329628	-2.0459363	-1.7170396	1.4768708	0.69378847	-3.8506167	-1.8023883	4.5391884	-1.0100371	0.6338807	-4.038064	0.7996576	4.5414987	-1.7750205	-3.3831348	-3.2197402
1.2527015	-2.1349502	0.77550036	1.3937703	-1.5477473	-2.4323163	-2.1221285	0.09215114	1.3139883	-0.5600176	-0.659637	1.0486507	0.022142772	-0.056188945	-1.7853996	1.4713002	2.6909125	-1.9897805	-1.2742841	-0.95919245
1.7030523	-1.6622216	1.1616199	3.7529113	-2.8711407	-2.9978185	-2.823964	1.0755502	0.58276355	-2.9487286	-3.8630753	5.0947185	-0.23259956	0.13489114	-3.354333	1.6285771	2.8344598	-1.677446	-2.8093495	-2.5666637
1.2634587	-1.2053806	1.7805718	1.7528979	-2.216349	-1.2816755	-1.0779071	1.0047959	-0.55746764	-1.6334541	-1.3292177	2.9659197	0.34803116	0.21438567	-0.62502444	1.2887064	1.6722951	-0.46641594	-1.0580329	-1.7947714
2.1887197	-2.3408525	2.281848	1.4877254	-2.83743	-3.7386389	-2.6198413	1.4552046	0.44952413	-1.3085765	-2.395743	3.4430397	0.28770337	-0.0051390626	-3.6638007	2.120023	3.535849	-2.1873348	-3.0424395	-2.3073757
1.5890242	-1.6311572	2.5261095	1.9538717	-0.7223725	-2.6704242	-0.38512868	0.6914394	0.010425493	-1.3386421	-0.7053622	1.2821275	-1.0018077	0.14177598	-2.0561285	0.2870306	2.7712317	-0.9003228	-0.9666436	-1.6897693
3.4076407	-3.2761571	2.6207178	2.7155764	-4.3226137	-2.380925	-2.128552	3.0462513	1.0771064	-2.1770222	-4.010885	4.8930564	0.25910395	0.47253472	-3.274761	0.6981303	3.7951005	-1.653083	-2.7148778	-3.8053756
2.377204	-1.9570425	1.9428699	2.1019983	-3.9281852	-1.9531046	-1.679219	2.4554937	0.7462707	-0.9008901	-2.622091	2.6788924	0.5831875	0.25860196	-2.612656	-0.4015772	3.3156185	-0.5157476	-1.4381876	-2.0052419
0.32042655	-1.2852726	0.33494446	2.2334232	-1.3254504	-1.6542335	-1.0904366	0.32220727	-0.08345822	0.13636887	-0.6341555	1.191281	-0.45721194	-0.39704686	-0.7792262	0.46611038	0.33177528	-0.5520978	-1.5285937	-0.9732856
0.57258993	-1.9476426	1.3954023	1.8638642	-1.5268353	-2.246961	-1.8391542	0.59820694	1.18683	-0.71663827	-1.3047682	1.948749	-0.80307275	-0.14351207	-1.1843386	1.5133647	2.237873	-1.9436398	-1.2213947	-1.0928144
2.6397047	-1.4074675	1.8210063	2.9395454	-2.5835774	-2.0939956	-2.354054	1.8571774	0.8111095	-1.8411609	-2.5524266	4.544954	0.011749408	0.42800903	-1.5123345	0.66769224	2.0680077	-1.9467834	-2.4295456	-3.1659932
2.7264683	-2.8400996	3.1139748	3.7635057	-4.5734215	-3.615904	-2.0025966	2.3235903	-0.012229667	-0.72504497	-2.62139	3.7249324	-0.3237118	0.7460171	-3.5919628	1.322945	3.7615757	-1.8876257	-1.815504	-2.465739
3.0349433	-3.5499675	3.6393428	4.378923	-4.5834537	-4.6604686	-1.5926774	1.9675144	-0.27548587	-2.0392096	-3.411715	4.0464044	-0.3482194	0.709264	-3.484004	1.4109024	4.746438	-1.5621666	-2.1109285	-3.1817026
0.43031362	-1.000855	2.0545185	1.3519403	-0.29722583	-1.9591478	-0.12253941	1.2189125	0.023205526	-1.7326603	-1.2425128	2.407381	-1.045909	-0.060002066	-0.88436604	1.7294819	1.1158878	-0.54496866	-0.9343127	-1.1967701
1.7672318	-1.3569058	0.92912203	0.7378998	-1.831089	-2.0317328	-1.2390639	0.87601817	1.1116006	-1.0383599	-1.2600284	1.9672787	0.18185051	0.14891575	-1.8788786	-0.096122995	1.6391277	-0.75694394	-0.48201838	-1.9203895
0.86289203	-0.49307948	0.47220075	2.7366989	-1.9001974	-2.081542	-1.2034771	0.86241245	-0.14212061	-0.4583062	-0.023503574	2.2642136	-1.3340425	-0.33388832	-0.5255454	0.9770401	0.70088094	-0.8914247	-1.6939597	-1.7490312
