0.5523764	-2.1873412	0.47907278	-0.056297246	-1.0486201	-1.9695096	-1.3415698	-0.4673897	0.64628106	-1.0886382	-0.008738359	1.793255	0.44876456	0.78485596	-2.446905	0.36204937	2.0925145	-2.2207775	0.052259516	-0.8847974
0.3239182	-2.7639952	0.87799174	1.4547076	-1.7662255	-3.2215574	-1.7973647	0.08876453	1.3437546	-0.18966077	0.6658198	1.5733777	-0.5573433	0.208739	-2.3506415	1.6233351	1.4497013	-1.9416046	-0.6426111	-0.80761915
1.0776551	-3.921599	1.0917985	3.6530495	-3.4798224	-4.590216	-4.019486	1.114464	1.8448646	-1.8754536	-2.9035213	5.669574	-0.33191165	0.008421841	-5.061978	2.447892	2.686266	-3.183055	-2.3840601	-2.9497814
0.7511616	-2.0860853	1.121653	1.2923237	-1.5532358	-1.9469401	-1.0629021	1.9061706	0.13467546	0.51217717	-1.4146122	1.8857294	-0.7063748	0.091328464	-1.7208331	1.2703611	2.3178685	-0.83953553	-0.58463657	-1.2576946
0.3738566	-1.9137542	2.1978834	0.78630656	-1.3298023	-3.0117438	0.35452822	1.3706778	0.7992997	0.10405738	0.15173365	0.53386503	-0.5674568	1.0233476	-3.0038624	0.23918547	2.440946	-1.7404463	-0.9474097	-1.5934442
1.5012887	-0.9982692	1.2939279	-0.33386195	-0.8959547	-1.0788454	-0.8640897	0.6376246	0.15014206	-1.1332221	-1.1270432	2.042766	-0.53152215	-0.17003404	-1.7297419	-0.21364401	1.244409	0.0120011205	-0.3822299	-0.9130326
-0.6118988	-1.6596543	0.072264165	2.2123408	-2.198257	-2.0767233	-1.6933181	-0.17861308	1.0182871	0.29772285	-0.5057404	1.725171	-1.1174351	-0.14653385	-1.2207459	0.72026694	-0.31699964	-0.62644994	-0.13551022	-1.1995986
0.7473951	-1.5535995	0.7913292	0.83145064	-0.9149115	-1.6236273	-1.3440655	0.24250886	0.8890966	-0.7513453	-0.14252621	2.34135	-0.26137668	-0.42041695	-1.6255159	1.4256601	1.333374	-1.0174552	-1.3139362	-0.7867672
0.9138568	-0.55140656	0.7620862	1.6299968	0.24023926	-2.619542	-0.7440255	-0.3551749	-0.8034718	-2.1001046	-0.3701817	1.8340702	-1.6850753	-0.7816291	-0.11969533	2.031803	0.8378753	-1.3017304	-1.868898	-0.30845442
0.16041091	-2.3920534	0.99586904	3.0661376	-2.2925172	-4.6424108	-2.0419393	1.30794	0.6746089	-1.7087194	-2.0304348	3.7928445	0.66181207	0.6668556	-1.5126945	2.3214486	1.6324486	-1.4121586	-0.5091289	-2.9782186
0.14642303	-1.5635933	2.3746064	3.6988773	-2.1909456	-1.9533025	-0.33162636	1.1105999	0.30143827	-0.6261631	-2.0409005	1.046471	-1.380249	0.84450537	-0.14782122	0.3522249	1.8608079	-0.9396818	-1.404732	-2.1856928
0.5898408	-1.7117608	-1.1253625	0.5659274	-1.0329949	-1.9597715	-1.0128623	0.24169822	0.45008862	-0.57445455	-1.5026586	2.727509	-1.582232	-0.6492485	-2.7401395	2.8549194	0.15124716	-2.2955284	-3.3168356	-0.123933546
1.8883327	-2.3623905	0.14241768	1.6770594	-1.9932141	-2.8625891	-1.8970847	1.1750364	0.92894256	-0.5691453	-2.0099325	3.351007	-0.30303475	0.35135072	-3.2827864	0.31129417	3.1461115	-1.6565297	-0.6643195	-1.9368176
1.6781882	-2.2933533	2.2737877	3.0687869	-4.3310513	-4.54532	-1.797024	0.5279872	-0.06049284	-1.8993334	-0.6985202	3.644176	-1.6121104	0.40792093	-3.0910904	0.6320217	3.3265274	-2.1693678	-1.3765479	-2.5476086
0.43645847	-2.9538684	2.2875993	2.500681	-4.2203665	-4.692228	-3.4640946	0.9981643	0.3047098	-0.9695702	-3.1990018	3.6116548	0.046878524	0.40424785	-4.0975003	2.1623652	3.7658517	-2.411193	-1.3629004	-2.2957084
1.8433692	-0.70594597	0.9593918	0.6881564	-0.3813981	-2.0917926	-0.070123516	0.88461787	0.02780435	-1.7974296	-0.34075943	1.5825725	-0.71118575	-0.071794756	-1.3625546	0.0076344023	1.05161	-0.7345119	-1.3355962	-1.5429907
0.5684193	-2.26917	1.651383	2.0467353	-2.9587045	-3.3579366	-1.0459685	-0.21375546	-0.14673838	-2.2221446	-0.076510735	1.8530277	-0.6553192	0.6236483	-3.1049159	0.61181515	3.0142603	-2.4588487	-1.3088717	-1.588426
0.1451962	-1.7821065	1.029214	1.1002543	-1.0798583	-2.0455651	-0.7496842	-0.21510807	0.9533986	-0.63607025	1.5545046	0.49456656	-0.87960017	0.2641099	-1.3913237	1.610458	1.9387438	-2.2708359	-0.93804175	-0.32250807
0.038357764	-3.7437549	1.8975627	3.5015638	-3.3520396	-4.1604266	-2.0202267	1.3211414	0.6768756	-0.26808235	-2.1441324	2.7783906	-0.6257765	0.46311966	-2.4080038	1.5740061	3.61581	-2.4175508	-1.0839632	-2.1489403
1.2374134	-1.3593241	0.92594045	1.4333184	-1.5422354	-1.7117028	-1.379843	1.7648826	0.7897383	-1.0255916	-0.9130729	2.2891202	-0.4901773	-0.25107425	-1.6877046	1.7095876	1.1115439	-1.5440199	-1.5672292	-1.1610857
-0.23267932	-1.6427145	-0.28811136	1.0539684	-1.5564861	-1.8859192	-2.1157773	0.34503004	0.233288	-0.43337893	-1.5289793	1.9264002	0.49016246	0.13212305	-1.9268185	1.5562798	0.4852791	-1.5088568	-1.3310331	-1.1581197
1.0921649	-0.8259998	0.39731172	-0.073363945	-0.98575044	-0.9925616	-0.7173682	1.0425055	1.198102	-0.8004011	-1.0798422	1.4646063	-0.56410146	-0.1099826	-1.5512875	0.4258919	0.9366517	-0.554539	-1.1212009	-1.00363
-0.09744256	-2.6793156	1.7377731	1.5840575	-3.9169075	-2.9193718	-2.571313	1.5657655	1.4941652	-0.19434857	-1.1395891	2.232476	0.09538046	0.13770948	-2.7226598	1.8052509	2.5387545	-0.99931794	-0.9632596	-1.8336198
0.6858927	-3.3518126	1.5613447	2.7676117	-4.5046864	-3.7412333	-3.105638	1.23908	1.7732955	0.47647518	-3.3610382	1.896335	0.27621627	0.68924993	-3.0801141	1.7573453	2.0841193	-1.4724894	-1.3564134	-1.4891993
0.07349239	-2.4473538	1.2246289	3.0111039	-3.042706	-3.3854377	-1.1631944	0.986438	0.93226844	0.35631183	-0.9994159	0.999818	-0.24123494	1.0023179	-2.5312703	0.03815435	2.4608781	-0.75130075	-0.096024185	-2.4422238
1.4964749	0.06552376	-0.23825657	0.5225389	-1.2230824	-0.42179036	-1.7028247	0.4410069	0.53866947	-1.6958349	-0.6570126	3.038252	-0.50118715	-0.59886914	-1.7627301	-0.03971302	0.7631358	-1.1162982	-2.032955	-1.4247499
1.0947415	-0.99558294	0.45781592	1.0432657	-0.33156756	-1.1836965	-0.44934383	0.9009643	-0.11446696	-1.148204	-0.5826015	1.490338	-0.78669006	0.2750167	-1.9505148	0.9151852	1.762728	-1.2639048	-0.18991244	-0.6477699
0.9774721	-1.8374859	1.4374441	1.5703737	-2.8256762	-2.6956613	-2.0442138	1.1957054	1.4010158	-0.10997142	-0.89551735	1.5175639	0.51135015	0.29668623	-1.9577055	0.25700814	1.2532196	-0.5681976	-0.4939211	-1.8303453
0.30634588	-2.8024988	3.131957	4.6320925	-2.3205914	-4.4352646	-1.2212347	0.24740086	0.4579616	-0.037363637	-1.7579437	1.1492933	-1.8334614	1.2522075	-2.7293139	-0.20570223	3.4305391	-3.2376575	-0.92558014	-1.8592952
-0.1820207	-3.692972	2.3045273	2.803483	-4.16762	-4.233195	-4.251996	0.8513111	2.8008547	0.74518555	-2.4705935	1.7167743	0.3541028	-0.15206397	-3.3065848	3.0176065	3.4595165	-1.9417489	-1.896333	-0.6860126
1.7074642	-0.15284267	0.36425883	2.426147	-1.5892279	-1.7530578	-1.5864345	2.066006	-0.37489668	-0.37197363	-2.2051005	2.2433398	0.1932367	0.013574264	-2.1323264	0.3482251	2.725235	-1.1915989	-1.7486404	-0.9601583
0.33466315	-1.9223119	-0.252474	0.2431938	-1.402874	-1.4771821	-0.73682606	-0.84652287	-0.5574409	-1.3069309	-0.3486078	1.510369	-0.09232856	-0.042439982	-1.7127962	0.31183988	1.5624623	-1.7462953	-0.43074003	-1.0136533
0.49140698	-0.9262546	-0.5167999	1.5506678	-2.0900378	-1.9080852	-1.2703333	-0.08710276	1.0949862	-0.12729505	-0.36223832	0.8339173	-0.6026403	0.22895245	-1.6509066	0.42072955	1.9619195	-0.605482	-1.1919026	-1.2822559
1.1125396	-2.0006988	0.71805626	2.899337	-3.5569258	-2.6294029	-2.8794463	0.23193134	0.42103505	-0.752076	-2.5563889	3.7744286	-0.5035332	0.46567622	-2.800392	-0.10875376	2.2870357	-1.6441853	-0.45637852	-2.0315788
1.1615623	-2.3818567	1.0089536	1.8159873	-2.4158905	-2.7537277	-1.7439047	1.8775256	1.2468774	0.50112337	-2.3001735	2.4236054	-0.41209608	0.98718154	-2.4325023	0.2707814	3.1129127	-1.7812241	-0.67606944	-2.06774
1.1464483	-1.7426428	1.6744778	2.1067467	-0.719943	-2.438687	-1.329036	1.0637802	1.456686	-0.9031559	-1.0404111	1.7234294	-0.12602699	0.57355535	-1.3564612	0.43688375	2.007917	-1.7019122	-0.9844336	-2.0401106
1.3877459	-2.2268784	-0.210995	2.1769593	-1.3463225	-2.0843453	-1.5454749	2.3891592	2.1771686	-0.2864852	-2.4743557	2.8887403	-1.2327363	-0.14148515	-2.530558	0.80460113	0.74560606	-1.6902679	-0.8864961	-1.475557
0.99938756	-2.942111	1.7289076	2.6562815	-2.497146	-4.1804595	-1.1571685	0.6813899	1.4034113	0.04951453	-1.0014235	1.3094594	-1.2212138	0.40300444	-1.9509934	1.2839181	3.0792112	-2.039996	-1.0803617	-1.7207283
1.5116763	-1.288231	0.16864839	0.6734791	-0.43004146	-0.761009	-0.22301807	0.69924074	-0.81661004	-1.4411973	-1.2431796	2.0340288	-0.4949233	0.29002535	-0.65115106	0.080510214	1.7776235	-0.9375678	-0.3626509	-0.9030055
1.4116969	-2.9967234	1.737643	3.2987783	-3.8653734	-4.3633094	-3.309389	1.4953951	2.092094	-0.22928703	-2.5365884	2.8280287	0.4140685	0.63629043	-3.7239535	2.2018712	3.1904984	-2.0387032	-2.4066334	-2.4067287
0.09753074	-1.3026503	0.21858159	1.6596824	-1.3518838	-2.1290574	-1.2567898	-0.12701683	0.37433225	-0.07217178	-1.1376072	0.2731991	-0.53686005	-0.28773177	-1.1731445	0.10887585	1.0661112	-0.7779357	-0.37371966	-0.4652225
-1.6644341	-1.8342425	-1.076078	1.9960654	-0.91278356	-1.8125138	-1.8162223	-0.38334864	0.11389737	0.01096472	-1.6701305	2.0067239	-0.7256522	-0.5906064	-1.3187213	2.9659464	-0.029600961	-2.7515874	-1.2940996	0.5518586
1.9033532	-2.5819428	0.7195913	1.6736076	-2.8180845	-3.9396539	-2.0517337	0.5459903	0.796566	-1.1116213	-0.87327486	3.7176836	-1.9650556	0.37880358	-4.62311	1.2942722	3.1111999	-2.395526	-0.87515694	-2.1581178
1.2300727	-1.8037161	0.9681125	1.2505211	-3.0346296	-2.5868356	-1.7250594	1.0418013	1.2833912	-0.5444403	-1.335829	1.5001141	-0.01855453	0.76404977	-2.4032898	-0.35128862	2.4417834	-0.9986656	-0.323826	-1.7443546
0.08430293	-1.6797149	-0.61946815	1.0288763	-1.3644699	-2.2014358	-2.2287169	-0.43172503	1.6147531	-0.3651909	-1.2731402	1.6981175	-0.6881735	-0.020147316	-2.2000713	1.0259346	1.1675618	-2.263432	-1.2338374	-0.9004814
1.9803998	-1.9863257	0.10836721	0.028559955	-1.5488049	-1.7738506	-1.2842655	0.38081497	0.73461646	-1.9812787	0.04323667	3.4896731	0.43258482	0.48779982	-3.0755186	-0.073979564	2.5090768	-1.7539092	-0.9134618	-1.575851
1.3891389	-2.4837484	1.6461327	1.8144674	-4.010144	-3.5683324	-2.9377615	0.7220985	1.6114713	-2.1713984	-1.7918953	3.2608328	0.572559	0.60218817	-2.8331966	0.35126778	2.4067693	-2.2320955	-0.46785432	-2.9083846
0.2569661	-2.6188765	1.3770667	3.1061206	-3.2813287	-3.7891781	-2.0027423	1.6103371	1.8886923	0.5370068	-1.8110948	2.1085994	-0.37141973	0.51497334	-3.087925	0.84612006	2.6326232	-1.497054	-1.0069126	-2.0818634
2.2682838	-0.83185744	1.0004983	0.33352506	-2.0743258	-2.7973099	-0.16443059	0.19123429	-0.8303834	-3.225365	0.34513748	3.304857	-1.5502381	0.23959938	-1.7314141	0.8886841	1.395529	-1.4252483	-1.2973958	-1.980549
2.5180686	-1.5259854	-0.5170379	2.5292914	-3.18682	-3.2767723	-3.1869144	1.3155141	0.6590025	-3.1723406	-3.5511048	7.921061	-2.495643	-0.24946561	-3.9109697	2.0718918	2.5037384	-3.0125046	-2.9762406	-3.5852442
0.15013236	-3.280322	0.9691026	1.8196284	-3.7886765	-3.6820292	-3.172269	0.65971595	1.6675543	0.04004969	-2.3819103	1.8396198	0.7340746	-0.021881811	-2.9287307	2.2047813	2.3757613	-1.3126558	-1.2075169	-0.9638651
0.92090577	-0.41447952	1.6701268	2.0104704	-1.4851512	-2.1101956	-0.79432005	1.7472973	-0.41792747	-0.20045385	-1.640618	1.2215024	-0.0048600687	0.097119235	-2.12894	1.2485387	1.2930765	-0.79027396	-1.7820169	-1.0036507
0.079993226	-2.0319333	0.6641088	1.5939956	-1.6933322	-2.4651232	-1.836871	-0.3473184	0.93376994	-0.48896676	-0.96211797	2.125573	-2.20335	-0.13256122	-2.0693622	0.8443618	2.0462563	-2.8028855	-1.0470101	-0.9929667
-0.18401322	-0.83814347	0.17681363	1.5848432	-1.4295019	-1.4822392	-0.8002592	0.22245595	1.0066507	-1.3925542	-1.0396851	1.4518762	-0.7589058	-0.015032016	-1.3997535	1.1793072	0.9828892	-1.4626712	-1.9444774	-0.8711256
1.4169167	-1.4696156	1.4695729	2.1278584	-2.4065652	-1.7668521	-1.3204477	0.78639907	0.84868467	-0.11371908	-1.947657	1.4737937	-0.24377184	0.14084026	-0.80394953	1.0613873	1.6653013	-0.36351293	-1.4827348	-1.6463524
0.002354629	-2.2533147	0.8772865	3.5404673	-2.8560448	-2.7677279	-2.1178732	1.185986	1.5416834	0.5105535	-1.5712652	0.7655577	0.026983632	0.7872789	-2.1693597	-0.039607964	2.167453	-0.7815934	-0.410522	-2.307994
1.1966983	-1.7900516	0.16383246	1.1921577	-1.8771062	-1.5734291	-1.5356461	0.13854948	0.48508057	-1.3249322	-0.6172201	3.1787703	-0.7325764	0.3082517	-2.40742	0.11163064	1.2305775	-1.2303252	-0.51120037	-1.5455711
0.4412416	-1.9083862	1.6378793	0.13085194	-2.8253152	-1.7984337	-2.5337384	0.97566366	0.6343691	-0.39938346	-1.9072424	2.3142745	1.2504233	0.92390704	-2.601051	0.15940414	2.4074838	-1.4659141	-0.13965873	-1.6576465
1.5521799	-1.8954959	2.893923	2.8122752	-3.3809037	-3.918815	-2.1130023	1.0916967	-0.2558542	-4.331796	-2.0514035	4.914942	0.46499854	0.69484466	-2.8942666	1.7173734	4.1372714	-1.9539149	-3.0334306	-3.605976
-0.17058893	-0.7889562	-0.57607424	1.7537315	-0.6901737	-2.3019729	-1.6444265	0.47856045	0.75067806	-1.1339942	-0.92554206	2.6230052	-0.714917	-0.983546	-1.5287467	1.8285108	0.55793524	-1.2232648	-1.7940483	-0.5027421
-0.09763781	-2.5750341	0.82694227	2.5357113	-2.4282558	-3.6081915	-1.4196419	0.29918116	0.13161804	0.008240279	-1.8289071	1.3547242	-0.81945586	0.09804654	-2.1314652	1.2286279	1.6081914	-1.0830717	-0.6813839	-0.8865574
1.9690497	-0.639085	0.6446594	1.74158	-1.3491381	-1.9871303	-1.153989	1.3676915	0.46191165	-1.5886952	-1.3772835	3.0790257	-0.75383604	-0.06400223	-1.9707795	0.8010389	1.8478929	-1.563776	-1.2602137	-1.6051745
1.7683369	0.057742964	0.609398	1.0813947	-0.91233724	-0.51574594	-1.1322745	-0.4331964	-0.048322137	-3.1400511	-1.073923	2.8790667	-1.3531373	-0.24157344	-1.1679863	0.27721298	-0.28795046	-1.1640642	-1.900185	-1.3343692
1.3722779	-1.5012877	0.99202985	0.834968	-1.6644218	-2.3897138	-0.55486566	1.013936	1.2657523	-0.95791435	-0.7889103	1.927448	-0.55708027	1.3488897	-2.5021093	0.6191405	2.0309262	-1.9154512	-1.0029379	-1.7844968
0.7332204	-1.0969912	0.42748144	2.9684613	-1.6533185	-2.7474563	-2.368632	0.4968551	1.47307	-0.41587296	-1.3703529	1.3385175	-1.2329618	-0.49631605	-0.9585156	0.8527217	1.1364578	-1.6459576	-1.6807674	-0.89938045
1.4159452	-1.0100099	-0.017258998	-0.138434	-0.855326	-0.5874583	-0.68844706	0.4849636	0.79538494	-2.624368	-0.59836453	1.9390701	-0.4215608	-0.4671176	-1.0351714	0.28339162	0.3527308	-0.59948874	-1.0247532	-1.1245558
1.3846298	-1.1323246	-0.13001792	0.96810776	0.33655393	-0.8162871	0.199389	-0.6295578	-0.7942404	-2.1346202	-0.43434468	2.5350928	-0.9260086	-0.058352463	-0.30726507	-0.335048	0.6161476	-0.34917322	0.93146074	-0.47720605
1.6185304	-0.83804595	0.63638246	1.3972175	-0.6648798	-0.83820623	-0.043344934	0.83289313	-1.4516387	-0.92786324	-1.8781596	2.5673792	-0.5983189	-0.03704034	-0.9931462	0.5214494	2.0739706	-1.1209353	-1.6244798	-0.37324885
0.8100493	-2.7209377	2.77375	3.3170176	-4.0120373	-4.1390023	-1.6699	1.6985198	1.5261638	0.1863912	-1.5409014	0.7828179	0.36749706	1.2046998	-3.4587946	0.9666099	3.9339387	-1.7586662	-1.196324	-1.9719957
1.4284396	-0.67926687	0.05041157	1.3293504	-0.379758	-2.0013256	-1.784049	0.3532213	0.5595508	-2.0570037	-1.4040933	3.0331135	-0.66191083	-0.50264555	-1.4622087	1.7994065	-0.12493943	-1.0038141	-0.678651	-1.3669782
0.51267666	-1.3981607	1.2793347	2.3547945	-1.5697116	-3.5907917	-1.3215715	0.43033308	0.96201706	-1.6593926	-0.061239537	1.3314348	0.76503456	0.56465715	-0.78018206	1.0353584	3.164414	-1.9394462	-1.2256964	-2.0116322
0.24426238	-2.0164638	0.82967395	0.24359551	-2.5020664	-1.9309443	-2.3077345	0.7453441	1.0076647	-0.096453145	-1.1017895	2.0364897	0.81445795	-0.07986638	-1.9282534	1.5179043	1.1062946	-1.4519243	-0.24308002	-1.1310965
-0.30357996	-1.7367809	0.24265839	1.111417	-0.9995695	-2.2573974	-1.6511042	0.21554959	0.8800142	-0.59131086	-1.7857273	2.2689683	-0.7334578	-0.610589	-1.3583093	2.0983016	0.22607203	-1.6264484	-1.9113373	-0.60079587
1.4434143	-1.1045837	0.7872177	1.3223584	-0.35872626	-2.0612707	-0.13315316	-0.034799483	-0.7694189	-3.3169358	-1.6608877	3.0075629	-1.5678782	-0.04372458	-0.58210605	1.8560975	1.0414915	-1.1541498	-1.8880321	-1.2327821
1.7708957	-1.2201588	2.218864	3.1626081	-0.8927557	-2.4684105	0.39890683	0.98541	-0.41806248	-1.1522107	-0.104204014	2.5497584	-2.5151925	0.20677543	-1.3523061	0.97247314	2.5357687	-1.3892967	-1.7324054	-1.4713997
1.9463723	-2.2807908	1.0910834	1.4945861	-3.0176578	-2.975952	-2.0316725	1.3665526	0.5733519	-2.307026	-1.4922813	3.8804424	-1.0914228	0.019580351	-3.4057698	1.320785	3.433876	-1.6140386	-2.2950156	-2.0285256
1.6601217	-0.8774598	1.0654253	2.7688763	-1.2583729	-2.2847245	-1.4561732	1.1853118	0.09036059	-1.698716	-2.130684	2.9967158	-0.6668093	0.085517004	-1.7898909	0.2502664	2.4668682	-1.2750658	-0.9687445	-1.9350641
1.7636108	-0.39081672	0.15169781	1.5632778	-1.9762744	-1.0470979	0.10282959	-0.79491544	0.18914491	-1.2479748	0.25620008	0.97800165	-1.0576437	0.8066296	-1.2431593	-1.3716203	1.4454871	-0.06617581	-0.39730856	-1.5684857
1.8129023	-4.6042833	1.386161	2.8335752	-5.2472105	-5.4410152	-3.980676	2.5541863	2.5753486	0.23570016	-3.1438556	4.271726	-0.35695836	0.56184936	-5.4359746	3.4639812	4.740417	-3.729797	-2.7387526	-2.3090897
0.43265465	-1.2973057	-0.27156484	1.9537446	-1.2218089	-2.6128993	-1.3011613	-0.6026399	0.76269203	-0.9265995	-0.073836125	1.9279453	-2.1425812	-0.31849462	-1.0979211	1.0208273	0.69311726	-1.3469839	-1.1805484	-1.1687115
0.84682345	-1.636045	1.8132713	-0.10998708	-2.2778916	-2.4442925	-2.1226678	0.46782735	1.4718049	-0.95533866	-0.7161127	1.1967679	1.6912204	0.49209076	-2.6081223	1.019307	3.289217	-0.868556	-1.2120651	-1.5128726
0.15665798	-1.3959143	0.8738034	2.06143	-1.6433173	-2.304646	-1.3747978	0.355527	0.3518399	-0.19126986	-1.2650025	0.67416346	-0.50247204	0.40592003	-1.2033906	0.7745167	1.0000433	-1.1493605	-1.0731723	-1.1939555
2.1232162	-1.4397521	1.1747023	1.9258271	-0.71987325	-2.0345314	-1.058944	1.3931426	1.0979958	-2.4001052	-1.6420466	3.1822577	-1.355118	-0.5400435	-1.6147468	0.76115674	1.0466738	-1.4468125	-1.654502	-1.8516471
-0.5161093	-1.5042812	1.3841215	0.94214827	-1.7382318	-2.1042979	-1.1036013	0.2077066	0.58455575	-0.36667255	-0.9227171	1.1143746	-0.389505	0.06842022	-1.7838588	1.5322613	1.4893013	-1.184668	-1.0666744	-0.8067574
0.03706411	-2.1394732	0.45014238	0.94328636	-3.02912	-3.8362257	-2.9803274	0.30282953	0.13727869	-0.4453976	-1.149272	3.1674523	0.9761597	0.07398993	-2.5576324	2.2983227	1.0267268	-1.9791511	-0.8272106	-1.5905325
0.46447754	-1.5429975	0.33511811	1.8486886	-0.26325983	-2.3035254	-1.7880077	0.50801396	0.96675676	-1.0635558	-0.62427837	2.0457888	0.062202916	-0.71317524	-0.7774133	2.1082644	0.30987296	-1.8879406	-2.219801	-0.36467323
0.2770615	-1.9566302	-0.121544465	1.5885464	-2.0670288	-2.2159178	-1.7249709	0.37767512	1.0392222	-0.2758135	-0.56318265	1.3573529	-0.61109304	0.17985824	-1.87454	2.0025885	0.52382666	-1.923772	-0.16085106	-1.0081786
2.3204613	-1.0203032	0.26250657	2.2897775	-2.0189393	-2.6691527	-0.99005115	0.61721146	-0.45545256	-1.5561521	-1.2265182	2.636315	-0.8543999	0.33000618	-1.5473967	-0.4319775	3.573696	-1.4703609	-0.82523906	-2.062898
-0.31029698	-1.1940722	1.6668772	1.767095	-2.3673034	-3.325417	-1.6425881	0.76422006	0.17752941	0.84187824	0.16513531	0.6292676	-0.45310274	0.31120193	-2.3504264	2.209642	2.5622091	-1.4385943	-1.6961068	-0.42407197
0.33828983	-2.7526822	2.2358582	1.8859692	-4.218075	-3.7693717	-2.2594302	1.0532484	1.4345391	1.1142503	-1.2278068	0.85816133	1.1172272	0.91602564	-2.4899793	1.0012106	2.224274	-0.92381555	-1.1452903	-2.0146425
0.7395228	-1.3961546	1.9631451	1.2396042	-4.0515695	-2.0503433	-2.9138086	1.3326588	1.8973982	0.3498939	-1.5185926	1.2432736	2.2966192	1.0291854	-2.4982307	0.17045344	1.7167373	0.08576733	-0.8300188	-2.2556658
-0.06385161	-3.6775274	1.7266146	1.9573416	-3.4040751	-3.3842201	-2.4405758	0.9602565	2.4717185	-0.37714458	-1.9753044	2.2672174	-0.88566613	0.28161535	-2.6387389	1.9735895	1.4296539	-2.7550566	-1.0278287	-1.5767239
1.4893355	-2.5951307	1.8528994	2.975096	-4.6917076	-4.3968754	-2.3103588	1.7859681	1.0549005	-1.1863618	-1.8177023	3.1867619	0.6354213	0.792552	-3.8150926	0.980722	4.2748685	-1.8916192	-2.459951	-3.1682937
2.314544	-0.8027349	0.17663491	0.41734394	-0.9263013	-0.79888177	-1.0065743	0.5765253	0.1958608	-2.360222	-1.1021376	2.4979022	0.550173	-0.15077506	-1.2277734	-0.66941905	2.4155645	-0.6455272	-1.0899838	-1.8348333
1.4147588	-1.0138397	1.4304962	0.6128587	-2.412187	-1.9000626	-1.7232224	1.2821337	1.5412874	-1.3400297	-1.7401385	2.4493444	0.1840726	0.28021112	-2.558633	0.07967288	2.3604984	-1.51438	-1.0151188	-1.7873883
0.35606328	-1.9370044	1.0809491	1.7431246	-2.3265662	-2.8487573	-1.8840698	1.9148326	1.5752851	-0.1252135	-1.5718849	0.84996396	0.24825542	0.12319808	-2.0590258	1.8115065	1.3738335	-1.2686714	-1.5001551	-1.5807533
0.72225416	-1.5865993	-0.35410935	0.625427	-1.0003387	-1.7199147	-0.7120092	-0.09893357	0.08426244	-1.1585491	-0.4294983	2.267487	-0.11315016	-0.47455022	-1.4585118	1.5318147	0.9487992	-1.5839368	-1.3393273	0.051783063
0.94897103	-2.2576683	0.9525241	1.9422413	-2.8112009	-2.599585	-1.6862214	0.6034006	2.0141425	0.54048085	-1.5413238	-0.2799067	0.48620775	0.91907996	-1.8672678	0.28035632	2.7339053	-0.7414711	-1.398672	-2.164017
0.91424435	-2.1399198	0.50589716	3.299614	-3.0630538	-3.886138	-3.008901	0.45304897	1.4015038	-1.1940742	-1.6319665	1.6588374	0.018679217	0.40306273	-2.4637098	1.3591319	2.6759048	-1.7249497	-1.5761367	-1.7847348
-0.5520838	-2.3717785	0.19503117	0.23068473	-1.0525923	-1.8427384	-1.3561014	-0.038987126	1.2288399	0.5774852	-0.4424223	1.39654	-0.0013971793	0.20121357	-1.1851134	0.80968285	0.30406278	-1.8852041	-0.22784182	-0.96850735
0.19962528	-1.6244339	1.4810076	1.7674673	-1.7443495	-3.6162124	-1.3577847	1.0457115	1.50257	-1.2429725	-1.0698045	1.6799498	0.09200566	0.36905003	-2.110173	1.3845752	1.342947	-0.8660521	-1.4370395	-2.264952
0.47646117	-1.9948615	0.25680518	2.074831	-1.2610687	-2.6692228	-2.0963242	1.2949772	1.5220215	0.009458961	-2.9103584	2.22074	0.17605393	0.2249802	-2.5741098	2.2399669	2.4768476	-1.8768022	-1.2465562	-1.2404448
0.9827	-1.136893	0.6121592	0.76530755	-0.34675342	-0.94403285	0.10680896	0.6847125	-0.5761371	0.16837732	-0.28243855	1.3570086	-0.59071904	0.345016	-0.9810274	1.0125077	2.3842986	-1.9003435	-0.21185909	-0.42959842
2.8126724	-0.9285752	0.4053995	0.24779737	-1.4955577	-0.86788625	-0.71252733	0.39383072	-0.6266875	-2.4399533	-1.7599748	3.2695978	-0.598488	-0.42530185	-2.5743787	-0.1072112	1.4458236	-0.5744808	-1.7086377	-1.599667
0.46987575	-1.901838	0.7483085	0.56003475	-0.49138942	-1.1951759	0.011266765	1.2745712	1.0274069	-0.72358465	-0.8281949	1.4430771	-0.30219325	0.49247542	-1.4792992	0.61237204	1.5592343	-1.7262733	0.5196355	-0.8024268
1.1250311	-0.8945466	0.09283122	1.1205871	-1.311008	-1.8492712	-1.4073149	1.0141962	0.7308672	-1.041292	-0.62026864	3.0062478	-0.68366516	-0.41972956	-1.4005784	1.4007686	1.0981375	-0.9113	-0.94056034	-1.7212268
0.27383718	-1.9243939	0.09670682	1.1845622	-0.80358815	-1.9561902	-1.1861792	-1.549517	-0.15113665	-0.9823457	-0.011533739	2.0139122	-1.7653676	-0.21491593	-1.110107	1.3566787	0.86350685	-1.8545055	-3.1687807e-05	-0.14491446
2.0157368	-2.5671396	1.4427562	1.8234576	-2.8846219	-3.965401	-1.8902313	0.93294394	-0.16609001	-2.1437385	-1.6069851	3.763565	-0.40820634	0.41033566	-4.1251683	2.06179	4.2819257	-2.7653217	-1.5451075	-2.2152808
2.1493895	-3.6315994	0.05737615	1.1388888	-2.174681	-2.364617	-2.3125947	2.925715	3.4716067	0.79604244	-3.1612265	2.4168432	0.059699263	0.68316835	-4.3738637	0.1912881	2.9830658	-3.2445793	-0.81535506	-1.9792166
0.24655494	-1.4394937	0.9539259	1.7086799	-1.6156622	-2.2889705	-1.8756081	0.41508022	-0.29715067	-0.7413696	-0.72921467	2.0202699	-0.15186143	-0.55375576	-1.3967005	1.5994525	1.7861019	-1.0121802	-1.103204	-0.8072909
2.0943706	-1.6363513	1.55777	1.4685123	-2.0001545	-2.6063163	-0.9992975	0.8351517	0.26299813	-0.9737741	-1.8622917	2.6017191	-0.7817251	1.0073504	-2.729243	-0.29154223	2.7325306	-1.0051883	-0.48372075	-1.8732948
2.0537765	-1.7180307	1.2113134	2.6845706	-2.5139122	-4.2344947	-1.9374068	1.3132942	-0.2062682	-2.3544662	-1.2949169	4.797957	-1.3177168	-0.22493696	-2.415261	1.8488146	3.6036172	-0.94144934	-1.7206173	-2.3104398
-0.123810895	-1.5602088	0.38529474	0.9303954	-0.95303756	-1.6783117	-1.0125035	0.2958725	0.13595794	-0.08315133	-1.2728735	1.9507889	-0.46838295	-0.097582795	-1.8691965	1.0436139	1.2176274	-1.183614	-0.07690484	-0.95271945
1.050896	-1.0971262	0.704257	1.6169407	-2.3786392	-1.4962884	-1.9652078	0.42025498	-0.4578815	-1.8862917	-1.8423787	2.5500884	0.23166838	-0.061779197	-1.2715946	1.2085985	1.6432447	-1.117046	-1.1383446	-1.3378524
1.9915512	-1.057561	-0.136145	1.4228429	-1.8492992	-1.2343012	-0.74945134	-0.015574215	-0.5944954	-1.6406429	-0.17749672	2.6535268	-0.76107746	0.5691144	-2.2833154	-0.87861747	1.8205798	-1.3820655	-0.78237844	-2.4264965
1.0111921	-1.2440645	-0.015814956	1.041329	-1.6796925	-2.372011	-0.629166	-0.7524184	-0.04647267	-0.19769213	-0.46265295	1.7250063	-0.4939982	0.029758137	-2.2015355	0.17140973	0.16556904	-0.23145008	-1.1156806	-0.99764895
1.251767	-3.5985544	1.8402998	3.3446333	-3.9636407	-4.86968	-3.867885	1.0465971	0.09858586	-2.499442	-3.9345891	5.0927076	0.6051673	-0.041873477	-4.5660233	3.1025891	3.6887102	-3.1323645	-2.531126	-2.57168
0.7566438	-2.8562992	-0.08204768	1.4789729	-1.4739014	-2.7304616	-1.6337653	0.47077742	1.2001998	-1.049673	-0.2709636	3.2563226	-1.2689815	-0.51598096	-3.2461743	2.1923966	2.2497468	-2.071138	-2.1546788	-0.98914176
0.16663231	-2.9436793	1.1414142	3.4948268	-1.4696983	-3.5117674	-1.099453	0.26295665	-0.038485404	-1.0753807	-1.2960894	2.914558	-0.6946796	0.61684674	-2.31045	1.651974	3.1730468	-2.6292048	-0.97649604	-1.4435375
-0.7594153	-1.6115468	0.58573145	1.197007	-1.4361352	-2.3350747	-1.6148804	0.8589889	-0.27982384	0.14622156	-1.7579802	1.8709925	-0.21219157	-0.4497906	-1.7297426	2.2595713	1.6687485	-1.613486	-1.6789768	-0.38380805
0.8630908	-0.1176755	-0.00013851136	0.65341926	-0.53940576	-0.70831406	-1.201195	0.8095839	-0.7801898	-0.4769063	-1.526257	1.2703123	-0.5445529	-0.7039695	-1.0255222	1.0152601	0.09926553	-0.55028397	-1.342181	-0.2344116
1.3964589	-1.0665195	0.9025248	0.9548188	-1.7471806	-1.4811624	-1.5903337	0.6006486	0.70803607	-1.5774623	-1.6402391	1.8481159	0.38498244	-0.39127252	-0.9120173	-0.23069641	1.4245147	-0.72573715	-1.0919949	-1.7783315
1.143413	-1.4321555	0.38150248	0.45107585	-0.7844222	-0.63776577	-0.12169922	1.3150218	0.75616086	-0.65093917	-1.6699518	1.6917958	0.2874285	0.036789175	-1.860929	0.1285388	2.5080597	-0.80815303	-0.40960136	-0.55676454
0.56855977	-1.481005	0.49586812	1.2997473	-2.298791	-2.2982335	-2.5928276	0.41051188	1.072316	-1.2517489	-1.6077834	2.1812994	0.7267807	-0.49008405	-1.6671427	1.6268394	1.6632506	-1.2336015	-2.2746646	-0.8287188
1.5129485	-0.8129745	1.1476407	0.8135621	-1.3131366	-1.326985	-1.18943	1.3009881	0.8645234	-1.0070025	-2.2100823	1.8541893	-0.19780046	0.34610876	-1.6367546	0.40116626	2.3665197	-1.5493916	-2.2433364	-1.9003669
-0.30789158	-3.2561903	1.5591598	2.178462	-3.780416	-3.6947887	-2.949441	0.35841525	1.6664481	-0.64456165	-1.3967782	2.416619	0.28509536	0.48512647	-3.0941467	2.1597495	2.465753	-2.4495544	-1.6986872	-1.5832932
0.74724406	-3.398999	1.5824089	2.7330709	-3.8198743	-3.345083	-1.7982968	1.7521156	0.06102582	-0.06257277	-3.3881774	3.774194	-0.35351673	0.4414865	-3.7037535	1.7640346	3.982182	-2.389797	-2.375297	-2.0076025
0.5504635	-2.3246868	0.64208907	1.9160527	-3.0597832	-3.817258	-2.284044	0.4586421	1.7297579	-0.276146	-1.0026476	2.8770494	-0.66900676	-0.20449644	-3.053964	3.0003664	1.9222939	-1.8453659	-2.4106433	-1.2049261
1.3819708	-2.693249	2.1940634	3.0758798	-3.982405	-4.295438	-2.5203128	0.8691107	0.8282332	-1.5479128	-1.2827884	3.8009813	-0.449832	1.1174141	-2.6133547	0.52474684	2.8843725	-1.8403419	-0.59153193	-3.1439307
1.7027514	-2.6331644	2.571737	3.048567	-4.4074655	-4.9668403	-2.9545205	1.9034271	1.3521215	-1.1915251	-1.8859792	3.6582513	-0.8295435	0.96467704	-4.384024	1.6581875	5.164017	-2.511004	-1.5695369	-3.0709555
0.4834455	-1.9328984	1.0022631	2.5986238	-0.6474495	-2.2851453	0.08892752	2.6256366	0.11897867	0.6353833	-1.9207742	1.936058	-0.7868756	0.5295284	-2.5951202	2.2438104	3.283064	-2.6241546	-1.5363418	-1.1259844
2.416585	-1.3291453	-0.069369994	1.6009252	-1.0061232	-2.4665809	-0.69075435	1.296539	0.61508596	-2.1016986	-0.96895355	2.9308746	-0.6525665	0.2888638	-2.3381553	0.053377707	2.0396256	-0.6846268	-0.5396726	-2.2043414
1.6721838	-2.0419965	1.3789885	2.8122451	-1.6192317	-3.8054638	-2.134564	1.4819417	1.812073	-1.501714	-1.5098968	2.7701483	-0.12931731	-0.031561952	-2.2827601	2.0692592	2.1175926	-1.8077602	-2.442948	-1.4887398
1.6019884	-1.260563	0.5489732	2.1255786	-1.2999165	-1.9282349	-1.4080399	1.0009844	0.32014745	-0.64786124	-1.4777781	2.574908	-0.21441013	0.29325926	-1.3534164	0.09860747	2.736007	-1.5538753	-0.7431344	-1.6987302
-0.50395936	-1.7865494	0.86649776	0.6626584	-2.7415566	-2.863488	-2.1811874	-0.4881911	0.3387985	-1.0474446	-0.009131694	1.3727654	1.2468245	0.30719367	-1.9304289	0.8300411	2.889602	-2.0359113	-0.67875487	-1.4924749
1.3137401	-1.0979298	0.8495286	0.3801264	-2.5281687	-1.6270884	-2.0742285	0.88097143	0.81755245	-0.38286257	-2.4144726	1.9079686	0.9819261	0.12567034	-2.7448735	0.27863553	0.88610923	-0.26942176	-1.592156	-1.1473005
-0.30722702	-2.8692992	1.8826884	2.705744	-2.5356417	-3.324209	-1.685672	1.5865167	1.4213169	-1.0632073	-2.5438132	1.7708453	0.23396966	0.95155174	-3.1388671	1.7804798	4.951017	-3.0537016	-1.6836543	-1.7400693
1.115284	-3.0257065	0.058614798	1.7332288	-3.2888052	-3.1207576	-2.008778	0.047573574	0.7802707	-0.28515798	-1.0265902	1.7293832	-0.43919078	0.46877393	-3.2723749	0.5268026	3.3652496	-2.0571702	-1.0413072	-2.1392167
0.41277954	-2.0697043	0.55324703	1.5153949	-1.9520769	-2.7704933	-1.4664663	0.9304534	1.2757264	-0.10280968	-1.4344107	1.2098001	-0.0709904	-0.08940004	-2.348497	2.1138532	1.4917526	-2.1046507	-2.161924	-0.6301799
1.7047875	-1.7236251	0.62481266	1.7317232	-2.215126	-2.066082	-1.071773	1.2899176	1.951154	-0.11746184	-0.51055616	1.0192839	-0.13640155	0.35032654	-1.6524708	-0.13423131	1.9106463	-0.94424826	-0.32555303	-1.7815838
1.1064442	-3.0045044	1.3342264	1.5594943	-1.9790243	-2.1515818	-0.2887068	0.11431009	0.7794919	-1.7815849	-0.93760407	2.7194622	-1.504637	0.6721201	-2.4534917	0.86735815	2.8769512	-1.910638	-0.88375866	-0.996264
0.17657383	-1.9384032	-0.48610172	2.4016972	-1.6428783	-2.7788198	-2.2639258	-0.31577444	0.8496389	-0.8250132	-1.6199278	2.9237509	-1.0328926	-0.39713702	-1.2890551	1.1719528	0.17397071	-1.6406012	-0.6019283	-1.7478466
1.1729798	-0.9907071	0.26495814	1.7753799	-1.2178729	-0.90792346	0.1842299	0.5779669	0.82175267	-2.034151	-0.14330488	1.2993267	-0.73786736	0.12553824	-0.98719317	-0.20007278	1.3984922	0.001412789	-0.75247806	-1.5676076
1.0984913	-2.7130902	2.2902877	0.5571404	-2.8354676	-3.749817	-1.3754163	-0.38850918	1.2818462	-1.8180429	0.111385144	1.776151	-0.6494268	0.35563114	-3.087778	0.9519215	2.9193006	-1.6331134	-1.2740008	-1.7116692
0.059376273	-1.5612056	-0.6121034	1.9956741	0.08381726	-2.0280788	-1.1907326	-0.29364634	0.52077	-1.4625089	-0.95252264	2.85625	-0.81765497	-0.094825305	-1.5988457	1.2446159	0.51086545	-1.6788064	-0.6790606	-0.6936412
0.7766203	-2.4028769	2.0210779	2.2565362	-2.6456213	-3.9047503	-1.481108	0.8009251	1.1029068	-1.3467667	-1.9632192	3.9358895	-1.9059162	0.5586568	-3.26438	1.1384948	3.4336982	-2.7357783	-1.3964893	-2.0219014
-0.23122114	-0.90724367	-0.5759884	0.33550137	-0.03941894	-1.787758	-1.4074924	-0.110982776	-0.09304874	-0.43946955	-0.95279634	1.5477363	-0.66682243	-0.76744187	-1.7094039	1.2674898	-0.22449572	-1.5734311	-1.6413008	0.052482147
1.116618	-2.6672163	1.0537395	3.2685833	-1.8306347	-2.9117572	-1.5202965	1.5013444	1.6586362	-0.6032809	-1.8961123	1.8463658	0.20893933	1.1172856	-2.9768162	0.97246873	3.6770213	-1.864161	-0.3923593	-2.6249511
-0.3632788	-2.4414687	0.37526932	1.5065458	-2.6780093	-3.8067298	-1.7781495	-0.55489403	1.096382	0.56850404	-1.9782236	1.8055797	-0.9258898	0.79107267	-3.6308112	1.3539755	1.3401194	-2.2474673	-1.3239783	-0.901217
1.2063317	-1.0743641	0.09487742	1.3165766	0.07612449	-1.1688297	-0.41535935	1.4241534	0.24800685	-1.3998159	-1.1959021	2.2640016	-0.3324058	0.49969894	-1.6251392	0.094325624	2.1679416	-1.745835	-0.64220315	-1.6554214
1.982076	-0.15282334	0.1265063	2.5896287	-1.1742748	-1.8088528	-0.8327517	0.42494637	-1.184226	-2.8484185	-1.7483671	4.500197	-1.9962095	-0.7948116	-1.7467119	0.54546905	1.6840068	-0.18940401	-1.2132487	-1.5865352
0.47937468	-2.1186433	0.28641552	1.728304	-1.7914125	-2.3931026	-2.62207	0.23891494	1.6186056	0.122988634	-1.8900189	1.4352626	-0.675227	-0.15119937	-1.4944022	1.0665835	1.2449278	-1.6433436	-0.6926744	-0.88686544
1.0591162	-2.7325788	1.1093318	0.5317918	-2.593283	-2.3379445	-1.4584056	1.2197249	1.2120008	0.10045616	-2.269858	3.0058534	-0.39009383	0.5948281	-3.363688	1.3709499	3.0326557	-1.0903537	-1.4109976	-1.6765605
0.26180673	-1.229912	0.9393017	1.6614877	-1.8530173	-2.3904176	-1.2571582	0.61965895	-0.21082176	-1.2242526	-1.6072347	2.2613502	-0.23234712	0.03092119	-2.2766938	2.2420268	2.6114264	-1.872004	-1.6824021	-1.2508947
0.93988234	-1.5726669	-0.25251466	1.197233	-1.7100127	-2.5492346	-0.7585407	-0.13782144	-0.23883888	-0.8428742	0.02546027	2.3130283	-0.43028873	0.2977177	-2.3980277	0.7920283	0.95935553	-1.2761554	-1.1003009	-1.9638
-0.74824965	-1.9848406	1.0058203	1.848188	-2.3127606	-3.177363	-1.9368924	-0.45190686	0.9413945	1.1904789	-0.7617594	0.61171454	0.7731392	0.32147846	-2.1957536	0.34275162	1.0368978	-1.2893144	-0.66894114	-0.18236999
1.5292228	-0.7204091	1.047325	1.8504612	-0.0011624843	-2.140154	-0.001956299	0.80224985	0.34712636	-2.682385	-0.36229697	2.0459955	-0.69730437	0.36670122	-0.9482619	-0.23420931	2.319573	-1.3645815	-0.9340483	-2.204275
1.7077079	-1.1053076	0.91732043	1.775892	-1.9711891	-2.9495838	-1.4490618	0.87077916	0.35185713	-0.8896167	-0.6226517	2.1767416	-0.2326005	0.15876752	-1.9149066	0.44610402	2.0010192	-0.68522894	-0.06796754	-1.6603281
0.16898887	-0.6207524	-0.21383956	0.33113852	-1.6523114	-1.9685385	-1.6344699	0.54148626	0.11138221	-1.6447037	-0.47941196	2.2185466	0.23484133	-0.83269227	-1.6755396	1.995417	0.80374736	-1.4638954	-2.0976825	-0.4153352
0.3830744	-3.059626	1.6494409	2.3247976	-3.8384295	-3.3088188	-3.3114898	1.3328538	2.329933	0.40090886	-2.2160912	1.7004045	1.1926869	0.85357684	-3.0083368	1.6449796	3.2770743	-1.6168413	-1.6114076	-1.8752949
1.2848577	-1.3582028	0.07459039	2.0180154	-1.7159991	-2.3851182	-1.4657983	0.4041309	-0.14460316	-0.10658395	-1.1534315	3.1150634	-1.0782514	0.0840348	-1.594989	-0.11651982	1.8747377	-0.96088916	0.16846853	-1.1375405
1.268614	-2.6979544	1.564371	2.3864481	-2.9574409	-3.675218	-2.2098422	0.45288095	0.37573656	-1.3011824	-1.6364943	3.4613683	-0.58930695	0.6421111	-3.3864238	1.2001452	2.6753197	-2.8562155	-0.70088893	-2.433879
-0.47788283	-2.7600198	2.4193504	2.7786984	-2.4512718	-2.559678	-1.0061517	0.17018521	0.65756243	-1.8499664	-1.358454	2.3569846	0.1470841	0.51250374	-2.183656	1.1116959	3.5911038	-1.947903	-1.0350063	-2.1348789
-0.99724525	-1.1428579	0.74328387	1.1077286	-0.7374076	-1.3864514	-0.9360576	-0.23114438	-0.3059984	-0.9141097	-1.4788369	1.6129014	-0.47664565	-0.28044707	-0.38428017	1.8797412	0.32527137	-1.4639384	-1.0110295	0.3045758
1.6966907	-1.1146944	0.59996295	0.59414434	-0.8492946	-1.3596672	-1.0235348	1.0106094	0.9707389	-1.262983	-0.659569	1.7691917	-0.23240414	0.4727693	-2.182399	0.54758996	1.9763049	-1.344887	-0.9058135	-1.3381423
2.075004	-1.4434341	0.1858937	2.69355	-1.8303623	-2.3255253	-0.43761122	0.45100397	-0.82498497	-1.8228815	-1.2392453	2.3201318	-0.32598665	0.8375435	-0.8958237	-0.120107345	2.675093	-1.3934216	-0.19697042	-1.9006124
0.7750868	-2.1236558	1.5175136	-0.19969878	-2.2123065	-1.6015983	-1.7859867	-0.07717841	1.6063105	-1.094431	-1.0668677	1.0471585	0.23736587	-0.19329335	-1.8865107	1.7452378	1.3398019	-0.79934305	-1.6569321	-0.59889716
2.6478915	-1.5176079	1.5434742	3.2070222	-3.7408047	-3.607595	-3.2144744	2.0526748	0.32815796	-2.178657	-3.665245	5.5650606	-0.85492706	-0.026141167	-3.641134	1.9464599	4.2690544	-2.132577	-3.5035443	-3.045407
0.5218461	-1.3703848	-0.036057837	1.6319994	-2.4076922	-2.4710927	-2.084049	1.5299995	0.9179227	-0.15826963	-2.402566	2.1685405	-0.34497863	-0.39876157	-2.3657334	1.0198159	1.2047408	-1.2591276	-2.1947935	-1.4438251
-0.17559215	-2.764749	0.9800627	2.332161	-1.7069842	-3.3676462	-1.2522031	1.1910748	0.7776721	0.24411587	-2.0405056	1.6506076	-0.6503137	0.22650066	-2.5848036	1.9391599	3.0957823	-1.6185713	-1.1713802	-1.0121127
0.43426067	-0.24236533	1.255893	1.5179595	0.026147513	-0.90847874	-0.74078065	0.8294484	0.6764935	-1.0138069	-1.2724084	1.1462281	-0.86872697	-0.59301865	-0.36818907	1.7441124	0.49181277	-1.3314726	-2.19166	-0.107479185
1.3564618	-1.3220987	0.44449642	1.0035996	-0.92336845	-1.5672306	-0.44690663	0.4305824	-0.41266304	-2.3251867	-0.30917886	1.9851784	0.2809289	0.11712391	-1.088312	-0.65846246	2.6325436	-1.1790029	-0.083718695	-1.8020852
2.0446384	-1.3824345	0.37617454	2.507296	-1.2717435	-3.4390092	-0.85023284	0.7955875	-0.7837457	-0.88301337	-1.8479464	2.937872	-1.4826962	0.049441796	-2.546283	1.1505352	2.640423	-1.4918635	-2.1310492	-1.2775952
-0.3061183	-2.2149725	0.21936934	1.5099136	-1.9745337	-2.0867984	-1.696685	-0.30618444	1.067918	-0.26445723	-1.2263361	1.8234652	-0.6949972	0.009303078	-1.6846148	0.23270792	1.0392455	-1.2968404	-0.32059067	-1.0070682
-0.93472564	-2.7792943	-0.5758772	1.0389096	-2.1971748	-2.561259	-2.169382	-0.14858513	0.7855992	0.79934776	-0.7631827	1.199532	-0.06774906	-0.37752455	-2.304972	2.8459415	0.21986137	-2.2714994	-1.449448	-0.034284517
1.0876468	-1.5578028	0.67114973	0.8129954	-3.432384	-3.2552218	-3.2403102	0.63221335	0.6426293	-1.4722325	-2.2698505	3.5766256	0.653986	-0.2987801	-3.6003478	2.5799558	1.8904694	-1.7728184	-1.9391905	-1.9048427
0.9930364	-2.561187	1.2648875	1.3143425	-2.084934	-1.6572943	-0.44898763	1.8066471	1.4653827	-0.07512628	-2.2347398	1.5499734	0.4810347	0.82809585	-2.8011758	0.12797733	3.7326286	-1.6549293	-0.9282425	-1.4706922
1.4167814	-1.0059956	0.27605963	2.7748768	-1.0898354	-3.2227187	-1.2573094	1.1484063	-0.22812034	-1.0784825	-1.8196446	2.5658102	-0.4825831	0.12705044	-2.3373384	1.6906692	2.2653809	-1.3700202	-1.9880859	-1.8832355
0.64819956	-1.495305	0.34679577	1.7286551	-2.4838145	-2.29911	-1.9942349	0.03596734	1.3142456	-0.43929517	-0.8066325	1.5311873	-0.7811522	-0.10820969	-1.4796407	0.9280117	0.4336568	-1.5229537	-1.0965868	-0.8699108
1.5972644	-2.6365285	1.1255883	2.9823096	-2.1314776	-3.4770534	-1.2051961	0.70774966	-0.26668546	-1.1550126	-2.4840548	2.9706864	-0.8614669	0.6487709	-3.0909832	0.8394051	3.2800817	-1.1714474	-0.57597613	-1.8691034
1.1339682	-0.76351637	1.621866	2.860539	0.08847302	-3.092657	-1.1801922	0.05529646	0.9416868	-1.6813807	0.2411881	2.0473845	-1.9859325	-0.7511811	-0.79712516	1.5614785	1.0782264	-1.1557033	-1.6064775	-0.81490827
1.3746545	-1.3738574	0.9935527	-0.37171602	-1.4150112	-0.76978046	-0.9676716	0.6230738	0.9519974	-1.8567098	-1.6586968	2.5302033	0.17659946	0.39524594	-1.5470321	-0.35608733	1.5972487	-0.45828396	-0.61010045	-1.477276
1.1908818	-1.9721031	1.7690284	1.0818374	-2.5495415	-2.6992102	-1.6068074	0.39917317	0.5689342	-2.1995695	-0.64466155	2.5422566	-0.15830877	0.43199226	-2.954925	1.5115498	2.992276	-2.1626592	-1.4031216	-1.7635977
0.15194571	-2.2434483	0.9444228	1.5087943	-1.6637777	-2.5836287	-1.1947023	1.2539564	1.2071625	0.058305573	-1.1946536	1.5156119	-0.60480624	0.027563162	-1.756937	2.3093476	0.4399137	-1.5209095	-1.433521	-0.94799614
-0.47029063	-2.4683056	0.7864287	2.7524264	-2.7977464	-2.6878319	-3.1382751	0.9522197	0.8007075	1.0629305	-3.2361753	2.3095062	0.7773317	0.34698105	-2.097357	1.4467449	0.96290976	-1.8695015	-1.0087382	-1.6619662
0.7067043	-2.5139554	0.6283082	0.14346874	-2.0866082	-1.7902777	-1.5795423	0.23582703	0.9164525	-0.6259991	-2.0626192	2.000727	0.33331314	0.0038251323	-2.1086729	1.0480872	2.6085894	-1.6256887	-1.7572765	-1.4407905
1.5283486	-2.2310376	0.812069	1.2456186	-1.8434289	-3.1184635	-1.493625	0.8512471	0.7296119	-1.4258374	-0.6980276	3.651661	-1.2871672	-0.33077163	-2.912707	1.5412548	1.6711614	-2.3352313	-1.5167086	-1.3705245
1.4923121	-2.435128	1.4177864	3.453103	-3.416446	-4.272456	-1.8901178	1.0587035	0.028463315	-1.1002581	-2.2792354	2.8283315	0.06202358	0.9507576	-3.6342492	0.9091924	4.206461	-2.2671723	-1.3789219	-2.5530906
1.0573733	-2.0551326	0.75909066	1.5662395	-1.9719743	-2.1215122	-0.85015994	1.6924522	0.70487523	0.55213296	-1.6001865	1.2789729	-0.15903026	0.34814447	-1.8716891	0.6053453	2.675167	-1.0368536	-0.79179454	-0.8749164
-0.37281486	-1.7853624	1.0710356	1.1044466	-1.6455367	-2.2071512	-0.96960825	0.16761641	0.12863232	0.068574645	-0.8491671	1.1440799	-0.37705895	-0.024341421	-2.3268034	1.3921663	0.94387156	-1.3731827	-1.2277194	-0.8859288
0.15360321	-1.2671666	0.9439263	0.8345773	-2.1301136	-2.3989332	-1.1900891	0.061190426	0.5502383	0.0913978	-1.6349994	0.97621423	0.11653902	0.78060955	-2.0347824	0.30295354	2.9480286	-1.0003045	-1.0669619	-0.6669018
0.9377438	-0.0718219	0.33733997	1.5079217	-0.6819295	-1.3262115	-1.0134314	-0.89005524	1.0141847	-0.3681647	0.78241134	-1.0856531	0.14739823	0.054617427	-0.17246887	-0.08195337	0.5100256	0.5295305	-0.7665546	-0.76722556
0.12831536	-1.784256	0.6080384	1.9947011	-1.3802589	-2.5788434	-1.3730174	-0.91853386	-0.33343905	-0.51697725	-0.5379719	1.1361051	-0.69783247	-0.08305704	-0.76633674	0.95039415	1.2630594	-1.1716825	-0.17791176	-0.44566485
0.017960172	-2.2390492	1.3404717	1.9094075	-1.8056606	-2.7462566	-1.768672	0.52931654	1.4908081	-0.23173192	-1.6407152	0.28696913	-0.15329129	-0.019997237	-1.9364895	1.2417974	2.4343402	-1.282124	-1.1648864	-0.88003945
0.46635714	-1.700779	1.0185955	1.7894642	-2.190946	-1.6241307	-1.7467461	0.99061346	-0.09817104	-0.26202777	-1.016224	1.8300831	0.69781345	0.531312	-1.6501447	-0.18113533	2.754139	-1.1851078	0.017317472	-1.6905359
1.6267147	-1.3882514	1.3140442	1.756135	-1.3373277	-2.1049404	-1.796099	1.2633954	0.4486729	-1.3432645	-2.4654183	2.6446197	-0.44219422	0.054179065	-1.7335694	1.1623102	2.0253017	-1.3233267	-2.4279985	-1.3463072
0.46610644	-1.6997648	0.31064048	0.7901722	-2.1804235	-2.0243928	-1.8520088	0.5234395	0.6208538	-1.1148773	-0.30045018	2.7373905	0.72144324	0.4485737	-2.2761967	0.7680498	1.095929	-1.5495052	-0.40690964	-2.0880888
1.6707962	-1.6115003	0.84185493	1.3401692	-1.6513686	-1.7978561	-0.95153177	-0.19078769	-0.26104233	-1.5507928	-0.86717963	2.2362826	-0.3923745	0.50628203	-1.5402311	-0.46011594	1.8190994	-0.48885912	-0.10379051	-1.9341168
0.98002106	-2.6962724	1.2659298	1.470865	-1.96302	-2.06234	-1.0189834	1.7214781	1.5956478	0.25678313	-0.7836693	1.2847766	0.7551493	1.4572171	-2.8585193	0.361847	2.5880275	-1.3830937	0.33948025	-1.7090691
-0.36811242	-0.40002882	0.40201572	0.27462077	-1.7176929	-2.382451	-1.8931311	-0.5370597	-0.30569524	-0.8324756	-0.07407837	1.269665	0.88972473	-0.1633489	-1.0268482	0.7595957	0.626853	-0.96585923	-1.3028628	-0.9599596
0.7572514	-0.83769053	-0.37513512	1.7416042	-0.6729862	-1.3399658	-1.392029	0.5793672	-0.59858173	-0.14490744	-1.7773829	1.5709293	-0.66158086	-0.42354432	-0.91741824	1.5785851	0.34332463	-1.4817837	-2.151741	-0.43894926
0.3878249	-1.4259579	0.39413503	1.5978361	-2.8172524	-2.624108	-2.2777498	1.0338389	0.6211044	-0.45669883	-1.6264511	2.75149	0.6767598	0.23683694	-2.6325011	1.1775596	0.94831795	-1.708754	-2.1404555	-1.8258252
0.6359496	-3.1207266	1.2925482	2.767984	-2.8914242	-4.179893	-2.187276	0.8050599	0.49314955	-0.91129434	-2.3360357	2.967901	-0.44742706	0.70923334	-3.8333526	1.6003972	3.641577	-1.8153908	-0.36559936	-1.7369078
1.9945061	-1.6899993	2.2728195	1.544577	-2.4679027	-3.4036746	-1.9796981	2.0094035	1.4481843	-1.6356093	-1.5606115	2.9697666	0.4035131	0.6679971	-2.976257	1.2423397	2.8703344	-1.0085255	-1.0154953	-2.6063595
1.3527212	-0.5803603	0.6451684	1.2558851	-2.121947	-1.6710936	-0.7259824	0.09134913	0.14421064	-1.5655862	-0.7359558	2.3634155	-0.12383509	0.5148164	-0.93406	-0.5026587	2.0683923	-0.32800224	-0.06361449	-1.7905716
1.3951929	-2.5032947	1.9154122	2.283905	-3.2039473	-5.402899	-1.463592	0.04429208	-1.131113	-1.5864512	-1.4980748	3.5429683	-0.2714959	0.80823547	-3.587625	2.1661925	3.1598024	-2.544239	-1.5160668	-1.9196172
0.6442863	-2.0802476	0.3346018	1.0009325	-1.6862696	-1.5810468	-1.1671796	1.5708139	1.2706493	-0.21301836	-2.3381865	2.612685	-0.16725236	-0.21585317	-2.0667696	1.3545753	1.7729782	-1.2081902	-1.9539727	-1.3916574
0.39807606	-2.4845958	-0.08807661	1.9047178	-1.9170432	-3.034712	-1.6925582	0.8787386	0.28432667	0.64613277	-2.437018	2.2902515	-0.5713395	0.0134082455	-2.5843878	1.4990906	1.8126818	-1.8297864	-1.5408803	-0.94836724
0.9259071	-2.2333632	0.576071	0.999659	-1.9821882	-2.701726	-1.7785265	1.6731814	1.301115	0.43316954	-1.0120318	1.4207801	-0.12063209	-0.069687344	-2.6717498	2.2352881	2.2507083	-1.7179874	-1.0510291	-0.4873787
0.19141589	-1.5854926	2.196185	0.9096444	-2.0734308	-3.339178	-1.4706202	0.41785347	1.5137436	-1.5056504	-0.41123226	1.970876	-0.3699193	0.1037034	-2.3575702	1.242216	2.7928872	-2.197174	-1.8938748	-1.4488358
1.4337934	-1.3739687	0.22283845	1.5022868	-2.1240385	-1.4913459	-1.8461571	0.78207636	-0.040424146	-1.1422819	-1.8081334	2.3975008	0.23620275	0.33518472	-2.1057675	0.44333947	1.4812806	-1.4322299	-0.64095443	-1.7461003
0.8492674	-2.6317654	2.407486	1.2081672	-2.6194296	-2.289273	-1.862124	0.28779623	0.24625649	-1.3707538	-1.9624419	1.8578665	-1.1834306	-0.05785091	-2.2719584	1.0753566	2.6732802	-1.8654048	-1.5929459	-1.1167421
0.81721294	-2.2967746	0.97060585	0.55420226	-2.462321	-2.2087774	-2.009661	1.2949584	1.0217121	-0.58550495	-2.4143791	2.8317008	0.76993954	0.25043908	-3.0298114	1.5565925	2.015293	-1.2859297	-1.4381382	-1.9151977
0.6641164	-2.1493032	0.72148377	2.3993704	-1.5249513	-3.3361874	-0.9252188	-0.73393667	-0.7292123	-2.9960945	0.3839797	3.0104468	-0.92668086	0.60761464	-1.4069173	1.5318478	2.5489023	-2.9109411	-0.27542087	-2.0966532
1.4237952	-1.6118045	0.8559356	1.1203214	-2.0346336	-2.2176895	-2.0466435	0.83837694	0.2958972	-0.26950434	-0.618644	2.109901	0.28459558	0.059179895	-2.0434148	0.3899005	1.6617641	-1.31664	-0.47121847	-1.5848991
1.748326	-1.2334296	1.3729724	1.7296004	-2.4129686	-2.3299806	-1.4159044	1.0072526	0.42269194	-0.70315236	-1.8202192	2.354798	0.1373732	0.82918984	-2.3337586	0.6090111	2.5157905	-0.05450084	-0.8961212	-1.9466994
1.4695442	-1.120017	0.88993615	2.3961577	-1.028311	-2.948777	-0.49644664	0.9824639	-0.7416782	-1.2424852	-1.5212325	2.963869	-0.7854848	0.63144237	-1.7723616	0.6525198	2.8177845	-1.0672886	-0.1775037	-1.703332
-0.8025495	-2.9271834	0.45058066	2.4085517	-1.6021433	-2.5708916	-1.7888768	0.6216421	1.4391093	1.0005107	-1.6836238	1.1449482	-1.0264206	0.21493573	-1.483392	2.0724797	0.7542663	-2.4200242	-1.1067142	-0.61471695
-0.69658256	-2.8443012	2.0975091	3.3066063	-3.8836708	-2.556966	-2.8467467	1.1103117	1.7601358	-0.13418615	-3.4693348	1.9561715	0.6388936	0.53494006	-0.44121972	0.9959187	0.8361412	-1.259811	-0.5217544	-1.8936924
0.9131712	-1.3149128	1.3002517	1.4213759	-1.7949256	-2.624569	-1.5913212	0.9435185	1.1891499	-0.2694038	-1.4383528	1.1188798	0.2280038	-0.07507979	-1.7362831	0.30758616	2.6798427	-0.5026098	-0.92673063	-1.5304537
0.06529919	-1.8184754	0.26932943	2.1237087	-1.8912578	-3.3682866	-1.6113907	0.18786758	0.61800003	-0.34297517	-0.42365506	1.7986122	-0.7806544	0.4322257	-2.715241	1.6629813	1.3688016	-2.736555	-1.988025	-1.1053554
0.24711582	-0.26509157	-0.140313	1.2136042	-0.9811504	-1.2169394	-0.94625825	1.6832377	-0.2769916	-0.78617543	-1.7598723	2.0122268	-0.70211995	-0.5804005	-0.4532754	2.4041457	0.72480565	-1.8370827	-2.363071	-0.15961361
0.80958486	-1.346373	1.5768234	1.5662119	-1.2725273	-1.6978222	-1.9070172	0.87536025	-0.50458306	-1.0802841	-1.9085164	2.694995	-0.053456433	-0.18538369	-1.560169	0.9883868	1.6942003	-1.2008883	-1.5388004	-0.9994278
0.59594357	-1.4872181	1.1424477	2.4678721	-1.7691185	-1.567286	-1.4533085	0.3548493	1.05563	0.33959526	-1.5550463	0.52366126	-0.16560625	0.44839793	-1.3224665	-0.46800992	1.3785825	-0.7184192	-0.7801968	-1.2013869
-0.29129988	-1.762052	0.8468003	1.5704981	-1.1611114	-2.8736355	-0.98590875	0.97965723	1.079106	0.15140413	-1.1499696	1.2299447	0.0017436816	0.3541182	-1.8570795	1.7954875	1.1349803	-1.3388307	-1.6610026	-1.0491672
1.169615	-0.92005044	1.5813351	1.7015208	-2.1333191	-3.019399	-2.3180537	1.4267675	0.060936686	-2.3163726	-1.5859976	3.5441384	0.73798865	0.17380616	-2.3150065	1.4642011	3.068532	-1.3246093	-1.5532863	-2.8399825
0.99871105	-2.0988028	1.6604834	1.3265474	-1.417765	-2.4695742	-1.010009	1.4788717	1.4225054	-1.0770756	-0.8651581	2.001254	0.32125455	0.41233307	-2.674465	2.045953	2.8163073	-1.9411918	-1.9764972	-1.5489374
1.3318037	-2.886994	1.2659451	3.231616	-2.5623064	-3.7042334	-2.7618425	1.0861297	2.0505204	-0.88193613	-2.556854	2.1382854	-0.3770136	0.42278597	-3.3297393	1.5843065	2.549976	-2.6527996	-2.2217677	-1.9564673
1.1685668	-0.6490938	0.11687637	1.2335167	-0.7962313	-1.3328276	-0.4843065	1.5902599	0.6599537	-0.2026809	-1.9941871	1.6720512	-0.92685974	0.1676857	-2.3346255	0.13832487	2.4445543	-0.8526373	-1.432004	-1.1049289
-0.638367	-2.5685449	0.2032045	1.535544	-2.4664352	-2.8487284	-1.198681	0.07175219	0.5825952	0.22085252	-0.5067911	1.1718651	-0.27075773	0.43024868	-1.6212101	1.2523563	1.6499887	-2.3478503	-0.41211855	-1.0291079
0.5638766	-1.8586236	0.4462814	1.4156033	-1.630932	-2.5961652	-1.5621444	0.36400634	0.7870333	-1.1861856	-1.3728135	1.9140162	-0.9760597	0.24418011	-2.3158386	1.1134597	1.3306243	-2.1446378	-1.4796299	-1.2104956
1.3739028	-1.6422635	0.9164	2.2724006	-1.6639105	-0.645306	0.03141404	0.49445802	-0.954458	-1.6601136	-2.1170607	3.3338733	-1.1865143	-0.21776277	0.09322255	-0.28531596	1.3348136	-0.78980994	-0.32693967	-1.063474
2.0635667	-0.52886903	0.07090893	0.84719104	-1.0504577	0.21432519	-0.39450336	0.15018162	-0.60896015	-2.622748	-1.7682612	3.6457474	-0.4145655	-0.17038889	-0.05807684	-0.5701007	0.25552496	-0.4477616	-1.5237161	-1.0968497
1.1609598	-1.6737765	0.3826119	2.074251	-0.7717492	-1.6277262	0.16085076	1.5350553	-0.051998407	-0.07292065	-1.4576291	1.3964872	-0.9628766	0.7373258	-1.2213304	-0.097883016	2.479401	-0.72299975	-0.1518104	-1.4973643
0.48627728	-0.24866629	1.5251552	1.9566312	-2.7881527	-2.64622	-1.8890263	0.35303074	1.4679091	-0.2706716	-0.8944356	0.6622559	0.92781454	0.86649615	-1.5108279	-0.37963647	1.1677434	-0.7494984	-0.52984554	-2.4475927
1.476977	-0.92537636	0.52152324	0.37414733	-1.3174106	-1.7649157	-0.50788724	0.36813056	-1.0864092	-0.74568605	-1.1273988	1.4305575	-0.6202593	0.3225062	-2.403505	0.83535534	2.306046	-1.3521671	-1.2590024	-0.4466573
1.1692296	-1.8676778	0.793637	0.7914657	-2.5421367	-1.8968813	-1.3737143	2.3263457	1.530125	0.13226452	-1.7496408	1.6476418	0.30243805	0.60594827	-2.863892	1.2104737	2.283321	-1.1020567	-1.409576	-1.7812974
1.6227043	-1.452923	-0.50561714	-0.12621559	-1.3787088	-1.1973255	-0.76079583	0.058691714	0.46287835	-1.3109933	0.27362892	2.1469805	0.08426793	0.15923701	-2.132604	-1.1173748	2.4387617	-1.0148698	-0.21770489	-1.8960264
1.0223963	-1.465354	0.35406533	2.973253	-1.6770052	-3.974955	-1.0036422	0.5747561	-0.21399099	-1.2869339	-1.9463909	3.79935	-1.7539546	0.06348224	-3.4422941	1.0708884	3.0594418	-1.838393	-1.5683446	-1.5937483
-0.52143663	-1.8185154	-0.18873356	1.5507967	-0.8104186	-1.8571107	-1.7016673	-0.7096634	0.1867781	-0.27245024	-0.5632343	1.6029541	-0.5383685	-0.28972307	-1.626972	1.0624357	0.020598909	-1.6958951	0.1960918	-0.17377833
0.8638871	-0.272861	-1.1932396	1.3620164	0.11818936	-0.57928556	-0.4462302	0.584757	-0.91116524	-0.14789127	-0.7889709	1.9941068	-0.83032846	-0.12122976	-1.2300385	0.38928083	1.8404663	-0.6011498	-0.18053208	-0.86678475
1.8638572	-1.1502903	1.319588	1.5041552	-2.1546817	-2.9313543	-1.5145674	0.81601787	0.6615916	-2.4333594	-0.7402664	2.443353	-0.06324996	0.43534204	-2.341758	0.8006529	3.01266	-1.1025429	-1.1537659	-2.2882798
1.1935762	-3.0795093	1.0880347	2.965756	-4.4588695	-4.301342	-3.345437	1.0442162	1.8384262	-0.46931523	-1.2901868	3.3299513	-0.31149766	0.2222737	-3.4273775	1.5609381	2.8832996	-1.6572547	-1.2321577	-2.5231454
2.2238636	-2.9811924	2.9697247	1.8104059	-3.6387188	-4.0400147	-1.9813915	1.770439	0.9116158	-1.6591195	-2.16398	3.2743173	0.3091597	0.92873996	-3.7290545	2.0267549	4.8530693	-2.2281055	-1.9958842	-2.5534642
0.9385489	-1.3592383	1.5607224	0.89479494	-2.1743035	-1.6979028	-1.4679123	0.07899266	-0.1386466	-0.6269963	-1.8414915	1.8561844	0.6510265	0.7843026	-1.6231934	0.9471153	2.0975635	-1.1992275	-0.7084435	-0.97356766
-0.020297315	-2.8092046	0.9476647	2.9967928	-2.7879052	-3.4828787	-2.1643968	0.8660108	1.1601689	-0.42553636	-0.9835803	2.8892848	-0.6441129	0.27908897	-2.9243991	2.3460023	2.6436625	-2.6613092	-1.5681692	-1.6721836
1.1075245	-1.9150293	2.385857	0.9940974	-1.828122	-2.227785	-0.7981748	0.9215994	0.81308055	-1.2361457	-0.72761154	0.91507256	0.51557016	0.615515	-1.8333294	-0.27840096	2.8180645	-0.46497327	-0.2125108	-1.6282568
0.80689085	-0.69806075	0.06731278	0.9409446	-1.0396997	-1.3041795	-1.3730401	0.7192926	-0.0709569	-0.72911465	-1.6490061	2.863169	-0.4270885	0.27036986	-2.311749	0.52591527	2.0929554	-1.2856622	-0.80382526	-1.6974152
0.5675993	-1.7903669	0.25613672	2.2849147	-1.739163	-2.5148108	-1.2479866	0.88228124	1.4306133	-0.43105373	-0.19647072	0.9190272	-0.8370488	0.18846814	-1.9326481	0.81258035	1.2373182	-1.0509042	-0.5607672	-1.8050936
0.26747832	-1.6709783	0.8372577	1.4612563	-2.2573884	-2.5119438	-2.3862648	0.64836484	0.84667695	-0.96244574	-0.25397003	1.6609547	1.4519761	0.13100111	-1.1827228	0.5594978	0.93944037	-1.3225644	-0.31289446	-1.4204748
-0.5610176	-2.0887923	0.88105786	2.26507	-2.9503398	-3.0705216	-1.8194789	-0.43359825	1.1326513	0.7304474	-0.44902053	-0.1966915	-0.48749238	0.20547098	-2.3285117	0.9344275	1.731136	-0.9022214	-1.4059762	-1.3178028
-0.34555665	-1.7659007	2.0049984	0.805385	-1.1927062	-2.4733112	-0.5301915	0.6832923	0.8563003	-0.97752744	0.21708585	1.0916924	-0.46091983	-0.0011408272	-1.8392541	1.8266006	1.8834747	-0.77811533	-0.8263729	-0.9412642
0.16641326	-1.2391984	-0.7325776	2.3444586	-0.19123784	-1.4118756	-1.1566814	1.0914924	1.1895167	-0.32098103	-1.3842491	1.1413484	-0.8159137	-0.1493605	-0.94526774	1.9705666	0.06459373	-1.8621833	-1.340081	-0.5857222
1.879314	-1.2982208	0.13339536	1.0362898	-2.3988647	-2.2672338	-1.9656217	0.9723093	1.0728806	-0.47872353	-1.527882	1.6033103	0.310165	0.33651957	-2.9136035	0.15147252	1.1628705	-1.2930608	-1.0230371	-1.5255234
0.41830426	-1.1869757	1.1307051	2.158408	-2.9896142	-2.5354722	-1.3397365	1.1627917	1.4828	-1.3384378	-1.3192065	2.870062	-0.60663617	0.036093548	-1.5241714	0.39036238	1.664036	0.4573517	-0.76625204	-1.7930188
1.1382209	-1.675737	1.1254271	0.3042965	-1.4467291	-0.587677	-0.56422985	0.86900777	0.80046177	-0.6205471	-1.343016	1.2693063	0.00932579	0.13095394	-1.128078	0.9063107	1.2896134	-0.83236104	-1.0251596	-0.8607224
1.7540786	-1.6074352	0.06676718	-0.5324699	-1.2767498	-2.4855995	-0.24822712	-0.41871837	0.49701005	-1.1701306	0.35812452	2.119542	-1.0202974	0.49175972	-3.0551932	-0.43696848	2.2609518	-1.3800509	-0.5813334	-0.95346516
-0.6118106	-3.1448827	1.4062501	0.7120049	-3.4549685	-3.8040924	-2.603826	0.59621	1.9398782	-0.3170156	-0.57869035	1.6834342	0.4806899	0.26031357	-4.1289606	2.9054697	1.5990665	-2.1905925	-1.5753686	-1.2011702
2.0947874	-0.073809646	-0.07392343	1.6748741	-2.444324	-2.3659313	-1.3687665	0.6906121	0.05715742	-1.3901387	-0.04073924	3.2244146	-0.7299453	0.320119	-2.215796	0.37788284	2.5975838	-0.6248785	-0.6195797	-2.3345618
1.2819813	-1.3978918	0.88318217	1.5930098	-2.1977007	-2.1464505	-0.83203596	1.4798452	0.46475315	-1.4652737	-2.4761088	2.2747467	0.5654429	1.1309224	-2.1627762	0.6624314	2.5187342	-1.7414623	-1.3004464	-2.4016807
-0.30680156	-3.1189299	1.1626383	1.487087	-3.8302262	-2.6537232	-3.3848755	0.32630622	2.404822	1.0037644	-1.5775524	0.72303015	1.0869187	0.7800223	-3.1837916	1.0474302	2.7326512	-1.5122511	-0.67383254	-1.128719
-0.3452536	-2.1714725	0.7503885	0.55065805	-2.0689373	-2.481629	-1.0622782	-0.19473912	0.6062002	-0.5780319	0.55564326	1.7463864	-1.041916	-0.25822988	-2.4996212	0.7678991	1.7887892	-1.3212191	-0.61248875	-0.604016
-0.2061797	-2.8861873	2.1070654	0.73431724	-2.6878853	-2.6986117	-1.8352292	0.38293487	1.8215185	-0.37190628	-0.7457714	1.0924988	-0.3443018	-0.13398126	-1.8278521	1.4856186	2.3348525	-1.2769325	-1.0971729	-1.0959476
2.5551803	-0.7212155	0.51667637	1.6435188	-2.665116	-1.3630881	-2.2701626	1.324183	-0.015276643	-1.2454109	-3.6351657	3.7412267	-0.46416605	-0.21478982	-2.797188	0.275701	2.4686365	-1.6621392	-3.209181	-1.5170023
-0.16584274	-2.192555	-0.43968838	1.2912626	-1.4004303	-1.1527867	-1.8996154	0.015443167	1.1293197	0.036710758	-0.7664588	2.0166306	-0.7013996	-0.53886294	-1.465806	1.1299924	0.35164395	-1.2549361	-0.5613639	-0.5663806
0.81374615	-0.11624338	0.7117412	0.39643285	0.66250646	-1.6520969	-0.093729764	0.01916016	0.3447499	-1.2252097	-0.030544551	1.7183509	-0.77992386	-0.9551589	-1.0113311	1.9475299	1.0602877	-0.36615035	-1.8850682	0.2603539
0.5331018	-2.501764	1.1479195	2.3842685	-2.2800033	-2.7523596	-0.96641445	0.3762677	1.2653255	-0.16263045	-0.6907438	1.0977874	-0.7991324	0.5963856	-1.9163717	0.82510334	1.745662	-0.6266406	-0.66865706	-1.5604556
2.258675	-1.5937274	0.634784	1.373459	-1.0194036	-1.2666779	-0.7761154	0.9331449	0.22960393	-2.28259	-1.846882	2.942869	-0.6801552	0.40867293	-2.1520734	0.32817468	2.5336149	-0.97636086	-1.0447125	-1.8522757
1.3708377	-1.2994109	1.4822483	1.053469	-1.9569415	-2.1451485	-1.3631407	0.49693358	-0.5075475	-1.3049213	-0.88035023	1.9469597	-0.3102517	0.60955405	-1.8799362	1.1063613	2.0512133	-0.90728223	-0.26396176	-1.5340677
1.3080587	-1.6717564	2.0010273	1.5236692	-2.3527012	-2.619217	-1.2728355	0.9647061	-0.4380826	-0.9198336	-1.5144998	2.3095737	-0.22865838	0.40389436	-2.5119698	0.5971938	2.8092732	-1.1033901	-1.1999477	-1.4018333
0.2371788	-2.039389	0.19125834	1.1232356	-2.0083992	-2.0086489	-1.3459309	0.90866333	0.9156729	0.69617885	-1.1356764	0.92085975	0.008195407	0.33654878	-2.2332888	1.3844663	1.4167951	-1.5596792	-1.1573329	-0.8450002
0.030469919	-1.051994	0.94707364	1.2582653	-1.3494545	-2.230904	-1.2887907	0.251326	-0.8556054	-0.12964699	-0.9589661	0.7579516	0.21487704	0.18529968	-1.8603103	1.7335777	2.151976	-1.5441504	-0.014293122	-0.30281487
0.13739279	-1.5019816	0.5333664	2.395732	-1.4306844	-3.5264137	-1.0499389	1.1330943	1.3905845	-0.5204144	-1.5169564	1.8163891	-0.46942618	0.3719872	-2.2879856	1.4033107	1.4914142	-1.2931378	-1.074602	-1.4431527
1.8616214	-1.4892495	0.6605932	0.69659853	-0.84141314	-1.5536172	-0.7052219	1.5911905	0.88892114	-0.40196124	-1.0622939	1.0943553	0.5998151	0.97429913	-2.9745507	-0.37897554	2.084062	-0.86970514	0.44002837	-1.1911684
0.75906533	-1.7748597	1.1063335	1.7457826	-2.0094824	-2.7726994	-1.9553766	0.9250121	1.5198581	-0.24065253	-1.0193762	1.2452736	0.08687745	0.47123054	-2.2840776	2.1256773	1.1625124	-1.4321718	-1.0437582	-1.3415427
0.9351571	-1.2360117	0.58848524	0.93887955	-0.51805264	-1.5836172	-0.059121955	0.21472524	0.21099052	-1.6088127	-0.7777305	1.565573	-0.3667177	0.10430836	-1.1707711	-0.012402233	2.035659	-0.83923495	-0.60177153	-1.5862293
1.7362608	-2.2851	1.476805	2.0878527	-2.2466855	-3.6287124	-1.3363422	0.7676925	0.78073394	-2.045419	-0.779409	2.5341558	-0.19215032	0.95769215	-2.7730393	-0.019586574	3.2285385	-1.7920024	-0.2615192	-2.67673
1.6246157	-1.1125728	0.41161877	1.1612335	-0.7799904	-2.1496754	-0.22459807	0.4685777	0.53217536	-2.1947842	0.035396583	2.1207619	-0.05189247	0.49976325	-1.6532598	0.08753956	2.7818503	-1.2566892	-0.5746946	-1.8031878
1.4210593	-0.73745084	-0.4186602	2.492743	-1.0426468	-2.4913175	-1.1315197	1.9273039	1.981115	-0.71506953	-1.017387	2.1492279	-0.69032025	0.7062903	-2.5237753	0.36918727	1.8657184	-1.0283095	-0.9447178	-2.380572
0.32707244	-3.2194228	2.2755587	2.234429	-3.7653682	-3.7892418	-2.2953763	1.2993944	1.2762961	-0.48692918	-0.5427209	1.6707299	-0.20160931	0.10449071	-2.5310125	2.2477608	2.3388321	-2.1662679	-1.5523849	-1.8450803
-0.071507916	-1.7547517	1.7752163	2.1026652	-3.2082593	-3.1570814	-3.389534	-0.03297301	-0.17428899	-0.7240076	-1.5929345	3.056048	1.5036739	0.03560121	-2.3853054	1.4796561	2.000646	-0.38818198	0.33890548	-1.6266761
0.84196395	-0.8687461	0.84656817	0.7595296	-1.1824732	-1.2535063	-0.69404197	-0.076694675	-0.70266867	-0.91298693	-0.37542963	1.1449717	-0.16609633	0.06178879	-1.3142767	0.26177403	2.1726956	-1.0498703	-0.8798267	-0.62355363
-0.14042935	-3.109482	1.872766	2.4394462	-3.5164757	-2.926966	-2.4540086	0.8431248	0.69903475	0.6509465	-1.6969974	1.4441736	0.66954404	0.37688637	-3.546287	1.2128623	3.4384778	-1.2977486	-1.3776809	-1.3940797
1.3731009	-1.508851	1.1041982	1.7098619	-1.4125484	-1.7113911	-0.7877492	1.4076499	0.46442652	-0.1560582	-1.4290377	1.9754736	-0.064575516	0.018199706	-1.9740043	0.51702493	2.0196102	-0.3114897	-0.7036823	-1.0676892
0.08984062	-2.7090707	0.4365342	1.5347211	-2.4097981	-2.9207745	-2.791661	0.35726437	1.6849937	0.62995756	-1.9762629	1.465292	0.4753586	0.08389911	-2.6588206	1.8815739	2.1015303	-1.3300797	-0.8893993	-0.06643888
1.0305641	-1.5016857	-0.14852908	1.9963782	-0.91520035	-1.4884472	-0.99565315	1.7707199	0.72238195	-0.46113324	-1.6982918	2.8741167	0.15568137	0.6572587	-1.5060608	0.57286185	2.4990551	-0.82595444	-0.2245028	-1.5451314
-1.2556578	-2.6973617	0.657046	0.71704996	-1.7351234	-2.5510268	-2.8342927	0.3423931	1.2882888	-0.46385217	-2.0901175	1.7798352	0.7758137	0.09448198	-3.3615222	2.9822712	0.36889178	-2.6768715	-1.1001365	-0.57778704
0.13231048	-1.7520006	0.23047897	1.3237789	-1.7732645	-2.3601372	-1.6403147	-0.607026	0.92045677	-0.18182589	-0.48772252	1.257595	-0.06536453	0.3349219	-2.0439234	1.0014095	0.7842339	-1.8852266	-1.5043931	-1.2261394
-0.24886033	-2.3600988	0.62125677	1.0075808	-1.9693419	-1.8416442	-2.2064295	-0.94975555	0.44817543	-1.0777141	-1.5581462	1.9430362	0.14789239	0.06483075	-2.3456955	0.8129144	1.3155832	-2.085494	-0.5905069	-0.65152043
0.26620078	-1.2623144	0.33624157	0.91404754	-1.6812687	-1.5081625	-1.355999	0.0195423	1.5968161	-1.0314473	-0.70122546	1.7650695	0.035144243	-0.021030765	-1.9588405	0.7012308	1.9398869	-0.4798016	-1.3265612	-0.93902737
0.56302065	-1.3417042	-0.114890896	2.4041274	-1.3400232	-1.8789521	-1.1976196	-0.23604502	0.7195492	0.3203004	-0.34826875	0.8451498	-1.3455749	0.15126671	-0.6441169	0.47049767	0.52543193	-1.0522791	-0.24653694	-0.83835506
0.02912589	-1.4630821	1.1816444	2.8361456	-1.1869208	-2.0301044	-0.7353151	0.93818134	1.1506327	-0.49361724	-2.0215533	2.3381126	-0.5395316	0.7984521	-0.8807592	0.946476	1.224422	-1.106628	-0.82248265	-1.7284962
0.34421965	-2.2139742	2.0457397	2.95719	-1.7173859	-3.0475762	-1.1010045	1.0110674	0.7127341	-0.53886014	-1.1860614	0.83972234	0.38757175	0.6461837	-1.0947851	1.1466322	2.4941082	-0.6862316	-1.7295121	-2.1830437
0.12780996	-1.5698909	0.6868312	1.1860971	-2.6660295	-2.171708	-1.1787574	0.044906467	0.32407284	-0.4112155	-0.11775371	0.9604092	0.6382479	0.81564415	-1.6449423	-0.46572313	1.9990113	-1.0522965	0.18542734	-1.8248428
2.250183	-2.8119178	1.521672	2.6897912	-2.9771807	-3.7704942	-2.6347094	2.517978	0.32419956	-1.135388	-3.6051643	4.4481044	-1.1276487	0.52896255	-3.6857467	1.4884506	4.3859806	-2.235239	-1.345262	-2.9898944
0.11989408	-2.763208	1.9375327	0.14734201	-2.1262355	-2.1496086	-1.3893628	-0.31527528	1.326838	-0.10394243	-0.3416785	0.643517	-0.8343934	-0.2142754	-1.9651276	1.060902	2.0726388	-0.6207243	-1.3044999	-0.21409447
-0.4204892	-2.6181364	0.68477744	1.45095	-1.5652725	-2.288082	-1.6990734	0.30872163	1.42672	0.025585126	-1.572751	1.085026	-0.34996077	0.21074179	-1.6336995	1.4813111	0.4536513	-1.8067329	-0.9131997	-0.59693784
1.0454487	-1.2158636	-0.34856507	3.1813223	-0.9849722	-2.9748414	-2.0090907	0.6020401	0.19448748	-0.91774243	-1.2771206	3.8669996	-1.356965	-0.39056274	-1.9580909	0.39267132	1.8491194	-1.3525894	0.21631935	-1.9915962
0.2441365	-0.44141787	-0.56768864	0.38960296	-0.14064942	-1.3191409	-0.38051102	0.9272943	-1.3051988	-0.6334486	-2.0000987	2.4284048	-1.053308	-0.22024605	-1.9732785	1.8637642	1.5897274	-0.7717889	-1.1376703	-0.04527972
0.1656007	-1.528127	0.3757562	1.1612347	-1.5093608	-2.44887	-1.5070659	0.7259244	1.0212456	-0.6582486	-0.063901365	0.39723817	0.35399717	0.5135834	-1.5687197	1.0246793	1.2668138	-1.0613668	-0.81739986	-1.7974228
1.8276356	-1.4328517	0.9336482	0.07314437	-0.49181548	-1.4847127	-0.7785431	1.5451841	0.14815818	-1.2898077	-1.8010926	2.370028	0.32030556	0.30659473	-3.074854	-0.3002257	3.293706	-1.2840691	-0.7714772	-1.3165702
0.3333866	-2.145345	1.0855888	0.82927763	-2.9410799	-1.6112422	-2.278219	1.1307852	1.1038831	-0.046249345	-2.6513085	2.525756	0.28368855	-0.07683815	-2.2513764	1.3534179	1.5463524	-1.3729835	-1.6103582	-1.1490408
1.180095	-1.3846374	-1.5418591	1.2558681	-0.66862786	-3.5300157	-0.71601033	-1.1502286	0.32589474	-0.7166197	1.4173591	1.5440543	-1.5816027	0.3615762	-2.4343348	1.5789728	2.2161667	-2.0692644	-0.74989116	-0.73811233
1.214649	-3.143303	1.2020438	1.9372501	-3.83018	-3.0849555	-2.799383	2.3224423	2.1455064	1.3158424	-3.0151906	1.5731335	0.19197066	1.3104655	-3.4488704	-0.21763691	4.0372148	-1.8808938	-0.6878318	-2.016973
-1.0936298	-2.8638954	0.096909754	1.5290972	-1.0949506	-2.0669088	-1.7659793	0.09657989	1.0167245	0.57917243	-0.73291993	1.8383439	-0.25863457	0.024691299	-1.7388955	2.2886546	0.7272987	-1.6809598	-0.33121324	0.094849855
1.3450521	-0.5234417	0.7216878	0.848961	-1.5936344	-0.73689854	-1.7214023	0.9183857	0.40525684	-0.91871774	-2.5874014	1.860992	0.08489689	0.20480981	-1.2601675	-0.082237296	1.1857294	-1.0978541	-1.2962713	-1.2118801
1.5630007	-2.1642325	1.7658503	0.7158931	-2.3538911	-2.5411363	-1.547122	1.5271337	2.4096713	-1.5385652	-1.1138183	2.9282572	0.3935735	0.25371462	-3.041482	1.061032	2.0502026	-1.0784638	-1.1379573	-2.5233712
0.912096	-0.9433792	0.8174037	1.499406	-0.9503263	-2.4297547	-1.3045135	0.9976575	-1.1722349	-0.06243378	-1.8858382	1.9862591	-0.34070727	0.276731	-1.8226798	1.7917709	2.4171555	-1.1203415	-0.7397047	-1.0354457
0.52776366	-0.7415399	-0.6724677	1.5673223	-0.8687889	-2.0254772	-1.3222047	0.21859547	-0.025270402	-1.8924185	0.31262124	1.5368345	0.18936303	-0.23212372	-0.6561752	0.8320572	0.5885591	-1.6931715	-1.0871218	-1.8862841
1.7516439	-1.7781713	0.9700021	1.5867983	-1.8264817	-1.9762646	-1.4063656	1.2656256	0.70347786	-0.42374602	-2.3413873	1.5750806	0.21563002	0.3131922	-2.218349	0.1616879	2.5401878	-0.9672383	-1.179048	-1.8094394
1.8120172	-1.7347535	0.29125044	0.86877626	-1.7606176	-1.4738873	-1.054115	0.16979739	0.19773592	-1.782886	-1.3091617	1.9853437	0.9326551	0.5801907	-1.9802732	-0.73395675	2.7142715	-0.96362257	-0.21377003	-1.8173827
1.36413	-1.4744878	0.8260843	1.6426041	-1.2965996	-2.3829398	-0.5827166	-1.1299576	-0.5049471	-2.0345895	0.35055906	1.5946716	-1.7897322	0.13227355	-0.99756485	-0.30371383	1.7451024	-1.5932049	-0.46960706	-1.7515367
0.5024562	-1.838332	-0.4361387	0.8384543	-0.30374807	-1.3602972	-0.44814458	0.6038945	0.9303285	-1.1787606	-1.386036	2.404219	-0.9962398	-0.31120336	-1.4361404	1.6597486	0.65311414	-1.0978155	-1.5279454	-0.86700666
-0.092227	-0.7671706	1.1170732	1.8675439	-1.473782	-2.284784	-0.6943079	0.69338286	0.53037566	-0.12903488	-1.1883457	0.28104067	0.37886736	0.69005823	-1.5791401	-0.059983466	1.8235756	-1.1986973	0.0029262765	-1.0543549
1.4422718	-1.250898	0.7804714	2.1925967	-0.9762565	-1.5093702	-0.8131786	0.32234573	0.15354863	-1.7313052	-1.1319056	2.9268816	-2.4352973	-0.16880824	-1.1776714	1.1383063	0.8679725	-3.028797	-3.096367	-1.2013212
-0.5077149	-2.0462146	0.120810114	2.048235	-1.9544197	-2.733305	-0.9235442	1.3938084	1.5532377	0.4609036	-0.6891004	0.99880815	-0.42343435	0.7575498	-2.9226346	1.3300436	0.8369529	-2.1334	-0.50946754	-1.8049743
0.41976166	-1.5449163	0.39667135	1.0679839	-1.4710854	-1.7072589	-1.5381669	1.0641162	1.4633445	0.36187732	-1.1936276	0.9101255	0.12463206	0.17005609	-1.4374753	1.0791825	0.86382484	-1.2731093	-1.1854014	-0.47513604
1.2599264	-1.7171971	0.93580437	0.77733576	-1.9114177	-2.1709309	-1.2881846	0.7592848	-0.19010986	-0.73746806	-1.7874136	1.9858229	-0.23992294	0.69958407	-3.2107449	0.0023710069	3.0376763	-1.0475044	-0.51878715	-1.4194094
1.705501	-1.1175452	1.3549124	2.0310628	-2.1935947	-2.1176198	-1.7199194	1.0534775	0.68208975	-2.0929732	-1.9248545	3.642304	-0.5904973	0.07994534	-2.137528	0.23064566	3.103988	-0.9670037	-1.7203997	-2.5703545
0.52744174	-1.3991716	1.9929876	1.554898	-1.349374	-1.907205	-0.34026098	0.4270023	1.3318797	-0.4718655	0.2529526	0.30450475	-1.0463711	0.2891606	-1.3110652	0.19499847	1.2724421	-1.1488354	-0.17600694	-0.9146359
-0.15414943	-2.1978192	0.24602553	2.0392747	-1.3556246	-2.9134903	-0.84361804	0.58175707	1.0761046	0.56511253	-0.65846616	1.153287	-0.72730064	0.59861076	-1.9842905	1.3540137	1.9603856	-2.3589597	-0.8915105	-1.0427606
-0.15561	-2.2594743	1.1796339	1.3721492	-2.6464562	-1.9965141	-1.3785133	1.2548422	1.1330993	-0.04030504	-1.3034769	1.1216749	0.578559	0.24112897	-1.4789498	1.7621479	1.121115	-0.7754446	-1.2588788	-1.3883381
-0.34854192	-1.8366269	1.7329649	1.0914743	-0.7897884	-3.0482361	-1.2427353	-0.016341839	0.46735224	0.082421675	-0.5854505	0.62366396	0.086401284	0.1165084	-1.7313437	2.0309193	1.7326894	-1.8888106	-0.89314085	-0.2728987
0.3123237	-1.0616162	0.9493979	0.8752591	-0.4556926	-1.4102497	-1.1603175	-0.41343063	-0.14454058	-0.8195165	-1.5190266	1.6871958	-1.2211285	-0.5547917	-1.1635216	1.0448213	0.72990614	-1.2598578	-1.2336402	-0.21515954
0.47573406	-2.6050744	0.13258581	2.0872478	-2.6751354	-2.5415466	-2.7350502	0.91576755	0.34326878	-0.5744089	-2.8096611	4.106991	-0.33664855	-0.44559696	-3.752484	1.9983662	2.7902792	-1.7152846	-1.8218284	-1.5554485
0.46473685	-1.4478236	0.7353215	1.9302106	-2.573303	-3.966087	-1.3947084	-0.40971074	-0.20532522	-1.2777898	-0.7562549	2.6014123	-1.6082932	0.44232503	-2.6240366	1.5907311	2.0287511	-2.3264327	-1.7604967	-1.62865
1.2219759	-1.6211056	0.23852924	3.0318444	-2.6928957	-3.1286993	-1.768443	1.096847	0.33759505	-0.2247812	-0.962524	1.863587	-0.4041283	0.33496776	-2.3601642	0.99751383	2.0050945	-1.2158082	-0.9771773	-1.5332569
1.9973624	-2.1033518	2.233593	2.7083278	-2.8037112	-3.693463	-1.5874941	0.27841866	0.09718735	-2.0492449	-1.4567014	2.2376935	-0.95279723	1.1606928	-3.1093426	0.9923275	3.578837	-2.0127265	-1.3338778	-2.714001
1.5127194	-1.218619	-0.03250113	1.4887345	-1.7012608	-1.2889926	-1.0166327	1.7235583	0.27310023	-0.53245825	-1.4577432	2.362412	0.4207106	0.12533355	-1.8245751	0.58927417	1.5209463	-0.762204	-0.49604443	-1.079986
0.7061095	-3.1066964	0.7929139	1.1953776	-3.1057355	-2.6925848	-2.6670804	1.1491996	1.9661797	0.1884384	-3.0400884	2.1657288	0.028148562	0.45834643	-3.7099428	1.5726366	3.4443407	-2.1486437	-1.6554724	-1.4041404
0.8439649	-2.4221172	-0.40414575	3.6137033	-1.4892646	-2.9869525	-1.2904432	1.2657121	1.1044115	0.8703875	-1.7358496	1.9039699	-1.9021902	0.122957356	-2.2830117	-0.14677565	2.1120417	-1.5352187	0.403956	-1.8529929
0.46585602	-2.080073	-0.10543801	1.0589076	-1.6917126	-3.1044493	-1.4362205	0.36744905	0.021407615	0.34737924	-1.7793823	2.4013171	-1.7102994	-0.027488368	-2.9550881	1.433388	0.9193426	-2.357737	-1.3811215	-0.20756978
1.8735497	-1.1326988	1.3208768	0.69358325	-1.899291	-1.6948123	-0.8764068	0.7111376	0.6967042	-1.5445421	-0.9232662	1.9398906	-0.28415018	0.5832191	-1.3765892	0.16253512	1.869236	-0.97403777	-1.3155597	-2.2067533
3.270412	-2.5329514	2.4713702	2.4894168	-4.2326064	-4.8995876	-2.4474251	0.31788036	-0.044459168	-1.9426471	-0.39414415	4.497136	-0.565431	1.151496	-4.0070043	1.2840666	4.6191263	-2.655894	-1.4859297	-2.7150705
1.43618	-1.297508	-0.11781064	0.9418509	-2.1745436	-1.7027448	-0.87749946	-0.093210176	-0.018865982	-1.6175426	-0.11262471	2.4962947	-0.22251979	0.61248285	-2.0747066	-0.36581975	3.2119372	-0.8323773	-0.56271386	-1.9236299
1.1350566	-0.8340363	-0.14476667	0.83635235	-0.97117853	-1.4905403	-0.8629866	0.049153194	-0.58855325	-2.133575	-1.2127417	3.344891	0.4837466	0.21877055	-1.0058206	0.7262828	2.6362696	-0.5575445	-0.7951862	-1.385341
1.5165552	-1.192387	1.1373807	2.0319464	-1.7425684	-1.577195	-1.4380132	1.2444652	0.8908381	-0.5961223	-1.9572339	1.9224546	-0.43362802	0.39961386	-1.4010395	-0.21624333	1.862314	-0.68805224	-0.8648435	-1.7148064
1.1083785	-2.3264308	1.3595014	2.0945048	-3.537675	-3.8759892	-3.2424157	1.358629	1.1018809	-0.089046635	-1.8690703	2.5324452	0.6474176	0.80598825	-3.3821268	1.2822047	3.1853755	-2.3765688	-1.3017696	-2.1620247
-0.29134127	-1.225141	1.3806616	2.3430629	-2.1207871	-1.8286958	-1.3634326	1.2072037	0.8499621	-0.5390323	-1.3681223	1.9365703	-1.0972377	-0.08835379	-1.368727	1.6571084	0.5356288	-2.1619809	-2.6396823	-1.3833754
1.7332667	-1.5880524	0.35355124	1.3497465	-1.8429322	-1.4923196	-1.0050688	0.9618079	1.2773135	-0.72813004	-0.46580157	0.81722754	0.9548449	1.0478399	-2.5503924	-0.8028035	2.3163009	-0.12059154	0.42327267	-1.7681767
1.1920861	-1.089617	0.15579288	1.1711118	-1.1744156	-0.9737902	-1.0588278	0.8802145	1.0320517	-0.17826371	-0.857004	1.3503581	-0.13395737	0.297698	-1.537219	-0.59216094	1.6777745	-0.5583004	-0.15619136	-0.9972376
0.65482473	-2.292837	-0.25604597	1.2578874	-1.5937179	-2.0528767	-1.3838458	0.063792616	1.7377248	0.2863921	-0.51747334	0.847306	-0.899339	0.18947218	-1.7381959	0.1499703	0.8182979	-0.5932529	-0.3958339	-1.3632964
0.868852	-2.2972257	0.42355162	0.10067801	-1.299072	-0.6324729	-0.4673386	1.3271966	1.1762879	-0.06055691	-2.4640954	1.3465875	-0.7548726	0.38870054	-2.3318489	0.9912552	2.1792395	-1.6272273	-1.6616267	-0.64394087
-0.19541234	-2.360497	1.0605745	2.5685992	-0.38230237	-2.7162743	-1.1397531	-0.4099184	0.57455254	-1.0884957	-0.31078815	1.3977739	-1.0462946	0.408827	-1.255113	1.4174756	1.0059948	-1.9637518	-0.737829	-1.2570739
1.1506835	-1.8977888	0.27024361	0.9912562	-1.0089477	-1.5070215	-1.3394316	1.6541363	1.203734	0.16774406	-2.071396	1.6396114	0.16656722	0.6256445	-2.5821993	0.36838695	1.7612697	-1.3490621	-0.3015199	-0.9274465
0.81533855	-1.4912934	1.3970146	3.1196604	-2.5736754	-3.3598454	-1.1525335	-0.048853856	-0.56938803	-0.29340237	-2.2308812	3.253698	-0.4722997	0.7956537	-1.9139183	0.42972603	1.1116341	-1.3240547	-0.8490576	-1.7539659
1.2073872	-2.2169912	2.0544012	2.7317393	-2.4016223	-3.8993568	-2.4371445	1.2974619	2.1162689	-1.1122878	-1.9148369	2.5148394	-0.69893026	0.548594	-3.2712507	1.2140852	2.3856134	-2.6760297	-2.5902085	-2.923211
1.5588428	-2.1685565	1.4680375	2.2989144	-2.978803	-3.3080502	-2.1123123	1.6303921	1.3656185	-0.1827982	-1.0503315	2.7524922	0.119760126	0.2829214	-3.791615	0.98804533	3.2244146	-1.0731138	-1.2331408	-1.9184612
0.48231784	-1.339059	1.7819138	1.775868	-0.84087247	-2.560932	0.5297689	-0.4689773	-0.7489249	-2.8656845	0.06215797	2.3124585	-0.7046029	0.8274827	-1.1938413	0.7493802	2.5000956	-1.2136552	-1.3290223	-2.6565347
0.056765217	-2.307164	1.4321395	0.97857064	-3.1245036	-2.5943806	-2.3417675	0.0044869184	1.3083957	-1.7053367	-0.8284411	1.9936303	0.39446783	-0.04816807	-2.6470363	1.3333437	2.3014827	-1.7806159	-1.6983665	-1.1153845
-0.27287638	-0.9886024	1.1894776	1.7715938	-2.0580797	-0.8637811	-0.25929064	0.6031867	1.2459376	-0.09955416	-1.08192	1.5987191	-0.5837081	0.3556179	0.5515475	-1.0446627	0.793356	0.055181008	-0.39030594	-2.0324495
0.5777314	-2.4171734	2.2263944	0.9219091	-2.8047752	-2.2377257	-1.9138402	1.6989902	1.5537213	-0.5651564	-1.9531937	1.4859339	0.53703535	0.02354228	-2.2941866	1.5128621	2.2206008	-0.8999583	-1.5779008	-1.9017649
-0.23512499	0.5213205	-0.5838665	1.4042057	-0.7158239	-1.2182385	-1.3437182	-0.3261519	-0.29785258	-0.6620612	-0.77612513	2.134213	-0.54404676	-0.6638102	-0.6803785	1.7429887	-0.7200058	-0.87564677	-1.4318777	0.22968732
0.16584367	-1.8417647	-0.84497815	0.6835146	-1.0243657	-1.9811748	-1.1435866	-0.003109358	1.0825009	-1.2826471	0.7416896	2.4442902	-0.6198158	-0.59417015	-1.8291333	1.4188309	0.53794014	-1.7201245	-0.74678934	-0.4268754
0.7514205	-2.758543	1.1339542	1.090732	-1.9364667	-2.5410786	-2.2306921	0.37329337	2.1421628	-0.46113682	-1.7276615	1.2219439	-0.48170778	-0.1753111	-2.2251668	2.0104141	2.341909	-1.4822993	-1.8816776	-0.36086348
-0.5137476	-1.2052991	-0.3026971	0.210938	-1.3643649	-2.0579448	-1.3118263	-0.6381228	-0.5931643	-0.8637049	-0.74939954	1.9324076	-0.6529632	-0.35281405	-0.84129035	1.2328181	-0.16238399	-1.7716013	-0.78062314	-0.92503124
0.12597209	-2.9349663	1.6139814	2.2085924	-2.5895383	-3.1665666	-0.50873053	0.906571	1.9417651	-0.72809887	-0.84245026	0.87126714	0.19064541	0.7619768	-1.6785825	0.4912623	0.8089735	-0.56308687	-1.1309781	-2.6376073
0.904615	-3.2890785	1.8015438	4.2676744	-3.305526	-4.1599703	-2.4769645	0.84879553	0.60732836	-1.4047595	-2.3908641	2.95295	-0.5588689	0.35028663	-2.717597	1.5694311	2.8881629	-2.0716717	-1.5835133	-2.6952953
-0.10369657	-1.7642424	0.21622849	0.9322224	-1.3820127	-1.7421328	-1.3897364	0.42530906	1.1893002	0.28985292	-0.7963283	0.8921404	-0.65445817	-0.28696248	-1.6954482	1.6487546	1.1148068	-0.97455215	-0.7146036	-0.23310891
4.0599203	-1.7969933	2.3298557	3.5276983	-2.9188473	-4.118098	-1.428124	0.82722485	-0.77936584	-4.9890857	-0.73048127	7.1010046	-2.6547713	0.07982973	-3.175211	1.8162835	3.7326257	-4.1251345	-3.8169117	-3.4631612
-0.43707404	-1.7050108	1.0762032	1.6734123	-1.709722	-2.1791992	-1.0352108	0.30002	0.3612213	-0.4445331	-1.5192741	1.0312748	-0.99393004	0.06597253	-1.1586971	1.8483503	1.9511149	-1.9986538	-1.9357655	-0.7638631
0.9427908	-1.2834209	0.8347069	0.12071668	-2.2423375	-1.3504138	-1.4955784	0.87017536	1.3141869	-1.3324494	-1.0575178	1.051395	0.7094283	0.0036548513	-1.2607566	0.6079408	0.8562812	-0.75468904	-1.416642	-1.1689346
0.8717115	-1.4051708	0.9945194	1.9262407	-1.622778	-1.7592787	-1.026498	1.7308571	-0.1468873	0.10633574	-3.037278	2.4052365	-0.7076335	0.509828	-1.5959002	0.79090196	2.693014	-0.9494779	-1.2451091	-1.3046699
0.89609957	-1.5712239	-0.034455795	1.045856	-0.9173655	-1.8542955	-1.1325964	0.30319372	0.5336118	-0.3886489	-0.9906962	1.2689193	-1.0961612	0.14111257	-1.7328349	1.2962182	1.3232944	-1.6314148	-0.8578439	-0.7260412
0.8151954	-2.3099844	1.0306572	2.3776717	-0.8193539	-2.8255022	-1.2383515	0.64728075	1.2284014	-0.16520967	-1.1840128	2.572934	-0.6741734	0.7143729	-2.532014	1.0934731	1.7018125	-2.2855957	-0.9365152	-1.5192852
1.5005847	-2.645707	2.0390658	3.1873238	-4.043803	-4.138636	-3.1632063	1.7661594	1.3427377	0.054253034	-3.048191	3.0487022	-1.2159331	-0.18727681	-3.8929427	3.0588233	2.720969	-2.476368	-3.925927	-1.8432382
-0.12369557	-1.8175694	2.1897573	1.5123681	-1.9350075	-2.8389547	-0.8213118	1.1789954	0.3426005	-0.9466162	-0.72249854	1.6640751	0.90332794	0.8272389	-1.9754196	0.74388695	2.3489304	-1.2227358	-0.41242114	-1.7825934
0.9803833	-1.9973072	1.4010549	2.0212138	-2.6424558	-2.8440838	-1.7113729	1.9708322	0.97845703	0.4225538	-1.9877887	1.3133937	0.63316476	0.9869315	-2.4523027	0.21990024	3.3823311	-0.9544565	-0.40894482	-1.6139574
1.0066311	-2.4387841	1.256994	2.1827152	-2.4430056	-3.5804868	-2.1034167	1.2068502	1.941105	-0.84434354	-1.8968067	3.301027	-0.7109998	0.40856937	-3.5815086	1.5367123	2.837858	-1.5405937	-1.7317868	-2.618118
0.4922829	-1.4505402	0.11069092	2.4935932	-2.812027	-2.2383041	-1.4342308	0.7794177	0.9381792	-1.4035636	-1.1895592	2.4565961	-0.4954145	0.8927216	-2.3989103	0.89905775	1.7791181	-1.3282415	-1.0700414	-2.37105
0.3892417	-2.110735	1.2281665	0.6889084	-2.3813012	-1.820511	-2.2966354	1.3743342	2.283008	-0.87843716	-1.6567916	1.4924221	1.1659298	0.03939538	-2.2825482	1.83014	1.6707098	-1.3167393	-0.845751	-1.2108662
-0.0007469813	-1.6381147	0.23967837	0.8529697	-2.011082	-1.5583653	-1.0649294	1.1237926	1.2303144	1.1385456	-2.3157015	1.4518542	-0.12064689	-0.44675052	-1.626238	2.0024252	1.8357474	-1.1435599	-1.867644	-0.27135736
0.25335658	-1.8419781	1.2189596	1.2610058	-2.5730138	-2.5665095	-2.2685933	1.0132974	1.6385859	1.1048516	-0.94357294	0.4248719	0.028621662	0.28482038	-2.0754251	2.3849125	1.4985889	-1.4535961	-1.1519132	-0.64869446
1.0921699	-2.1778224	0.6109081	3.5979097	-3.3206694	-3.3561819	-3.1292272	0.10667053	0.37580585	-0.2526968	-1.8647531	3.6735964	-0.49797696	-0.08023731	-2.5271602	1.2960017	2.08728	-1.1922987	-0.84449106	-1.6778654
-0.5698813	-2.705019	0.7150924	0.7596549	-3.106552	-2.1846025	-1.4564804	1.278352	2.2134144	0.6823926	-1.209722	0.2178147	1.1802214	0.64860237	-1.8990123	1.3790156	0.5667199	-0.3939635	-0.7814668	-1.723989
1.752568	-1.768234	0.8271032	1.2706115	-2.3958845	-3.6032567	-0.9859678	0.8457678	-0.20910084	-1.3077577	-0.33205578	2.969803	-0.32367003	0.67050356	-3.2004998	1.9073071	2.7861395	-2.0522923	-1.8713665	-1.6400923
2.576606	-1.9303826	1.540599	2.6160753	-2.3538465	-3.3466113	-0.9166687	1.6493002	0.195825	-0.9357235	-1.4054903	3.3369057	-1.4666958	0.8964655	-2.7611344	0.9201049	3.8440943	-2.2741618	-1.6924101	-2.0703204
0.36453667	-2.0402267	1.2736733	1.325771	-1.6795641	-2.7052588	-1.5139048	-0.12953304	1.2916993	-0.67742825	-0.6572817	0.8979789	-0.24936993	0.25194135	-1.8091089	1.5886521	2.2740881	-1.5704308	-1.5355476	-0.85829157
0.73144144	-2.1466007	0.5056511	3.4565828	-1.5846337	-2.0315285	-0.5329845	-0.33417553	-1.3579365	-3.8786492	-1.4757496	4.51076	-2.0418425	0.4310421	-1.1463485	0.50250334	1.28785	-1.5884273	-0.26151332	-2.5099664
0.8185301	-2.681482	1.0440692	0.22309174	-2.5099838	-2.1933339	-1.5008652	0.952832	0.4167387	-1.0187552	-1.5651379	3.2492802	-0.38471156	0.22521932	-3.9887016	1.3647963	3.2855113	-2.017627	-1.900693	-1.8083178
0.92578757	-2.1360016	2.156667	5.3187237	0.1992957	-5.1733303	-0.30689555	0.5179338	-1.4270574	-4.1411266	-1.5624794	5.0598893	-2.951402	0.35069498	-1.0679166	2.9689631	2.3393993	-4.018403	-2.2048275	-2.6762254
0.76576847	-2.7415135	0.15370616	1.7892116	-1.4847825	-3.2194772	-2.6327689	2.2044141	1.787005	0.28741783	-3.5188794	3.0719087	0.22488388	0.003438505	-3.5749047	2.0245528	2.6840599	-2.21578	-1.5776542	-1.2692822
1.8134229	-1.1937301	1.5788273	1.4592727	-2.0891547	-1.9862862	-1.5124617	0.6038334	0.6399368	-1.9575943	-0.94007593	2.540188	-0.16529138	0.46657425	-2.0036714	0.11684894	2.6854267	-0.86692214	-1.1727017	-2.3319683
0.5556791	-3.0044916	0.610365	4.0525503	-3.3201926	-3.1599004	-2.4959495	2.1018543	2.0451589	0.37187958	-1.8055799	3.3555486	-0.9925474	0.24693568	-3.1399748	1.719048	2.8572493	-2.0496345	-1.5613159	-2.498379
-1.0094206	-1.5227869	0.89848775	0.5352489	-1.9634184	-2.143417	-1.9150474	0.03831677	-0.36568135	-0.43296778	-0.121878415	2.1102767	0.6257634	0.1725953	-1.8654144	1.5977182	1.322656	-1.9641782	-0.43720773	-0.89024925
1.932729	-1.6058125	0.7805759	0.8149354	-1.1912587	-1.86801	-0.7317832	0.8651739	0.56439716	-0.59793025	-1.2103695	2.174566	-0.27560666	0.6304581	-2.4059367	0.7306862	3.2078896	-0.6587797	-1.1302027	-1.4358433
2.3802726	-1.0144058	0.48097017	0.38957754	-1.5007337	-1.366605	-1.0828202	1.9263678	0.56694543	-0.8905202	-1.3501269	3.3448408	-0.50348854	-0.13855012	-2.2069812	0.9464255	2.701186	-1.3179666	-1.634933	-1.7595651
0.47802246	-1.2595156	0.21567753	1.9442198	-2.1855297	-2.6542654	-1.5978236	1.5276815	0.5071963	-1.3561523	-1.857633	3.1806588	-0.04591039	0.6219043	-1.9422363	1.459602	2.1916819	-1.547012	-1.0381466	-1.9270365
0.9915091	-2.4029484	0.6755055	0.83808774	-1.568265	-2.6796196	-1.5413587	0.33240873	1.8352897	-0.58389246	-0.5604423	1.7179501	-0.113314725	0.019129753	-1.9649998	0.812503	1.0315839	-1.3812196	-0.34377488	-1.2809526
1.2283977	-2.1383815	1.2719111	2.5462778	-3.0820408	-2.1445904	-2.1869733	1.5627334	0.6494727	-0.7884669	-2.2831151	3.6614337	-0.9191007	0.38891608	-3.019376	0.58896744	2.4594197	-1.8660161	-1.6279433	-2.2967732
-0.26681194	-1.3226291	-0.78880167	2.6559052	-0.8571162	-2.5697033	-1.2136366	0.20761693	0.11335282	-0.53635085	-1.6305442	2.585161	-0.5313058	0.25290656	-2.147172	1.939154	1.0764594	-1.3996826	-1.0889637	-1.033883
0.47730964	-1.9082435	1.1692029	1.3399942	-2.253135	-2.1516342	-2.0859494	1.1866127	0.8257915	0.08029862	-2.0347505	1.9879277	0.80117834	0.61289483	-2.5006282	0.4432394	1.9816974	-1.5723741	-1.2344393	-1.3267618
0.056846566	-2.4988914	1.2278187	2.2657437	-2.6321912	-4.0227804	-2.3901467	0.83096206	0.72128135	-0.7550607	-1.9679682	2.910526	0.36367428	0.46725687	-2.5840745	1.5697603	2.916398	-2.610924	-1.1604115	-1.9811196
2.538193	-2.1656075	1.8206459	2.8611996	-3.1794667	-4.5950346	-2.234746	1.6330016	0.47213683	-1.9902447	-1.836836	4.1456857	-0.7322958	-0.03752379	-4.3471413	1.788455	3.1961737	-1.6421258	-2.5936465	-2.806978
2.7925665	-2.2269518	1.299925	2.5727282	-3.5893888	-3.546529	-3.1974013	2.86372	2.8322694	-1.1678349	-2.4395788	3.527167	0.17126499	0.63964087	-4.1687098	0.7725994	3.8313942	-1.4624394	-1.476128	-3.6970992
1.0293123	-1.398185	-0.5562566	1.2943777	-1.7499264	-1.8964803	-1.4805635	0.7384949	0.46474844	-0.5637231	-1.3981111	2.61554	-0.54571426	0.41041464	-1.7207114	0.8301228	2.1186972	-1.3176485	-0.8156904	-1.5612172
2.669699	-2.6066768	2.444274	2.25697	-3.7469943	-2.1941848	-2.3704214	2.6024182	2.575812	-0.25776452	-3.8421893	2.4079802	-0.677912	0.3240472	-2.9905148	-0.37103733	4.050451	-2.2726028	-2.69328	-2.9597843
1.6709799	-2.154359	0.6944108	0.550851	-1.4346659	-1.5963035	-1.1752192	1.7892413	2.414433	-0.55269474	-2.1362164	2.6245267	-0.6869198	0.283915	-2.4952185	0.52030915	1.6304383	-1.9719952	-1.6885796	-2.1098187
0.88268286	-2.6452537	1.9596276	2.358766	-1.4441195	-2.678892	0.12004508	1.1776338	1.5771691	-0.8580379	-1.3792347	1.7587078	-0.98788977	0.9761178	-2.3378086	1.0811332	3.893944	-1.5752773	-1.2163088	-2.0142748
0.46322322	-1.3789387	0.62203157	2.2920036	-1.2233185	-3.9487634	-0.9117274	0.57280064	0.53372955	-0.47391653	0.3955333	1.9779645	-1.4411931	-0.33179662	-1.6813554	1.5999955	1.9024259	-1.2577188	-0.8471969	-0.91644603
0.032840725	-1.6247656	0.067094915	1.8084109	-0.16907722	-1.3371925	-0.38195828	-0.7892504	-0.07073121	-0.6612879	-0.66933763	1.259776	-1.3359245	-0.3066206	-0.52436966	0.7993066	0.010523074	-1.7705706	-1.3879762	0.10320683
0.13533275	-2.001938	0.2548123	3.1463094	-1.8547013	-3.2546258	-2.8711805	1.0465115	1.2854865	-0.31823945	-2.379155	2.4962192	-0.26389006	-0.17991604	-2.6787302	1.4722862	1.2279164	-2.0408885	-0.9341448	-1.3965307
0.60955733	-1.4116708	0.37273166	1.3683763	-1.7484819	-1.8524089	-1.3966643	-0.21548349	0.18535045	-0.17041498	-0.20047803	1.2107127	-0.099508904	0.6300873	-1.6877407	-0.32210502	1.6846056	-1.4101825	0.15907647	-1.0644151
0.650933	-1.2976346	1.024135	1.13175	-1.1245805	-2.5727115	-0.9687279	1.2561065	0.34248984	-0.63699293	-1.4317559	2.2993455	-1.3321157	-0.7258024	-1.5913503	2.468366	0.91749144	-1.0340054	-2.1753857	-0.3958939
-0.5190458	-1.4040123	0.6114485	0.643997	-1.6210988	-1.4780954	-0.5058633	0.51491153	0.4830807	0.06288409	-1.236739	0.44301116	-0.60015035	-0.28181982	-1.3762056	1.2542542	1.3901265	-0.2053715	-1.0474188	-0.20107639
2.0955145	-2.9509485	1.3797593	1.6433189	-3.2721007	-4.528521	-2.17415	1.7705672	0.5970212	-0.9603734	-2.3260744	3.9579883	-0.1897924	0.8445203	-4.962183	1.9655037	4.7663455	-2.7122912	-2.0201595	-2.1089292
0.23118003	-1.632921	1.3425779	1.0762699	-1.3597927	-1.5865651	-0.79652834	0.48204014	0.49739334	-0.44221765	-2.3048422	1.9598497	0.21349998	0.8898446	-1.8308356	-0.17063767	2.1822996	-1.3969011	-0.0033548253	-0.95697325
0.44011685	-1.9356632	-0.29042563	1.5506537	-1.7867247	-2.2433164	-0.85032517	-0.8079737	0.26620552	0.5077377	0.4727727	0.8583744	-1.3308955	0.0015214675	-2.3028584	0.056658812	0.49417344	-0.9733511	-1.1490939	-0.7250678
0.40567482	-0.40882245	1.0239598	0.94210666	0.3407067	-1.5437768	-0.8592696	-0.07031478	-0.21798033	-1.413693	-0.48806113	1.2726705	-1.001816	-0.2618081	-1.181082	1.4515934	0.2354014	-0.97670245	-1.1983999	-0.3907318
-0.5306192	-3.8734107	2.2395198	2.7746599	-4.0386686	-3.5940633	-3.9504833	1.5753051	2.7956593	0.023115247	-4.605884	3.3094702	0.44236436	0.49180433	-3.6065702	2.394379	2.9378698	-3.1243925	-1.2589793	-1.6486131
0.43301687	-1.5735915	-0.65304834	0.6720625	-1.4275649	-0.95991945	-1.1283628	-0.52454597	1.7282332	0.20225637	-0.59118485	0.7767134	-1.9208417	-0.47407624	-1.0964416	0.3326437	0.26292557	-1.1817372	-0.5365395	-0.611542
1.3488353	-1.1618958	0.65726507	2.3874445	-1.3818412	-1.827982	-1.1813977	2.1436884	-0.01817568	-1.7135546	-2.3622968	3.4032612	-0.3565332	-0.051215928	-1.0722022	1.3878437	2.2256153	-0.98243505	-1.2846987	-1.9274158
0.97472733	-2.1555128	0.8466491	-0.04240753	-1.4551585	-1.8369768	-0.11094644	0.70073354	0.9338398	-1.0158107	-1.182441	1.3047315	0.057975315	0.15444513	-1.9342827	0.34476143	1.7721462	-0.14346313	-0.38739774	-1.4754447
0.6959043	-3.033343	2.2279775	2.2694542	-3.965936	-5.280053	-2.8481696	1.1856766	1.1990942	-1.1121756	-2.58371	4.2895722	-0.51306635	0.62679106	-5.0387077	1.59553	4.635719	-3.2292805	-2.97576	-2.7112594
1.3734934	-1.8264686	1.5574442	2.250877	-1.7007071	-2.6993747	-0.97983587	1.1344826	0.12399833	-0.6403975	-2.372408	2.750232	-0.69890666	0.06759427	-2.0009155	0.61619866	2.5882225	-1.209186	-1.0447094	-1.6276054
1.2660006	-2.0026972	0.13042429	3.1046753	-3.79829	-4.526684	-2.1372573	1.011341	-0.33116373	-0.081651956	-1.2699971	2.5331657	-0.79270536	0.043514863	-3.6856527	1.4727905	4.212093	-2.3232758	-2.149648	-1.7502762
1.2115178	-0.83150476	0.6833663	1.4268663	-1.7223089	-2.8318172	-1.7505382	0.92531	0.02803255	-0.15050063	-1.2838705	1.905991	-0.55961645	0.32533476	-2.8057158	1.7078508	2.307819	-1.3931098	-1.1537694	-0.97461706
0.4858532	-1.2172912	0.80303776	2.0029376	-2.0053158	-1.6036905	-1.9237454	1.246169	0.8192663	-0.46100488	-2.7243633	1.9802454	0.16781037	0.037299655	-1.3939359	1.4284295	1.5680183	-0.9077795	-1.9360161	-1.5641997
1.6125458	-1.5925246	1.4470006	1.9964588	-2.6034677	-2.8734896	-1.4739681	1.3964367	0.056740947	-0.1930974	-2.1694996	2.2595818	0.33354366	0.5326932	-2.3804471	0.42729443	3.6514573	-0.91110283	-1.1291796	-1.9307522
1.2382177	-2.8699243	1.8624834	2.13598	-2.604067	-2.7997935	-2.3509696	1.809193	2.2976475	0.02095	-2.791246	2.0665007	0.027910614	0.4980439	-3.1218271	1.0854415	4.240861	-3.0046203	-1.0430498	-1.8069766
0.84895253	-1.9282466	0.93614835	2.0017924	-2.1064413	-3.247755	-1.6973014	1.6169189	0.63227195	0.5722886	-1.175478	0.90063375	1.5878118	0.7725948	-2.5331852	0.40384302	2.97869	-1.0066931	-0.18252021	-1.6477461
0.27715427	-2.2726898	0.55128986	2.1407788	-2.3290198	-2.778039	-1.7488248	1.220579	0.9181675	0.6568834	-1.2031461	1.1389058	0.3621245	0.17737956	-1.4928745	1.6159675	1.1398234	-1.4836456	-1.2494435	-1.5213833
0.19211341	-1.1817886	-0.46779546	0.22041015	-0.30782914	-0.8319553	-0.72214305	0.14785603	0.28721967	-0.98799443	-1.2805617	1.0871744	-0.44313985	-0.22093414	-1.6998063	1.5327189	0.37775406	-1.5784702	-2.1716611	0.16106331
-0.426261	-2.0814028	1.2524507	1.1109164	-3.1647973	-2.2621386	-1.6175476	-0.30772686	0.97028273	-0.25926897	-1.2447891	0.47671086	-0.2862897	-0.176523	-1.289814	0.6531635	1.6324142	-0.872397	-0.74089855	-0.7698627
1.1340011	-3.5767071	0.89806795	3.6844723	-2.9601016	-5.578735	-2.7492158	0.5578287	0.56941706	-1.8656594	-1.9353501	4.668817	-1.3620926	0.5401243	-4.2319336	2.0175915	1.8157895	-4.107031	-2.4476047	-2.667091
2.102321	-1.5751603	1.3496329	0.61227113	-1.4362061	-1.5376679	-0.10117846	0.26513398	-0.025138121	-2.947273	-0.2704173	2.4626107	-0.8608636	0.25998715	-1.238922	0.43081778	1.3287518	-0.7580346	-0.41135877	-1.9716587
