0.27854213	-2.188184	1.4635568	0.04826407	-3.2907279	-2.5872436	-2.3142161	0.012374889	1.1777056	-0.83097136	-1.786666	2.6145196	1.0459695	0.8070631	-2.1375642	0.7692496	1.6630472	-1.8290931	-0.9930336	-2.069576
2.5979369	-3.583749	4.8403883	4.748897	-5.7955136	-7.266036	-3.2538424	2.1444805	1.2820349	-1.2371823	-2.9609892	3.8888898	0.19659977	1.2969384	-4.8507614	2.2687106	5.6744337	-3.205675	-3.2420087	-3.8201323
0.5264246	-2.7760408	1.1474297	2.0309353	-2.8341413	-3.2623518	-2.2672575	0.10306473	1.3322549	0.15610155	-2.4779463	2.7121248	-0.07462954	0.5805645	-2.4941359	1.3456777	2.2571304	-2.5916164	-1.6133939	-1.2802124
1.402377	-0.7722215	1.6087922	-0.9985173	-1.8727849	0.17948514	-0.2599239	-0.86329204	-0.5777016	-3.0162427	-2.1521676	2.609504	1.5414577	0.28717536	-0.5384309	-0.20800503	1.2185416	-0.2954846	-0.2401541	-0.553873
0.8580771	-2.3178267	2.0760734	1.3091594	-3.2159507	-1.4332968	-0.6495091	0.79004294	0.035343654	-0.8200449	-2.2741733	2.2810025	0.8940164	1.3824713	-1.6342194	-0.400106	3.139354	-1.3326658	-0.7859708	-2.2337995
1.1623718	-1.3681437	2.0465045	0.6256364	-2.2491057	-1.9533001	-0.8761826	0.9827996	0.48232153	-1.0923487	-0.307394	1.6744041	0.18029125	0.028599666	-1.456484	0.69697237	1.7345808	-0.48574162	-0.5520949	-1.4702661
1.7315934	-1.6851611	3.1093304	1.4892758	-1.6945219	-2.2284667	-1.49635	1.3909147	1.5424545	-1.2974494	-2.6219063	3.575254	-0.29273945	-0.3101255	-1.9296225	1.9031945	2.2322533	-0.967358	-2.0104368	-1.3793443
1.1664419	-1.6087799	1.1322824	2.0242937	-1.8182774	-2.1182086	-1.2669894	0.7272757	0.7122118	0.6352073	-1.4660698	1.803829	0.044718675	0.44376498	-0.920646	-0.2823792	1.7920684	-0.49653584	0.0048951074	-1.2241973
4.467827	-4.542016	4.4261055	4.5663667	-5.4232526	-5.7046623	-2.3970165	2.7040462	0.9765839	-1.3239475	-4.3732433	5.171132	-0.9114225	0.86468124	-4.940256	0.6221568	5.6764727	-2.866369	-3.444615	-3.5284975
1.4460524	-3.368724	3.3051527	4.1417627	-2.312659	-3.9620066	-1.9352386	-0.18729322	-0.12076079	-1.2701242	-4.710439	4.1974235	-2.5520728	-0.022834418	-1.9541873	1.5850849	2.6549346	-2.9681203	-1.1810884	-1.1493556
1.0028522	-3.7263777	2.7453468	2.9149716	-4.7105317	-4.7546096	-3.18395	1.3459848	1.0449202	-0.65015	-2.4330554	3.4675941	1.2381659	1.4069601	-3.4150865	1.5283264	3.7222357	-2.0723798	-1.2521697	-3.1546366
3.0614474	-5.299787	5.9009542	3.7780204	-6.0785413	-6.465119	-3.3322613	2.8027363	2.8375626	-2.431133	-5.8683677	5.217452	-0.6672454	0.87006134	-5.53804	2.5297334	5.050014	-4.724024	-4.0676656	-3.568038
2.1844988	-2.5452185	1.757772	2.2888985	-2.3220482	-3.2058685	-1.1908612	0.6023019	1.1111339	-0.58269835	-0.81238353	1.9411169	-0.6431817	0.15529555	-1.7313564	0.43814743	2.629182	-0.20581412	-1.0543451	-1.7755498
0.31489548	-1.9338946	1.0991229	0.8141244	-2.3243577	-1.6762168	-1.4063996	0.95571315	0.9401011	-0.52294546	-1.8152175	2.3718455	0.41686612	0.21597277	-1.740256	0.980147	3.0183196	-1.1294763	-1.3057791	-1.4444805
0.26515037	-2.5677936	1.0984744	2.0271814	-2.326922	-2.886847	-2.2662601	1.0153587	0.63972515	-0.8916323	-2.5345209	2.8369944	1.4602774	0.68833107	-2.1945155	1.4860992	1.2536329	-1.8762363	0.1887379	-1.8668553
2.3205194	-1.7447705	1.5563856	1.2150292	-2.5682056	-1.4184647	-1.1120504	0.9971711	0.34400773	-1.0245425	-1.3991052	2.5293686	-0.004536313	0.73507047	-1.6227514	-0.796196	2.8813787	-1.1223056	0.28999555	-1.522936
1.4143512	-0.76351243	2.331336	0.6773842	-2.3399968	-2.9148898	-2.1287994	1.0408809	0.98089504	-1.3488847	-1.6774168	2.400635	0.73345613	0.23206128	-2.4689395	0.29943702	2.3619037	-1.3807961	-1.6154324	-1.8399895
3.7801805	-7.094715	6.003834	5.4832363	-6.907644	-8.924592	-4.2909923	3.2420368	2.143111	-0.9510065	-5.1256933	7.455031	-1.4952155	0.24364789	-5.642664	4.453957	6.207756	-4.7124586	-3.8301759	-3.3632941
3.2062414	-3.2724586	3.4177964	4.426998	-3.4865675	-4.5105705	-0.591436	0.8095738	-0.25958273	-3.3487797	-3.8633206	5.396412	-1.1520813	1.0532709	-3.4982328	0.23188373	3.5395408	-1.1692227	-1.7244884	-3.9629846
2.3218694	-6.0041866	7.1403794	6.0515475	-8.230741	-8.7683935	-3.4525952	3.7704294	3.021282	-0.82675594	-4.9666786	3.885991	-0.15678768	1.8856323	-6.4156466	3.1542044	8.256008	-4.2331247	-3.4725804	-4.3197737
1.8589189	-1.4049768	0.59975564	1.7158464	-1.7508062	-2.6018662	-1.1798208	1.0642384	0.31794825	-0.6363824	-1.1677034	1.8897796	0.7619308	-0.10093719	-2.2913275	1.6039366	1.3806798	-0.62525105	-0.9069396	-1.1087795
1.5996885	-2.1810145	1.9894724	0.7017169	-3.2445483	-2.7290246	-1.6444057	0.9760357	0.7339775	-1.116317	-0.7194915	3.2851386	0.03302673	1.1450888	-3.2018268	0.12502834	3.6316876	-2.1894245	-1.4999639	-2.597665
1.9628463	-4.33684	2.8545325	1.9196267	-4.7098317	-3.5203032	-3.7699378	2.1658406	2.4779692	-0.8255816	-4.9125233	5.293894	0.061830685	0.63104385	-4.3858047	2.2666605	4.0068364	-4.060979	-2.5035846	-2.0655453
1.6128421	-4.4529467	3.0856962	2.1917386	-4.137265	-5.312731	-2.7240975	1.1999245	1.4847835	0.21255001	-2.3001292	3.1554391	-0.644707	0.50727034	-4.133246	2.182496	2.885021	-2.550308	-1.8409332	-1.9623986
1.5386417	-2.4758854	2.1241899	2.391287	-3.7558239	-3.599276	-1.7778028	1.3091307	0.4657035	-0.17854606	-1.295511	2.761363	0.3120003	1.0081689	-2.895443	0.9041795	3.4977472	-1.5986365	-0.66401047	-2.210472
0.7695775	-1.8900373	2.4943845	2.1590033	-1.6642897	-2.5003457	-0.34806338	0.43177	-0.41440845	-0.73605675	-0.8386	1.888396	-1.3221066	0.46639332	-0.7455581	1.1826348	0.98603225	-1.26265	-0.5018088	-1.1179141
0.5941166	-3.7582057	3.3817427	3.4498687	-3.15999	-4.5585327	-1.7293952	0.8803664	-0.12864423	-0.14172997	-3.90378	3.5587742	-0.2212455	0.59979117	-1.8758007	2.712387	3.9406216	-3.2330585	-2.051036	-1.2109646
0.12559088	-2.848538	1.4153464	2.3003204	-3.0632582	-2.3321416	-2.0404541	1.3892019	1.1271323	1.3251504	-2.2519875	1.6172069	-0.34039086	0.33678603	-1.9047723	1.0329893	1.7467338	-1.7024022	-0.5733831	-0.7645686
1.3546695	-3.4082515	3.2438776	2.3504615	-4.8911695	-4.624832	-2.7780626	0.7337575	2.0505233	-0.7443437	-2.69247	3.3800397	-1.1382757	-0.3432732	-3.3787653	1.6409242	3.8228858	-2.8596342	-2.8969088	-1.9459898
2.4529693	-1.5031433	3.0120518	0.14736116	-3.4650466	-2.9386263	-2.7744815	1.2183762	1.1303066	-2.0743995	-3.946184	5.26729	-0.03358036	-0.66972667	-3.6622841	2.6772485	2.043801	-2.4872713	-4.6091413	-1.5092677
1.6782893	-1.7060487	2.5519247	0.41116667	-1.6368505	-1.315976	-0.0597234	0.4525862	0.77773756	-0.87574464	-0.06366612	2.683533	-0.8728917	0.6539168	-1.7821854	0.1563589	2.511576	-1.1418358	-0.2904141	-1.3213729
3.8629076	-6.441376	6.637266	6.055768	-9.792177	-8.981574	-3.585559	3.216912	2.2401786	-1.2611135	-4.546809	6.07597	0.14278917	2.3290634	-7.539202	2.268267	9.596396	-4.1659303	-4.002816	-5.8196554
-0.51017815	-4.3497453	2.5143344	3.511194	-2.7093809	-4.117148	-0.38390577	1.3573221	-0.69012034	1.0503603	-2.985462	2.502222	-2.133651	-0.3750727	-1.1607065	2.5842967	2.716391	-2.996747	-1.195515	-0.64091754
0.99448913	-2.5700877	1.1007553	0.05741571	-3.3504298	-2.1098273	-2.048874	1.1751664	1.0658026	-0.8769083	-1.2562014	2.519901	0.422474	0.2242082	-2.3991466	0.5565392	2.6385367	-1.799002	-0.69519573	-1.7749833
1.1918366	-2.3727489	1.3841324	3.1354525	-2.1799803	-1.8222656	-1.1877465	0.90610135	0.1184829	-0.7196506	-2.899161	3.4764137	-1.0428828	-0.3790465	-0.8627764	2.1099792	1.0892816	-2.6807094	-2.3656094	-0.58644533
1.6003025	-2.0288079	1.2548237	-0.19048657	-2.1418433	-1.041956	-1.4941462	0.82658273	1.2002962	-0.24644193	-1.3270411	1.3975086	0.30584916	0.68949735	-2.3101487	0.41347474	1.5112853	-0.99640125	-0.1772235	-1.1862977
1.9146193	-2.7680871	4.0040135	3.032199	-4.996221	-4.172549	-3.2716002	1.319663	0.7152163	-2.508498	-3.470345	5.395067	1.0020052	0.42584026	-2.9878235	2.6483755	2.4121315	-2.5044813	-2.429986	-2.8203113
1.8921438	-2.0077808	0.6289746	0.32042184	-1.4451907	-0.5245132	-0.718519	1.6533644	0.9921913	0.063536935	-2.5900264	1.5917591	-0.36245736	0.34237227	-1.9712905	-0.022855334	1.9370211	-1.7573395	-0.9741697	-0.728972
0.4956768	-1.9530519	2.1135657	2.2089248	-2.4905763	-2.99508	-0.70036554	2.0221329	0.9067521	-0.46542105	-1.7535797	1.7405703	-0.57119083	-0.0917413	-1.1845493	1.5541338	1.2154198	-1.1960169	-1.8778354	-1.8463256
0.57155436	-3.9162416	2.776344	2.3847122	-4.7911816	-4.233298	-2.0823245	2.1451046	1.6244125	1.278858	-3.017282	1.072232	0.86154497	0.7038546	-3.1142967	0.7416653	3.8244781	-1.6724483	-1.7622755	-1.5502777
0.56920683	-6.7086706	6.010553	6.7047043	-6.4625807	-5.905119	-2.404103	3.1759331	1.677365	1.720256	-5.733841	3.7122269	-1.4656829	1.1806905	-2.7974522	2.1607826	7.7556705	-3.9521968	-1.3576462	-2.1836805
1.3928411	-2.885207	2.9373796	1.8820387	-2.6010945	-2.342596	-1.5260661	0.90025973	0.8282158	-1.0363568	-2.486351	3.0105915	-0.42108414	0.6233391	-1.744768	0.9085569	2.5096202	-1.8598361	-0.8212742	-2.1367955
1.7461258	-2.3511727	2.1171381	1.0017495	-3.6189551	-2.7005653	-1.7642343	0.6976739	1.5099533	-0.8964632	-2.8157935	2.8283138	-0.29055333	-0.021337045	-2.579283	0.25730687	2.915745	-1.1710418	-1.8524804	-1.5217683
3.0928845	-8.2382965	7.892546	7.1658745	-9.766194	-10.743585	-4.250419	3.708256	2.276176	-1.4918747	-6.448661	7.3623137	-1.8102496	1.7428573	-8.5364	2.654844	11.502021	-6.7235603	-4.3255925	-5.2947583
4.141234	-8.800257	9.897993	8.107666	-10.092743	-12.88584	-5.969947	0.7511254	2.485619	-6.2017617	-8.357626	12.578967	-1.8685468	0.7805931	-7.4134765	4.526688	9.186656	-7.477745	-6.7168884	-6.58141
0.7273937	-7.3477526	8.204266	7.072086	-7.677025	-9.048665	-2.5807323	3.772243	1.7769905	-0.15910722	-7.159194	4.5013123	-0.14358708	1.8487816	-5.067226	2.9685829	8.907908	-4.3779454	-2.7557993	-3.656491
1.939667	-1.6734772	0.99687237	0.33235136	-1.1553867	-0.7575708	-0.8146276	1.4912069	1.5455495	-1.3111578	-1.3738279	1.5845847	0.042410832	0.17892602	-1.6641757	0.17096683	1.8871073	-1.4813023	-1.2583259	-1.5941801
3.8354454	-5.503671	6.5959163	4.3608804	-6.8116918	-6.52249	-2.848899	3.284566	2.1877594	-0.54658353	-6.671477	5.5519176	-1.4555981	1.3618013	-6.1247168	1.7041074	7.380796	-3.6537344	-4.2635903	-4.1671343
0.107940555	-3.3193512	2.9825602	1.2355835	-4.0758934	-2.8496997	-2.6285033	1.093439	1.398737	-0.35679233	-2.3827622	2.3656962	-0.42215917	-0.33710283	-2.8950126	2.3611555	2.9708521	-1.5750265	-2.0909774	-0.83073723
3.2414424	-5.156764	5.129477	5.042089	-5.9708595	-7.455103	-4.6340957	2.206496	2.1616488	-2.8251586	-4.810379	6.921413	0.34463587	0.5923802	-5.0317025	3.9850745	6.332115	-4.474736	-4.1943355	-3.1654449
1.8555084	-0.92159766	1.3679016	0.85137856	-2.3507397	-1.2419298	-0.9532445	0.12732568	0.18468519	-1.3589532	-1.4701554	2.0348644	0.22860074	0.33890852	-1.8872688	-0.59015936	1.7737138	-0.83253384	-0.8921526	-1.1135848
1.4117253	-2.2712772	2.775049	1.5982635	-3.3666427	-2.1910136	-0.97597003	1.633457	1.0433718	-0.98561394	-1.8091421	2.0802276	-0.56937915	-0.21940431	-0.84457546	1.8320377	1.9556236	-1.0290492	-2.358005	-1.2117245
0.24131517	-2.3136084	0.7054735	2.0373418	-3.2831764	-2.1064057	-2.1471176	1.3195368	1.7458552	1.1684761	-1.6237125	0.56635225	1.0195396	0.5202582	-1.3974688	1.0639722	1.7907841	-1.2366649	-1.3422631	-1.1277833
-0.4135039	-1.7588071	1.5719885	1.7039204	-2.009174	-2.446341	-0.95833546	-0.5227567	-0.8320474	-0.11164041	-1.2670342	1.7274071	-1.1772892	0.3360271	-0.5856452	-0.033984102	1.0541098	-2.1192815	0.23064558	-0.77968293
0.77512574	-6.131244	6.7417703	4.928751	-4.767912	-5.8796525	-2.0566626	2.3751838	2.5614886	0.16879542	-4.168354	3.4623525	-1.740335	1.2698992	-4.774587	2.2270682	5.694084	-4.0784674	-1.6790074	-2.0658867
4.211273	-7.541131	7.379963	8.156114	-9.211697	-10.08853	-5.8680654	3.9359574	0.8410629	-4.0171432	-11.0779	10.83123	-0.77480626	1.0383092	-7.1607194	3.992158	9.188333	-6.3205075	-5.7891974	-6.24147
1.0095558	-5.844001	6.302216	6.9148436	-5.2831554	-7.6335616	-2.1484542	2.9518	0.61412317	-0.43108007	-5.5558257	3.9928448	-2.174179	1.3936217	-3.4328034	2.4723907	7.3635325	-4.8078713	-2.9021325	-3.4234831
1.1817985	-4.038247	3.1752803	3.0483363	-4.8118067	-4.1828623	-2.7098799	-0.28499871	-0.98837036	-3.1867795	-4.2589693	5.97576	-1.1870844	0.93312067	-4.0168285	2.558629	4.372878	-3.591961	-2.4960217	-3.530543
0.56113356	-4.0094686	2.4230437	1.9216611	-4.7207456	-3.556145	-2.8601007	0.7269946	1.4997195	-0.6869384	-1.8641179	3.0550501	0.11920193	0.5753809	-3.873323	1.6686753	2.4482718	-2.1792371	-0.97206515	-2.552645
1.9542953	-1.818803	3.0980625	0.6706914	-3.3337638	-3.3405125	-2.0007274	0.52696925	1.3644235	-2.0494492	-1.952415	3.0262718	0.44826797	0.38272002	-3.489049	1.1705059	2.8231452	-1.9062635	-2.3896663	-2.0075831
-0.2904516	-1.3000443	0.7389834	1.762843	0.17248136	-1.1870935	-1.4793023	-0.06220823	0.29586414	-0.19135176	-1.0789275	1.9946548	-1.0619038	-0.34198833	-0.64565694	1.6730202	0.85147136	-1.3265785	-1.2711322	-0.58599985
1.8488483	-3.1651044	2.6801677	2.2069688	-3.8079433	-4.1914597	-2.7746627	1.3706399	1.6769999	-1.9039583	-2.693472	3.920333	-0.29767346	-0.15570794	-3.8657494	1.3797002	4.0041285	-2.983352	-2.6553597	-2.1562026
2.0329168	-2.7756724	2.844132	1.2595751	-2.3244205	-3.1279883	-1.808954	1.1217971	2.851349	-1.7878631	-1.6888794	2.451809	-0.111772224	0.3397959	-2.6954904	1.4888067	2.7927608	-1.6706465	-2.2004461	-1.6984881
2.7084317	-5.1921067	4.134273	2.7062066	-7.1910915	-6.114283	-3.894987	1.4006128	2.5207813	-2.0965297	-3.4655607	5.2529817	0.63582027	1.2908577	-6.3314605	0.90542036	5.8690844	-2.5427558	-1.9448377	-4.0801973
1.8659662	-2.9282773	2.3203497	3.8580484	-4.2230525	-4.8414397	-2.0105693	2.253396	1.8438759	0.4764073	-2.431803	2.779868	-0.29025444	0.6152404	-4.011864	0.768507	4.130852	-2.0088813	-1.368898	-2.4477932
5.1132097	-6.399067	5.8381233	4.3852634	-10.269753	-8.438349	-5.9749727	0.6760207	1.543256	-5.209248	-5.709797	10.507492	0.84624404	1.1933168	-8.2307625	1.8202379	7.735027	-4.9866586	-4.664651	-6.2809386
2.8489342	-4.7019167	2.8035698	1.8990864	-4.997883	-4.622001	-3.485107	1.9540744	1.5932972	-1.2362998	-6.3151016	6.251899	-1.0204535	0.20758489	-4.8520966	1.0271695	4.0299635	-2.7874503	-2.8592155	-2.5007522
0.34258485	-2.4799166	0.7176831	2.6628923	-2.2661731	-3.3174849	-1.8497252	1.0602999	0.8091379	1.4151504	-0.97709054	1.379558	0.79071003	0.3518434	-1.2684971	1.3837463	0.8306739	-1.4796308	-0.8600888	-1.6819103
1.020871	-2.0372436	2.4457777	1.6787796	-3.1506095	-3.1453936	-1.4971321	0.830159	0.6011709	-0.44179848	-1.7499942	2.011402	-0.07797694	0.5455798	-1.8819413	1.3997452	2.7497249	-0.5623524	-1.4906373	-1.520355
1.9915377	-5.5570564	2.6130874	3.992289	-6.7560806	-5.9937634	-5.5222044	1.5800314	2.703514	-0.35341027	-5.0612235	4.7127724	0.8455602	0.5687279	-5.14245	1.4417645	5.0196548	-4.3880754	-3.7517009	-3.2219057
1.1909184	-2.5021763	0.49024844	0.9087746	-1.6447368	-1.3547235	-0.794785	1.1947863	1.1421852	0.08486022	-1.4805405	0.8003669	-0.12791675	0.6823125	-1.2201021	0.0050317124	2.2061093	-1.4939756	0.056951344	-1.5277967
2.8938181	-3.084338	3.0221467	2.9724803	-2.62498	-2.2359781	-0.9627621	1.794013	1.7230742	-0.83013004	-1.8386375	2.791323	-0.9428819	-0.059524637	-1.2741758	1.2952373	2.950375	-0.8822469	-2.0960474	-1.9802192
1.5566589	-2.9399047	2.190724	1.5662234	-4.3267946	-3.3849487	-1.9373925	0.37665224	1.0524702	-1.0723637	-1.9907975	3.0395017	0.29521623	1.0946026	-1.9072133	0.6625829	2.355158	-1.1910107	-0.05973731	-2.265476
1.4709085	-4.1010237	5.3448853	3.2393498	-3.9819388	-5.635325	-1.8113612	1.845019	1.1865919	-1.4596087	-2.4634855	3.443555	-0.6309978	0.80282307	-3.3592222	1.5931264	4.9980326	-2.136912	-1.5971144	-2.5701842
1.3264261	-4.409602	3.0464935	1.9362624	-5.3380885	-3.5509317	-3.3664088	2.2836711	2.4352744	0.054605123	-4.3545876	2.5517342	1.9740286	1.41882	-3.8646617	-0.2605317	3.933891	-1.3939601	-1.2339065	-2.7234075
0.2898358	-2.0836887	0.7235883	0.6911188	-1.7677685	-0.71887857	-1.4224874	-0.46214014	0.5195131	-1.2679268	-1.7383277	2.1308305	0.11242622	0.28114206	-1.0636024	-0.063366815	0.64888054	-2.1353736	0.2907853	-0.47014096
1.171788	-2.5662248	0.5765264	0.32267034	-1.5756791	-0.69031245	-1.1501995	0.25785863	1.7667955	-0.26912948	-1.46813	1.9476209	-0.960942	0.41036218	-2.3078997	0.18589681	2.0184424	-2.4726284	-0.44897443	-1.1908605
1.714421	-1.8313564	1.3024263	2.3804932	-2.8673778	-2.0363357	-1.47743	1.5665536	-0.50124294	-0.5375154	-2.34053	3.217981	0.3673409	0.65573895	-1.7157367	0.042769987	2.9983945	-1.6854011	-0.65397066	-2.1799076
3.5233612	-5.4655933	4.9829526	5.5598135	-7.569659	-6.165992	-2.916238	1.5492648	0.8594794	-2.3538914	-5.8192883	6.5279927	-1.1613818	1.613481	-5.5700607	0.91715485	7.4168625	-3.673215	-2.6692212	-4.68325
5.08114	-3.6999247	2.7222624	2.4002872	-5.0119324	-3.1581361	-2.4885752	1.4860014	0.9465251	-3.7096448	-5.1490345	7.3657007	-0.039232433	0.8642349	-4.7138433	-1.4077064	5.120914	-0.6295631	-1.6592171	-3.9279296
2.0778563	-4.6050777	3.0068228	3.4672832	-6.3545976	-5.9075503	-3.7563388	3.5220659	3.0083964	0.74983704	-3.593386	3.8618417	0.7556071	1.208084	-4.7086153	1.7547554	5.1557183	-3.7557003	-2.5564177	-3.1387
2.6839898	-4.185946	3.3891735	4.6239595	-4.330697	-4.1562314	-2.7479377	2.2630851	2.6122854	-0.47346708	-4.3919415	4.361211	-1.7413262	0.2883409	-3.6121314	1.066831	4.243367	-3.026235	-2.6228895	-3.017993
0.43201336	-3.4602065	3.8429556	2.7559917	-5.072126	-4.3310246	-2.1582248	0.5811517	0.48267752	-1.159382	-3.264311	4.2471485	0.01637652	0.36085984	-3.2067258	1.7702862	2.8226266	-1.483503	-1.432701	-2.7854369
2.0150526	-6.259314	4.9420376	4.6158023	-6.522135	-7.100313	-4.7166924	1.832197	2.4502122	-0.90393126	-6.6412187	5.9313045	0.33879218	0.82435894	-4.3053904	2.663521	6.0148087	-4.151462	-3.4175994	-3.3686357
0.99732316	-1.2807826	1.2667187	-0.7293996	-1.1622865	-0.9707652	-0.25841135	-0.35041034	0.59302056	-1.9027479	-0.26397753	2.0369794	-0.5945145	0.13481615	-1.8101791	0.10163816	0.74568975	-0.93109703	-0.86778086	-0.8622097
2.9572823	-16.495481	12.75408	13.8703785	-13.567918	-18.938154	-7.6895437	9.155151	7.1945457	3.562445	-13.825538	8.282001	-1.3566158	2.8706944	-12.537838	8.869267	15.369981	-11.1687	-6.4722304	-6.041014
0.28488588	-3.738628	3.3534548	4.123332	-2.2994719	-4.176499	-1.1860759	1.7242537	0.22119209	-0.603673	-3.9369836	3.8466463	-1.8586084	0.10115414	-2.4058046	3.8896759	4.8317537	-3.9674003	-2.7499464	-0.91848373
1.6959627	-3.8358886	3.798738	4.384688	-5.8095717	-5.345133	-4.067629	2.460507	0.901456	-0.837782	-6.3464713	6.1918697	-0.1072328	0.16277383	-3.4162896	3.650184	4.943745	-3.4836872	-3.526915	-2.4937768
1.182741	-3.5133739	3.3355474	3.5279284	-3.3361788	-4.710805	-1.5831895	1.8694638	-0.01993097	0.19172817	-2.17019	2.960149	-1.0679883	0.4138506	-3.721358	2.5043235	3.7065825	-2.36597	-0.5643869	-1.8574494
2.2096279	-2.7900817	2.9723015	2.7305233	-2.9072175	-2.573841	-0.07835136	0.6954833	-1.0290083	-1.2676936	-1.7774936	3.3268297	-2.1307635	0.56222475	-1.9634609	0.42015937	4.7923794	-1.5779316	-0.70677286	-1.5988868
1.3773594	-4.80861	3.5333443	3.41206	-3.428026	-5.267832	-2.6126466	0.38658696	1.2660578	-0.9426398	-4.17629	4.749576	-1.0015643	-0.11719549	-1.4397115	1.798652	3.0668073	-2.7457106	-2.3798292	-2.2603555
1.8622147	-2.3482425	3.0690496	1.4533591	-2.3641875	-2.589317	-1.1980639	0.7558361	1.3057866	-0.77135986	-1.2459717	2.5749989	-1.0230552	-0.33031562	-1.6178051	1.3594943	3.956063	-1.432616	-2.2100008	-0.70425385
-0.46506694	-4.8291674	4.4024677	4.20002	-4.011243	-4.455417	-1.498024	1.0841501	0.46989506	-1.0825274	-2.9354846	2.587017	0.3787857	0.975599	-2.2111661	1.7630844	3.480782	-2.8130107	-0.66949683	-1.5760971
0.3348056	-3.898261	3.0360081	3.3275754	-5.5021944	-5.169035	-2.6070275	2.133363	1.4702947	0.7442263	-3.9737158	3.083871	-0.018558176	0.47174895	-3.6136093	1.7749224	5.3313193	-2.011555	-1.8430058	-2.3620534
2.8965628	-4.3715587	4.8291173	4.9700513	-6.1558156	-5.522788	-3.3702273	2.1582086	1.8363833	-0.7828038	-3.7002378	4.481879	-0.4778295	1.5139343	-4.943096	0.5573444	5.717597	-3.9744265	-1.904349	-4.1225557
0.97851264	-4.1334157	2.9303303	3.2654345	-3.1401193	-4.3714647	-1.8818195	1.7828	0.9021464	-0.01681263	-4.155822	4.0530815	-0.9726898	-0.27895886	-2.574648	2.5299494	2.714053	-3.2451463	-3.5206807	-1.8308165
1.0645101	-0.7170187	1.5468795	0.8139386	-1.2310708	-1.2228246	-0.67225087	0.24777584	0.011798179	-1.084643	-1.5961407	2.4480417	-0.2067265	-0.032110382	-1.0425622	-0.078856066	1.3850565	-0.2755823	-0.70704204	-1.0425507
0.97244346	-2.3444898	2.7509007	3.5408368	-3.2285333	-3.5489652	-1.051399	1.0939687	0.6180865	-0.6345464	-2.7320302	2.773112	-0.48217756	0.7039443	-1.5227448	1.3857002	2.593838	-1.1889493	-0.63404846	-2.2047825
1.4843174	-3.7248778	1.1365353	2.6777153	-4.813428	-4.7910748	-3.3527923	1.0807817	1.520613	0.98957175	-3.4874845	3.175756	0.10101832	0.5616041	-3.2532513	2.403518	3.8418448	-2.8608713	-2.8276567	-2.1895196
2.102673	-4.1082277	2.7475128	4.4102297	-5.5521116	-4.7818713	-2.8541079	1.5621883	0.7829989	-0.31901488	-5.241048	5.5959144	-0.93575215	0.5499031	-3.939303	1.7278856	4.081961	-3.1158304	-4.310105	-3.1059613
-0.69009984	-2.030333	1.247185	0.78682697	-0.15449966	-2.0472746	-0.40980682	0.5798831	0.7911359	0.6030543	-1.9240761	1.6388377	-0.7910795	-0.2745598	-0.5732609	2.3968103	-0.28872505	-0.95604366	-0.6295288	-0.39098388
1.2824081	-5.3881197	3.798272	5.670073	-4.287519	-6.3763924	-2.1488092	1.3275578	0.04260904	-0.63349783	-4.114125	5.828471	-2.1630704	1.1064591	-3.7401779	3.4833958	7.032448	-6.1985283	-2.9002092	-2.8693454
4.6101484	-4.5074697	4.813439	3.2302246	-6.8371572	-6.7407956	-2.9876676	1.5364175	0.47518498	-2.8580205	-5.103904	6.9418373	-0.46037108	-0.4823326	-4.6506085	2.8734307	6.7473106	-3.7228854	-5.885385	-3.0954392
0.4325397	-2.7444885	2.295371	3.060844	-2.7143803	-2.6397328	-1.2307858	1.1381518	0.22295798	-0.25113502	-2.5861206	2.4869998	-1.0203383	0.16284516	-1.6303984	1.3058695	2.7655315	-2.4116125	-1.7871428	-1.0192698
1.6423541	-0.9028605	1.5256923	0.98759496	-1.8137788	0.109744646	-0.3477478	0.32912135	-0.11458005	-1.5229396	-2.1670148	2.486457	-0.54017174	0.21903707	-0.3505475	-0.43435913	0.94263875	-0.6317458	-0.5562553	-0.8120642
0.7107499	-5.1766534	4.505968	5.312201	-3.3243356	-5.7646227	-4.01431	2.6726735	2.0613859	-0.31703895	-4.7988625	4.307879	-1.6445562	0.49177125	-4.6722074	5.378305	5.965964	-6.6590443	-3.413473	-1.6141485
1.1406325	-3.699932	3.027971	2.6286764	-4.899843	-4.50675	-2.768817	1.0048057	0.9783405	-1.5506756	-3.0411408	3.9216025	0.17282714	0.12148094	-3.4917676	1.8184257	3.634891	-2.159833	-1.7165	-3.2404888
0.28783813	-2.5475314	2.8484604	2.033261	-2.0794718	-1.7816961	-1.6513432	1.3156362	0.61113	0.6714447	-2.886756	2.025336	-0.98961496	0.12536836	-1.95219	1.1396943	3.2484512	-2.1647046	-0.36521322	-0.78270614
1.2119751	-3.7891796	3.4472263	3.3051357	-5.636494	-4.1653886	-2.6170454	0.6529137	0.90233374	-1.3781341	-2.7670166	3.915733	0.28647143	0.5087957	-2.069551	0.30196184	4.0950284	-1.8813052	-0.80644125	-2.7380474
0.604606	-2.0786676	1.7940124	0.5637444	-1.2657449	-0.35085022	-0.044241704	0.62915105	0.3025657	-1.1054224	-1.1932604	1.8265276	-0.86079854	0.07579094	-1.3603288	0.4997536	2.2447155	-0.922305	-0.3145829	-0.41208175
2.8876345	-3.8609474	4.0853004	2.710255	-4.5196567	-5.7910953	-2.850841	2.4750981	1.9670905	-1.1444532	-3.1356342	4.7073884	0.24588956	1.1466383	-5.2545476	1.2998378	5.0683246	-2.3488142	-2.6004758	-3.45734
1.5134249	-3.5135825	4.355508	2.7899883	-5.5733023	-4.3473434	-3.313409	2.2735214	2.4249573	0.2188654	-3.662308	2.6154716	1.2061993	0.6991379	-3.0553775	1.1657821	4.805802	-0.9711431	-1.9368325	-2.3860056
3.1594853	-9.036535	7.678026	4.9666653	-10.047031	-12.087951	-5.9608116	3.311955	2.8965487	-2.1228187	-7.1601133	9.834358	2.0066128	2.1359978	-10.661765	5.0262995	9.199272	-5.4145823	-4.6218133	-6.004276
1.4235427	-1.5431778	2.1290357	-0.37987477	-1.3005884	-1.3717217	-0.29956532	0.44674954	0.5005882	-2.2169623	-1.1993731	2.7998528	0.28060603	0.43073305	-1.8716409	0.027020333	3.049815	-0.43726245	-0.93621844	-1.5144025
0.55777025	-4.326877	4.4881716	3.6774426	-4.927053	-5.5598855	-3.10708	1.6601162	-0.1540729	-0.17347606	-5.839437	4.6806784	-0.5843197	-0.0144888405	-4.3933516	2.695858	4.2881546	-4.211814	-4.028307	-1.9855843
1.4834723	-4.110126	3.867804	1.4773004	-3.956376	-3.6935318	-2.9024286	0.94302636	1.8932824	-2.4725864	-2.316378	3.7306654	0.43725732	0.546393	-4.0367327	1.8307339	5.1584964	-2.0342107	-1.1790733	-2.8811824
0.85979706	-3.5728002	4.179516	3.9982028	-3.7913704	-5.6812696	-2.0456977	1.2316248	0.8573414	-1.9674879	-1.9857063	4.0931525	-0.8544167	1.0059049	-2.5024846	2.3245392	5.1103086	-4.3347306	-1.6934456	-2.4149907
0.20350675	-4.1724777	2.192484	3.3739543	-5.2600946	-5.425328	-4.7304845	0.5805433	1.7341937	0.7840927	-4.4827986	3.5766282	1.0384628	0.907194	-4.570358	2.0418153	4.2356887	-2.5864105	-1.5305489	-2.1129997
0.16138415	-2.155588	2.1333272	0.961572	-1.8812625	-2.0490444	-0.89303064	1.3631124	1.7632701	0.09476412	-2.0675538	2.2103372	0.35890752	0.7835046	-2.217153	1.0333014	2.4972467	-0.88003445	-0.52760905	-1.3803256
2.065356	-1.3566437	2.3463445	0.5714998	-2.7457695	-1.9636092	-0.8086503	1.4237409	0.25862813	-1.5454531	-1.740916	3.5798192	-0.10091062	0.12435044	-1.3087255	0.80209	2.921064	-0.954284	-1.3492271	-1.5025285
0.90708435	-1.375586	1.9974716	0.64445966	-2.3050365	-2.039939	-1.7101524	1.106219	1.1544503	-0.8729833	-1.5965891	1.4585527	1.0818899	1.2904148	-2.5918398	-0.05305062	3.0977893	-0.7973824	0.061549935	-1.4463012
1.2124455	-1.9391454	1.1000481	1.6206837	-1.8260891	-2.0803947	-1.2664253	0.9961265	-0.36202472	-0.64437413	-2.3143408	2.0919735	0.2013278	0.44279656	-1.70396	0.17018203	2.850972	-1.4421024	-0.08983184	-1.2467045
3.0098426	-3.7715516	5.009521	3.8368714	-6.719314	-7.0454807	-3.8508093	1.3102999	0.9236506	-2.3820436	-5.1222734	6.9190373	0.15260829	0.046646763	-4.8536005	2.4691308	5.3822074	-2.450954	-4.053769	-3.6198487
1.3401171	-2.8802898	2.1957083	1.8201356	-4.085338	-2.7962234	-1.3364536	1.1918252	1.8529047	0.15183417	-1.6892586	2.7081006	0.24829765	0.9804795	-2.9409785	0.8846834	3.0795808	-2.1479824	-1.4720539	-0.9172884
-0.18662098	-0.96505547	-0.79649043	0.85654455	0.108373776	-0.04645249	0.6612429	0.41205913	-0.5428662	0.4887656	-0.22750625	-0.60429	0.51424766	-0.55421096	0.29839194	-0.62941706	0.2305163	0.5393563	1.0334717	0.3511118
1.1551248	-3.2863145	1.9198633	3.846912	-3.8424842	-3.889465	-3.0060842	0.46328843	1.168604	-1.3820641	-2.4267452	4.48746	-0.20312086	0.055478312	-2.2318792	1.6139367	2.7634127	-2.8907804	-1.9858097	-2.6486957
1.9346716	-3.0914345	1.97776	2.1494637	-5.874909	-4.2448106	-3.7711315	0.382522	1.668544	-2.2826803	-5.515525	5.3966155	0.7844796	0.26278347	-3.7588785	0.6306221	2.537424	-1.3153559	-2.349835	-3.0066519
1.094606	-1.1859434	1.641222	1.7458267	-2.0331972	-3.351958	-1.7305466	1.101478	0.9250744	0.20221688	-1.8048983	1.651644	-1.0199641	0.06678824	-2.234627	0.4771089	2.0696695	-0.9701946	-1.8890607	-1.666096
1.4223547	-5.082215	4.5609527	4.8793206	-3.1176014	-5.474093	-0.20015901	1.6528486	1.0904517	-0.98463035	-2.1655207	2.5077019	-2.2570531	0.42456153	-2.0363486	1.5811073	4.2279425	-3.1347501	-1.3140544	-1.8629578
1.9337164	-5.0676284	5.5752125	3.2414124	-5.9358253	-6.944538	-2.7760007	0.6459522	0.5346631	-2.2526479	-2.9795294	5.652633	0.21316871	1.3631607	-4.071251	1.5792272	6.0723968	-3.4314404	-1.1094922	-2.9048674
1.7025651	-0.3101034	1.530968	1.2635363	-0.22839814	-2.1801944	0.27937147	0.3404067	-1.2962368	-1.200385	-0.33607733	2.539784	-1.0529375	-0.15209755	-1.2501967	0.81689286	1.4483298	-0.12545116	0.06611703	-0.56652176
1.9075913	-2.5288286	3.494214	2.6422956	-3.4602718	-3.7055182	-1.7101972	0.6396631	-0.6438791	-2.07519	-3.5456138	4.7066226	0.04912	0.9125149	-2.4765778	-0.118183106	3.875567	-1.2557801	-0.72989297	-3.3746917
1.8257232	-4.235541	4.210836	3.6436038	-6.71122	-5.7422204	-3.9057038	1.2941244	0.5578764	-1.4713496	-6.0951004	6.4402704	0.62469244	0.74498963	-4.480439	1.1094784	4.5099225	-1.8429965	-2.6646311	-3.8309484
2.0182922	-6.1504498	4.9815636	3.9860075	-5.854305	-5.0824	-2.9769824	2.1667027	1.459874	-1.8552254	-7.367157	6.5774612	-0.0067428946	0.4911447	-3.0800753	1.7323918	4.2173023	-3.6791172	-2.8752396	-3.1950793
0.52846116	-2.9252684	3.210942	4.3606653	-4.1561213	-4.6759605	-3.5083463	0.6488214	-0.20703515	-0.44567198	-2.8078783	3.6750875	1.5043766	0.4869085	-2.0361114	1.6958538	4.0753727	-2.0697935	-1.3408834	-1.9227941
0.21549353	-3.464808	2.701772	2.9612496	-2.9852393	-3.915666	-1.4515076	1.5005785	1.1667656	-0.010047977	-2.534376	2.3236098	-0.87357974	0.4951143	-1.902885	2.1721315	2.9702883	-3.2117453	-1.9244335	-1.55302
4.574356	-2.3859918	1.6481445	1.9441881	-5.289436	-4.618324	-4.1312733	1.1508342	1.4945761	-3.7732902	-4.2402773	7.5713844	0.21752194	-0.47172543	-5.0952845	1.0618335	3.9115736	-1.9912844	-3.2812707	-4.0884013
1.580117	-2.4952571	2.1911414	1.9682746	-2.3962257	-3.3647	-1.5948422	1.0243888	0.522568	-1.7135777	-1.7824874	3.1186078	-0.08318098	0.6290432	-2.0962608	1.1134094	3.2384946	-2.4146316	-0.8027583	-2.3513634
1.9796444	-1.5744599	0.9046675	1.027889	-1.708241	-1.3528068	-1.9799953	0.42029637	0.46723446	-1.3021613	-0.8896684	2.789055	0.7436763	0.53164244	-1.6143142	-0.06952742	2.2414968	-0.8479289	-0.68662745	-2.0140276
0.8832851	-5.0904627	3.8905015	4.1147547	-4.1920934	-5.9737034	-2.1981738	-0.08828047	0.4255451	-1.114735	-3.5835986	4.749784	-1.5265347	0.85979146	-3.015014	1.737442	4.7957234	-3.9905314	-0.9697128	-2.567341
2.914792	-2.000351	1.9561771	0.76205635	-3.2261705	-1.5967385	-1.7452897	1.303363	1.3012911	-1.6068194	-2.6759822	4.057705	-0.7810826	-0.2992408	-2.1772668	1.483338	1.9634527	-2.0263927	-3.0091262	-1.6624558
3.7897148	-3.5626564	3.024414	2.0603542	-5.240644	-3.9748306	-2.6368032	1.7295133	0.88557416	-2.7118676	-3.5869102	5.930111	-0.06553748	0.8254112	-5.103315	0.6757903	4.148798	-2.9062405	-3.0555322	-3.806477
2.1300867	-5.275013	4.5883565	5.355787	-5.6984024	-6.1383743	-3.5347774	3.298021	2.1584342	-1.2038585	-5.241588	5.303833	0.25168478	1.3110822	-4.799069	2.0948057	5.8933473	-3.310936	-2.4358683	-3.9908855
1.4019382	-1.7262987	1.9601101	0.6965375	-2.2069643	-1.9705901	-0.930864	1.6207948	1.3438705	-0.49354982	-1.3626875	1.1360965	0.8860723	0.5020454	-1.5719783	1.0498773	2.4181988	-0.3654421	-0.79415923	-1.3823081
0.46371242	-1.8313242	2.0813122	2.2058465	-2.7460213	-1.8246378	-1.1216826	-0.0951239	-0.7210729	-1.1384356	-2.1853173	2.6321821	-0.07545199	0.4770235	-1.1201793	0.40465316	2.5672762	-0.67272	-0.17395571	-1.4146438
1.3651276	-2.4988375	3.2268147	2.8593428	-0.9487681	-2.4860463	-0.43708754	0.21542312	0.4854177	0.03823873	-1.0087757	1.3463393	-1.4775183	0.11213187	-0.84958404	0.49998805	2.134102	-0.8454462	-0.5738992	-0.7299946
1.2509636	-3.266872	3.5764923	2.884735	-2.7057633	-4.4473567	-1.1009158	1.3473408	1.3471043	-1.6975535	-2.4633417	2.6789389	-1.0688184	0.99012953	-2.684836	1.1012539	3.4849799	-3.6898794	-0.8589836	-2.599394
0.3057186	-2.827504	0.9230864	0.06792536	-2.6070209	-0.9443356	-2.1361024	1.6785238	2.9739194	1.4279656	-2.892358	1.0200856	1.6162746	0.7773285	-1.7788233	-0.00525425	1.6307379	-0.56826216	-0.27555585	-1.300609
0.6542912	-1.6372237	0.69092166	0.8255651	-2.0513482	-1.8337715	-2.0171268	0.3965914	-0.009050114	-1.4005104	-2.117491	3.3391688	0.14829163	-0.3188484	-1.359538	0.048196435	2.1646552	-1.3197564	-0.9171656	-1.7319498
2.8167012	-4.796773	4.89299	4.5155077	-3.9306288	-5.079193	-2.2048786	2.139182	0.7299608	-1.7868139	-3.7253275	4.8476033	-1.4509029	0.63579345	-3.6919894	3.229896	5.28042	-3.9419072	-2.208318	-1.7445179
1.0282205	-3.3991902	2.4469998	3.1134367	-4.9320817	-4.5642033	-2.6968155	1.4617997	1.0182226	-0.2949418	-1.8519745	3.0913925	-0.47884142	0.02325204	-3.744592	2.1899061	3.4206507	-2.6148129	-1.5477308	-1.8877527
0.86321455	-2.1005287	0.18961109	0.6289389	-2.263958	-3.6079895	-0.9914102	-0.45284593	-0.21400623	-0.43317366	-0.4658468	2.5063539	-1.154232	0.30693012	-1.854574	0.33224124	1.3850437	-2.268481	-0.5763066	-1.9291935
4.141063	-7.129949	8.031048	10.846948	-9.352342	-11.193077	-4.44852	1.6179677	-2.023912	-3.6013386	-11.110029	12.470424	-2.5840292	1.1183816	-4.8618283	2.1621082	7.347841	-6.2622976	-4.3870635	-5.995235
-0.24552594	-2.4695334	2.1522734	2.725045	-1.7994118	-3.7664514	-1.1294987	1.3592967	0.97941834	0.55419207	-0.9937369	0.9367644	0.04063354	0.5259288	-1.2390722	1.1071227	1.6727755	-1.7934023	-0.58387434	-1.3624833
1.7205794	-1.3828317	2.8941689	-0.40125576	-3.0324163	-2.2779415	-1.5527582	1.867568	1.5572988	-0.17608137	-2.6286821	1.0165404	1.8740404	1.2502011	-3.2945197	-0.4154447	3.6742315	-0.39792255	-0.3067013	-1.5956273
1.1699616	-2.503384	1.7474191	1.9207481	-1.800617	-3.165812	-0.46335116	0.3679702	-0.17602932	-1.1371123	-1.3933513	3.021229	-0.33490163	0.9886317	-2.3740335	0.65011764	2.9575963	-2.5175235	-0.39055955	-1.8217379
-0.47608858	-1.5306909	1.2225143	1.4967428	-1.4226242	-2.0820296	-1.2821075	-0.38714072	-0.5678567	-0.020290906	-0.21491896	1.7413847	0.13176596	-0.12168232	-1.4760445	0.93128484	2.6557739	-0.8635288	-0.28319135	-0.43808004
1.547174	-3.0598915	0.51339483	0.22536792	-1.3753353	-0.3562253	-1.1475942	2.2257535	2.4763327	0.4843997	-2.4212513	2.611071	-0.79987043	0.37702453	-2.6843565	1.4813132	2.3459744	-2.3483658	-0.92471564	-0.6565943
0.82800967	-1.9984527	1.81982	1.8183641	-2.8851225	-2.47607	-1.3749851	1.7302927	0.9444976	0.49068323	-0.5877164	1.1588113	-0.020726303	0.28110868	-1.8724415	1.1365131	1.7309572	-1.192832	-0.67727304	-1.4141833
0.95913655	-1.993429	1.0834882	1.3056533	-2.20604	-2.7441258	-1.5299494	0.34252807	-0.1421188	-1.4058609	-1.5919023	3.4929996	-0.44234124	-0.19353315	-1.150141	1.3853449	0.77890337	-1.387002	-0.40472272	-1.6565226
0.98553187	-1.6697258	1.0832081	2.4510503	-2.1963766	-1.3427402	-1.0242319	0.1242055	0.9288598	-0.004804113	-0.6506087	1.9703081	-0.047634922	0.12739073	-0.72075105	-0.8007617	1.239877	-0.46749184	-0.65601873	-1.6133276
0.690912	-1.7740664	0.29656017	-1.4265583	-1.9970864	-0.91793096	-0.9447434	0.1447368	0.9866036	-0.46019262	-1.4754579	2.0048301	0.009585251	-0.27301973	-1.8249085	0.7928429	0.679532	-1.7289222	-1.1475126	-0.1417241
1.4882563	-2.503468	2.6601715	3.0034168	-3.591331	-4.364934	-2.0353656	1.5102946	0.7317224	-0.7750885	-2.2169785	3.2044597	0.6435962	1.3944827	-3.0235872	0.82866174	3.3275452	-1.5210488	-0.7186823	-2.5921962
1.0511584	-1.6989564	1.1862836	2.6203063	-1.3700589	-2.8180099	-0.4879312	0.33432752	0.05078286	-1.899402	-1.3480963	3.418904	-0.04701412	1.0288252	-1.3670849	0.3038377	2.4146926	-1.3266385	-0.09164395	-2.331899
0.5985995	-3.13	2.5573056	1.6620704	-2.347916	-3.02905	-1.0520265	2.6387472	1.7577794	0.8558204	-2.2777598	1.3900813	-0.05689706	0.89341146	-2.5556822	0.6905344	3.9729762	-2.7054977	-0.76022387	-0.6597345
1.3660947	-4.316901	3.6452625	3.0521777	-4.807088	-4.783045	-2.7993338	0.7552474	1.0277613	-1.8906288	-4.661264	4.82446	0.16557512	1.31229	-4.424303	1.5368723	5.21195	-2.4547617	-1.0549347	-2.7483597
0.95782197	-1.0282615	1.3299955	0.9061478	-1.2758919	-0.06263561	-0.27869314	0.13408461	-0.13870199	-1.7274197	-0.9543154	1.4587333	-0.113963835	0.33030742	-0.42432293	0.011674147	1.9226787	-0.56940526	-1.1660211	-1.3635875
1.9107294	-3.7101002	2.7663555	3.586982	-4.741488	-3.3965175	-2.0724487	1.6953695	1.4199281	-0.9452932	-3.5010085	3.8261263	0.03803358	1.59334	-2.4598877	0.039247148	4.157175	-2.642872	0.1598456	-3.5233254
3.4982042	-5.3450203	6.3484426	3.790206	-7.7699084	-5.3785386	-3.563689	3.2914262	3.0715828	-1.6242791	-4.679728	4.8938766	-0.7930275	0.90937996	-6.3529525	1.6262971	6.3410044	-3.2975447	-3.3471613	-3.9040391
1.4538773	-4.4223557	4.5839934	4.06948	-6.447252	-5.467629	-3.2062612	2.3113124	2.028743	0.6002882	-3.6768909	2.2817454	0.021876289	0.65867025	-3.1056104	1.596139	4.856108	-2.0321271	-2.6465662	-2.972519
3.562289	-2.568592	1.7650139	0.2615781	-3.2544665	-0.99916357	-0.6069537	1.2143039	1.0482653	-1.2518133	-3.4544652	3.3895485	-0.35345414	1.0263262	-3.434873	-1.0557402	3.2644851	-0.9410738	-1.7504548	-1.8054601
0.6338938	-1.6781216	0.6149543	0.88864774	-1.4989126	-1.5666487	-1.386228	0.6432946	0.32969826	-0.13783327	-1.5828693	1.1322991	0.28104606	0.6723074	-1.9890319	0.36447844	2.4081964	-1.6912229	-0.30954638	-0.9456905
0.264565	-3.3669724	2.2721462	2.6903305	-2.1994753	-5.288042	-2.2825494	-0.051666256	0.98745936	-0.82767123	-2.7610106	3.3662298	-1.5071939	-0.10196836	-2.3657541	3.0006044	3.1067362	-3.4148912	-1.4917117	-1.1022935
8.124116	-11.691096	12.455257	8.019721	-14.0646715	-15.271765	-6.256392	2.4319117	2.5817893	-7.227811	-6.9119	12.363087	-0.55380815	3.2001529	-12.545192	3.534814	15.625478	-8.584642	-5.3609295	-9.256676
-0.23295201	-3.4127138	4.036041	3.8259656	-3.8527417	-3.5108757	-1.7758056	2.0404284	1.0413003	0.53130245	-3.9627938	2.1902113	-0.6349448	0.61115384	-1.3957176	1.459654	3.3377154	-1.992638	-1.3162702	-1.6160419
4.177047	-5.0560145	4.806546	4.07713	-6.1673837	-5.4849863	-2.2557814	1.600035	1.0297755	-2.6247406	-5.0249133	7.5835247	-2.7376885	0.50145125	-3.8447337	-0.16836181	4.797867	-3.317208	-2.5139294	-4.5575085
3.1185267	-4.238885	4.589318	3.8141072	-5.854205	-4.6568108	-3.8099248	0.5294166	-0.24641791	-4.4651504	-5.79382	8.457033	0.7251845	-0.039996054	-3.1659305	0.6221	5.0391507	-2.6450682	-2.3548486	-3.8154924
0.18678707	-2.7183676	2.7724924	3.484249	-4.45647	-4.4909034	-2.2018118	1.0257871	-0.050531447	-0.31224164	-2.0658574	3.4831595	0.14816488	0.7090232	-3.0382466	1.621355	3.1985664	-1.7798301	-1.2068367	-2.5539541
0.038431033	-2.718837	4.3904276	3.0224085	-2.2512064	-3.4751647	-1.3015945	1.1294643	0.98348105	-0.48313048	-2.7038283	2.1433723	-1.2843491	-0.27101138	-1.0914454	1.9090105	4.4942555	-2.8137262	-2.6478658	-1.325139
1.2288641	-1.8280872	1.8743156	1.7505512	-2.724057	-3.7070224	-1.421515	1.1157442	0.52437806	0.16896282	-1.3911333	1.407942	1.1613295	1.0172623	-2.2976573	0.76417977	2.7191892	-0.0660963	-0.015372906	-1.8061748
2.7257016	-5.707385	6.33163	4.731053	-7.537876	-7.588301	-4.1222434	1.8246247	2.2279077	-2.1078682	-4.351689	5.65635	0.024516333	0.9102677	-5.8812284	2.1179698	7.64003	-3.1236944	-3.6647694	-4.8131385
-0.12838374	-3.6832938	2.630393	1.3416389	-4.317641	-2.494716	-2.7272196	1.8664709	1.1760514	-0.23545621	-3.980844	3.8117278	1.2410957	0.7617766	-3.1002917	2.907947	3.1273599	-2.5841568	-1.7709429	-1.2743704
1.3928334	-1.910595	1.8213547	2.8976016	-2.4109104	-2.3413906	-0.6813096	-1.3796489	-1.3469006	-2.5830417	-1.2926894	3.8432558	-0.9142922	0.81037253	-1.3941921	0.36948085	1.085384	-1.7618036	-0.04812075	-1.4667332
2.3668034	-2.022052	0.82992303	1.016862	-2.9235268	-1.3983908	-2.5028095	0.337269	1.3464988	-1.1973695	-1.6893748	2.419526	0.7902294	0.9680856	-2.1622033	-0.47994906	2.0896742	-0.535465	-0.059982266	-2.054607
2.771771	-3.2323766	3.7398164	3.4816685	-5.221304	-5.8459845	-2.4394572	0.82786983	0.2664959	-2.9853163	-2.8697107	5.340022	0.118289076	0.6683706	-3.3088176	0.6859887	5.0870624	-2.1704926	-2.1702843	-3.9183867
1.1173007	-2.1205993	2.2060547	1.7483059	-1.5220233	-3.4755042	-0.5539938	1.1865864	0.7560849	-0.86001134	-0.10309309	2.5598204	-0.6128351	1.156258	-2.2669103	1.9539552	2.5249074	-2.4144306	-1.2231425	-1.9805248
4.221879	-6.3006287	4.782229	4.7279687	-6.9894147	-7.9606123	-6.018278	1.9800729	3.9292593	-4.005994	-5.6720514	9.289994	-0.4173649	0.37457618	-6.67882	5.305629	5.323877	-6.7792363	-5.844083	-3.9452748
6.4169044	-4.375756	6.252004	4.3576283	-9.040642	-5.8731575	-4.092657	3.0365577	1.490451	-2.672028	-6.465105	6.627096	-0.5268452	0.8095415	-5.723295	-0.4499916	6.2432723	-2.0947702	-4.2056	-4.964014
2.3911972	-2.8707747	3.349294	1.5558311	-3.8817067	-2.8199542	-0.56778514	0.58362144	0.26276094	-2.027139	-2.0611978	2.686036	-0.388512	1.1858306	-1.593228	-1.2547587	3.343264	-0.97615427	0.6830715	-2.3322182
3.3967433	-8.110329	11.250786	10.172056	-7.3952003	-13.023311	-3.494242	1.7118437	-0.21517527	-4.8420734	-6.2663403	8.611256	-4.9881744	0.82605076	-5.416707	3.2243216	10.964572	-7.9757338	-4.672572	-5.9395947
1.1745702	-2.4897037	3.4175003	1.4407525	-2.167621	-3.2493336	-1.0879264	0.97664523	1.5120287	-1.6825179	-0.92894405	3.02768	-0.57487017	0.36652505	-2.2328587	1.6302309	2.6681404	-0.9528283	-0.9464836	-2.2225742
1.9404131	-3.0840952	1.9078325	1.9609083	-3.1619	-1.778067	-0.6287009	2.1502302	1.8726538	0.22372665	-2.7584453	2.6145527	-0.84426314	0.3924297	-1.680372	0.33662477	3.6434124	-0.99345917	-1.4277735	-1.685431
1.1811897	-3.9792242	2.9967167	2.349843	-4.3118606	-3.5204372	-2.359608	0.8908227	1.325523	-1.149924	-3.5911138	4.9711046	0.19506525	0.7432217	-3.9636118	1.2634985	3.0039413	-2.3045788	-2.314584	-2.2244198
1.7151963	-3.952347	3.9350526	3.4709928	-5.911201	-4.4221473	-3.7559667	2.2768042	2.2954075	-1.0675812	-3.961549	4.074302	0.8269584	0.7627101	-3.5090175	1.7208309	3.925281	-2.5779154	-3.3535936	-3.08716
3.187561	-6.2844167	6.9121346	5.9798155	-5.232364	-9.554804	-3.5253022	2.1689065	1.9796845	-2.8745763	-5.1236024	6.244059	-0.8160242	0.9418403	-6.0818443	3.811807	7.782528	-5.2519326	-5.4876413	-4.523066
6.5901384	-7.71675	9.829298	6.5440264	-10.165701	-10.749439	-5.7133846	2.4261794	2.0673666	-7.4596457	-6.527241	11.260913	-0.14590906	0.41985425	-7.757369	3.1328063	10.2318	-5.839489	-6.0902843	-7.717729
0.9160753	-4.075614	3.9583628	3.0713527	-4.020541	-4.409376	-2.1647663	2.8555338	1.8154548	0.21047968	-3.633108	3.3076956	-0.95473266	0.20987938	-3.1062832	2.9652379	4.1930327	-3.1804883	-1.9159689	-1.7291434
