0.60218877	-2.3068194	1.0891578	2.5954666	-3.0199733	-3.2052321	-2.3829603	1.3673936	0.7274401	-0.63561213	-2.6826901	2.1181095	-0.6589642	-0.07685324	-1.7411339	1.6669394	0.8585018	-1.9127795	-1.9777683	-2.02605
0.9613352	-2.0974774	1.0124732	3.5751545	-3.6053734	-4.0449905	-2.8623655	1.4441497	0.8694167	0.45639536	-2.3154364	2.1068065	0.5200148	0.6997782	-2.9215755	1.6243907	2.4167829	-1.3476664	-1.5233614	-1.4387084
0.9748763	-2.7721202	1.7651595	3.2739599	-3.8756187	-3.0137691	-2.7612724	2.0421224	0.79837054	0.054368492	-3.1864982	2.5629678	0.22209549	-0.09664897	-2.3393474	0.9076184	3.9209118	-2.2904716	-1.7493507	-1.7460877
-0.14170507	-0.9244734	1.5315049	-0.050019357	-1.7801803	-0.5666393	-1.0093584	0.05995981	0.91690415	-0.7860772	-0.67805845	1.9910898	-0.87991506	0.06422317	-1.6008292	-0.17142542	1.5284334	-0.75811356	-0.2114749	-1.0122427
0.04375238	-2.6255174	1.7589744	1.5360432	-4.096235	-3.2806437	-2.2632294	0.9723516	1.8023267	0.010995202	-1.4158459	2.0358827	-0.34277982	0.3362996	-3.5191467	0.89105576	2.3044467	-1.5544549	-2.0311036	-2.3505406
1.7873265	-3.131174	2.7608573	4.377138	-4.72907	-4.7921596	-2.9623954	1.4726621	2.177804	-0.07480233	-2.585248	1.7888612	-0.45420122	0.57078516	-3.447025	2.034835	4.012833	-2.0309248	-2.0342848	-2.7418911
0.15751296	-1.1044704	-0.8424035	1.4579821	-1.124599	-2.4818988	-2.0402384	-0.39513844	1.1387819	0.22015682	-1.3493327	1.3669976	-0.19622716	0.18890208	-2.0128047	1.2663196	0.96437454	-1.6775035	-0.0796587	-0.31512195
0.356007	-1.4229088	0.55443615	1.6301581	-1.2033219	-2.8308866	-0.96783364	0.9695591	1.5958495	-0.29300302	-0.31886387	0.80505955	-0.8311789	0.28582075	-1.6105156	0.9958885	1.5710646	-1.390914	-0.50748855	-1.2423532
0.46252677	-1.9005834	1.6926576	2.3333426	-2.803105	-3.872461	-0.7741085	0.32655156	0.578341	0.073099695	-1.2407576	1.4255602	-1.0805279	0.8432693	-2.653081	1.2825902	2.5128088	-2.055253	-1.1764078	-1.6008892
-1.2725214	-1.5840448	0.73152256	1.7941912	-0.5377719	-2.3698857	-1.1218761	0.35982785	0.33614817	-0.12053519	-0.30465248	1.1157557	-0.23300754	-0.37224713	-0.124667265	2.7373574	0.62755424	-1.3448747	-0.71992826	-0.8546881
1.535893	-1.1813548	1.0974054	1.4491919	-1.9046394	-2.5901394	-1.1627965	1.5274622	0.3833834	0.28106666	-0.9838506	1.6285504	0.0021691583	-0.295505	-1.8610816	1.5847759	1.5935087	-1.1362453	-1.8693124	-1.0440316
0.1553027	-0.8499999	0.19072834	2.4853082	-1.1984549	-2.7808313	-1.2073232	0.34977356	0.24434713	-0.30004472	-2.5353112	1.899264	-0.6187325	0.2722246	-1.520196	1.572074	1.0724027	-0.72311157	-1.6176155	-0.96930003
1.9628274	-2.1643312	0.9871537	0.7030414	-1.2955974	-1.7802169	-0.3087622	1.5077173	0.73147386	0.050693616	-1.6108367	1.3120499	-0.32023203	0.4961678	-2.912897	-0.33088458	3.5641894	-0.70727587	-0.42662463	-1.0585824
1.3694121	-3.261464	2.4688177	1.5580584	-3.9260683	-3.3660975	-2.6664026	1.289505	2.6416445	0.8172918	-1.7327796	0.10450679	1.0267164	0.67277163	-3.1137726	1.098033	2.5509303	-0.47678363	-1.0885155	-1.4315925
0.5350851	-2.3954573	0.85511774	1.4364403	-2.304296	-2.7991333	-2.0382936	1.3013333	0.61583465	-0.17173968	-2.5542696	2.778709	0.6072357	-0.08673636	-2.9762304	2.090319	2.5438724	-1.1045291	-1.7117219	-0.7788899
0.7020557	-3.1043203	2.3487587	3.4403749	-2.1187203	-3.83339	-1.0040011	2.7017767	1.7834908	-0.5989535	-2.1554253	2.3651445	0.06428069	0.743675	-3.125929	2.8976018	2.958634	-3.2764258	-2.4623044	-1.4592763
1.9042579	-1.5429862	1.3102808	0.59208155	-1.8155769	-0.7714369	-1.4147576	1.546994	2.11767	0.04285091	-0.7353246	0.9838831	-0.20844063	0.4502501	-2.2298744	-0.20496099	2.0152426	-1.0902878	-0.54379654	-1.4168447
2.0029585	-1.5645206	2.1099393	1.449896	-1.8925859	-1.124217	-0.77565104	1.3839707	1.0830703	-1.5725449	-1.0525142	2.2820978	0.005246839	0.3722841	-2.1739335	-0.16825603	2.1115983	-0.28558582	-1.9843804	-1.9346368
0.62953794	-2.0442479	0.5295189	1.5953059	-1.899275	-2.6417875	-1.5728009	1.1115178	0.86860216	0.3233589	-1.5964366	1.0184057	-1.1446714	-0.24941872	-1.9500669	1.5930554	1.9580916	-1.7890546	-2.1682293	-1.5310352
-0.14962839	-1.4440788	0.72946185	1.5608282	-1.506732	-2.8126109	-2.03786	0.4092873	1.4872916	-0.6522126	-0.9964528	1.5730809	0.7366076	0.1554775	-1.8757992	1.8877873	0.91764075	-1.2481531	-1.219231	-0.554993
0.13280432	-1.8911983	1.1365842	1.4892584	-2.91409	-2.4320428	-2.1477163	1.1375316	0.89569867	1.1266575	-1.7682568	0.5515729	0.354172	0.34047034	-2.0594492	1.2950923	1.9265343	-0.96126205	-1.5179379	-1.2971773
1.7428199	-2.3299968	2.4350367	1.8024628	-3.4646993	-2.6305506	-1.1672692	2.2481835	0.80702525	-0.25328246	-3.2299774	1.4229747	0.82090634	0.5532915	-2.7519915	-0.48608825	3.4410872	-0.22013818	-1.1049539	-1.6497593
0.007489523	-3.0073304	2.1985874	3.6985517	-4.969717	-4.2672744	-3.0881858	1.6174146	1.2034473	0.96306896	-1.7809409	1.6384677	0.89250165	1.0379347	-2.583636	1.521925	3.2625995	-1.6692274	-1.1617297	-2.8152804
0.3568252	-1.809184	1.5221543	1.8643851	-3.5267086	-3.2655811	-2.5228384	0.57600707	1.0555444	-0.7133743	-1.8946453	2.8847306	0.84776396	0.16405444	-1.9597436	1.4564234	1.6951137	-1.1404165	-1.6995417	-1.457297
0.78948975	-2.0715072	0.25984085	1.5984856	-2.604882	-3.0914068	-2.3946307	1.0407354	0.99802816	0.39172563	-1.5439138	0.6622896	0.049971703	-0.48599994	-1.7901617	1.9721701	2.5489845	-1.2414241	-1.5416126	-0.82662237
0.17189102	-2.3971033	1.3282089	2.2499282	-3.1732707	-2.8191607	-2.3943782	0.7151308	2.0363762	0.46739978	-1.3813635	1.1836557	-0.54376847	-0.10200027	-2.2812753	1.7193937	2.6702435	-1.087856	-1.6234305	-0.84558976
0.39995614	-1.6498641	1.5267051	2.0345922	-1.3480717	-2.7544672	-1.8770933	0.49837023	0.5580575	-1.7035978	-2.4293501	2.4863727	0.028150171	-0.06445925	-1.1020437	2.5374424	0.24500771	-2.2213628	-2.0939686	-0.82013726
0.02909383	-1.6519966	1.3581305	0.8322285	-3.316316	-1.5877011	-2.1360757	1.2460817	1.0200696	0.3438087	-0.80969054	1.4227742	1.1076254	0.2776819	-1.8546783	1.5007122	0.95818263	-0.667786	-0.7813531	-1.1450107
0.59244096	-1.8258995	0.6333756	2.427877	-2.5258927	-2.7745383	-1.7431858	0.446495	1.261489	0.32594177	-0.33045897	0.3149179	-0.13984782	0.32328168	-1.7773495	0.5909237	1.656412	-0.6920284	-0.21588358	-1.160542
0.24061304	-3.7648911	2.354003	1.7984422	-4.7632494	-3.8084824	-3.5279248	1.2638236	1.8959179	0.1526306	-2.8256648	2.752309	0.34735844	0.5649374	-3.8526495	0.9346877	2.7550337	-2.0334659	-1.8196654	-2.503953
0.71036965	-1.2263103	-0.71028286	0.7310882	-0.6200308	-0.6424834	-1.1546992	0.3390559	0.5404507	-0.06945033	-1.6185081	1.275739	-0.5688392	-0.72535145	-0.74854225	1.8088247	0.08886399	-1.1384553	-1.626188	0.18534505
1.6771872	-1.2220587	1.9321795	0.22111845	-2.7698188	-1.8114742	-0.98689485	1.4949994	1.6060073	0.07692618	-0.63002694	1.3259938	-0.9553403	0.2201166	-2.8155448	-0.5992537	3.2824116	-0.39668572	-1.5280776	-1.1170236
1.0712874	-1.0018449	1.5140952	2.4619966	-1.8158649	-2.8075778	-1.3431076	1.8695084	0.58047014	-0.793984	-1.9893144	2.0857847	-0.6803255	-0.40804973	-1.4084463	1.4295958	1.4682226	-0.36372513	-2.244873	-1.4372114
1.6279356	-2.3232982	3.9677305	3.031625	-4.317572	-4.6165867	-3.046199	2.5947978	1.3566391	-1.2744131	-2.7049272	2.5414958	1.2154549	0.80759716	-4.850778	2.0937889	5.5834665	-1.3475173	-3.1566648	-2.8921309
0.8176921	-1.196172	-0.30017132	1.6366217	-1.7282279	-1.2880473	-1.5288908	0.8435177	0.8463809	-0.08572742	-1.419828	1.3076136	-1.3848692	-0.06368545	-1.7159107	1.2673154	0.69936734	-1.4799505	-1.6509281	-1.2190845
1.0206699	-1.3452256	1.5797004	2.0630755	-1.8693248	-3.036309	-1.163586	0.38481602	0.4868441	-0.6435367	-1.6039323	0.9042483	-0.07363075	0.9457774	-2.5545766	0.505847	3.0735343	-1.7588041	-1.0364691	-1.591556
2.4521549	-2.9104006	2.4658597	2.7489145	-4.113292	-4.6771216	-3.3104286	1.2069793	1.0643164	-1.7720592	-2.9355059	4.108837	0.17868593	0.6624573	-3.517217	1.7681149	4.560433	-2.1049137	-2.3210833	-2.4157398
0.6687001	-3.765071	1.2142744	2.4698792	-4.927498	-4.446526	-3.5258539	1.435928	2.07464	1.7743846	-3.7858624	2.1125169	1.1710157	0.80933875	-4.0351567	1.8229284	3.1975772	-1.9012043	-1.5391626	-1.7589222
0.7313225	-1.1087539	1.4334384	2.0284755	-0.6539946	-2.0194373	-0.8871993	1.5632415	0.27346876	-1.0796965	-1.6096122	2.5682597	-0.2889875	-0.17013046	-1.108487	1.7656082	2.0218492	-1.1529404	-1.7725278	-0.89942646
1.0059211	-1.789432	2.5167916	1.4238247	-3.2169802	-3.219063	-2.435875	1.67397	1.1301087	-1.3037694	-2.4489887	1.8773326	1.1152097	0.5869171	-3.0309308	1.3706725	3.2647302	-1.8355749	-2.57477	-2.312461
-0.38534728	-1.5270554	1.0739275	1.5623921	-1.301995	-2.8958855	-1.0046715	0.37752625	0.53365946	0.13176699	-1.6925136	1.5570126	0.31945646	1.0387719	-1.9281409	1.176251	1.145269	-1.1243469	-0.43928105	-1.0648282
-0.4596505	-0.69987595	0.57070756	1.0630465	-0.63482326	-2.0776317	-2.0024037	-0.44088736	-0.069361806	-0.7513059	-0.44663128	1.0369587	-0.057908837	-0.21367356	-1.1258582	1.720824	-0.45117304	-1.3326162	-1.1144187	-0.69563246
1.711165	-2.8726275	1.9385126	-0.61830014	-2.165456	-1.9612756	-1.4744848	0.8366491	2.2091858	-1.3306174	-1.7961553	2.0013502	0.08458162	0.53228426	-3.2760825	0.3646004	3.362894	-1.3493732	-1.4490986	-1.9275438
-0.037780177	-1.9971086	0.53450644	2.139521	-1.2005862	-2.863486	-1.6103859	0.37997568	1.0283445	-0.8794694	-1.0548173	2.6831558	-0.12018308	0.45928168	-2.689145	2.056504	0.8394244	-1.7788758	-1.0652516	-1.4497514
1.228982	-2.5239356	0.88326144	1.7686648	-2.4210784	-3.0567522	-1.4986852	1.3001307	0.51281506	-0.33935335	-2.143008	2.2144487	-0.19642554	-0.08770684	-2.0650673	1.4418142	2.6534443	-1.7129749	-1.9566088	-1.2501537
1.1655612	-1.2405229	-0.3633751	1.8308856	-2.4808857	-2.2004519	-2.2240222	0.8950466	1.6107242	-0.030552585	-0.9869131	1.9367471	-0.71671027	0.15547432	-2.685558	0.81327146	0.121211685	-1.7582719	-1.1623178	-1.6104342
0.78403395	-1.9824276	2.777366	0.9331066	-3.1373956	-2.90265	-2.126649	0.8833537	1.0345535	-1.5008034	-1.4528267	2.0392437	0.81103	-0.06258928	-1.9400687	1.8598669	1.9847311	-0.08117962	-1.4677579	-1.72038
0.9649302	-3.251319	2.0224605	1.5527017	-2.5545232	-3.2638264	-2.287714	1.618214	2.6963668	-0.01901047	-2.6858642	1.9222529	0.13849309	0.12406901	-2.2011845	1.6826894	2.012304	-1.6428741	-1.8461163	-1.2950276
-0.35972586	-2.2749488	0.109039046	1.0384966	-1.7004998	-2.2123947	-1.0120832	1.4846468	1.2049837	1.1182632	-1.0403521	1.2330552	-0.9290223	0.08437384	-2.6120253	2.433979	0.8999772	-2.5101192	-1.5850309	-0.5622425
1.9162016	-1.1491008	1.6402016	0.42399606	-2.936089	-2.545199	-1.8418349	0.5331111	0.28274727	-1.9198776	0.25618613	3.1269152	0.0076152333	-0.23945324	-2.4780526	0.7369043	2.9338956	-1.1437443	-1.0242302	-1.8999535
0.6394842	-0.6457136	0.7383697	1.6650405	-2.3251054	-1.0012918	-0.7177097	0.6558232	-0.045748454	-1.1532978	-2.0339904	1.9998767	0.40091935	0.45918033	-1.6409457	-0.6485457	2.4330566	-0.67961854	-0.18306908	-1.3375415
-0.21863613	-2.2784111	1.8891623	3.7741435	-3.1262715	-2.802063	-0.8509115	0.83724684	0.8619363	0.8565224	-1.4890202	0.55874777	-0.94785106	0.8438364	-0.9133704	0.85871613	1.1139243	-1.572953	-0.6040959	-1.9286739
0.3536811	-2.2953196	1.6393327	0.023070248	-2.3205414	-1.4456782	-1.6320063	0.14870772	0.66803664	-0.8997812	-1.1389642	1.1116315	0.19362186	-0.015182303	-1.1732601	1.1256561	1.408382	-1.0485798	-0.7908776	-1.3947389
0.23774132	-1.4090446	0.9941787	2.1682184	-1.1504204	-1.2911421	-0.7190553	0.7802652	-0.29055643	-0.8833452	-2.0123408	1.2776365	-0.61168396	-0.35868153	-1.0756572	1.7391341	1.1672685	-1.0135045	-1.3585681	-0.8113848
1.2557036	-2.6035373	0.66595757	0.43138334	-1.8866295	-0.6964386	-1.5586619	1.5103842	0.97468877	0.16470064	-2.8794143	2.4189036	-0.5771661	-0.12275964	-2.9181745	0.40273824	3.6740456	-1.1277691	-0.9137389	-1.196184
1.4137467	-2.3677537	1.3141645	2.37069	-3.2407694	-3.2947166	-1.6157651	1.5599946	1.7140527	-0.16898091	-2.562491	2.025954	-1.110631	0.20634314	-2.612633	0.6242699	2.217406	-2.1284473	-2.6845324	-1.8358243
0.6714334	-1.9123151	2.863184	2.4834492	-3.2505522	-2.473115	-1.9818302	2.244774	1.3139392	0.30080196	-3.4771879	0.9522914	1.1667188	1.5204554	-2.6969855	0.2329061	3.552016	-1.4196675	-1.5233672	-1.7903445
-1.1798385	-2.0574787	0.39563125	2.1122859	-3.088766	-2.9632182	-2.0122871	1.1415393	0.83561546	1.5964576	-1.1514775	0.70590013	0.8040427	0.5764569	-1.9866318	1.7338042	1.0878364	-1.5277344	-0.1761486	-1.1824166
2.3873975	-1.474583	-0.4189637	-0.43669194	-1.491385	-0.4154967	-1.7750386	1.2517794	1.8126116	-0.5379151	-1.1323208	2.2602909	-0.25802937	0.26230544	-3.0384634	-1.6627399	2.109127	-1.1857766	-0.61666125	-1.7187127
-0.2516276	-1.7863011	0.29454118	1.3225865	-1.4384346	-1.7195382	-1.3924006	-1.105088	0.33325276	-0.5006898	-0.16783735	0.5750108	-0.23843947	0.13455868	-0.8628767	0.8628126	0.03137159	-0.7449295	-0.4510813	-1.3060378
1.229895	-1.4226421	1.1442192	2.8606508	-2.1025043	-2.242936	-1.27363	0.97615874	-0.020132072	-0.061976045	-1.3705804	1.9664024	-0.5115637	0.1618691	-1.7734231	0.9518663	1.1930867	-0.32237473	-0.8774775	-1.300429
0.8571612	-1.2279626	0.5457271	0.84491634	-1.9831305	-1.9070501	-1.8334128	1.43365	1.7760513	0.1663058	-1.2690767	1.4590291	-0.043067668	0.09399646	-2.5656142	1.9167	1.1524601	-1.4684265	-1.0859133	-0.7334056
-0.07664704	-0.77381736	1.2037628	1.0550694	-2.3581033	-2.0830655	-1.9909154	-0.35495365	1.1431721	-0.5522696	-1.7114668	1.3616763	1.2605922	0.23322509	-1.0851213	0.4879568	0.25005454	-0.6997739	-0.64222527	-1.6436992
0.37100875	-3.0066514	3.0130012	3.7609246	-4.2198377	-3.9418	-1.5748541	1.7551528	1.0044961	-0.30700034	-2.7729785	1.9699981	-0.4413014	0.4444021	-2.5968337	1.7674971	3.287111	-2.6552331	-2.0186262	-2.2510798
0.28507617	-1.491725	1.2877758	2.8657875	-1.2211816	-2.3645594	-0.89868295	1.0757	0.55226505	-0.03276043	-1.5100319	1.967509	-0.7282504	0.29358742	-1.5129563	1.6035316	0.5167488	-0.54776716	-1.4378755	-1.9230849
0.91534394	-1.5571914	2.0671432	1.9268427	-2.5487475	-2.1451063	-1.2947997	0.31315026	0.6625502	-0.34763622	-0.9902652	1.0386894	-0.18340005	0.39390564	-0.81722134	0.598114	0.89924204	-1.2367722	-0.79642403	-1.0925552
0.40426716	-1.97827	1.0667698	2.762027	-2.1766808	-2.5335023	-0.7486027	1.9653894	0.30148527	0.8442688	-2.0108974	1.2873898	-0.36141324	0.020606855	-1.5384007	1.6163614	1.4992069	-1.917098	-2.3086984	-0.6259957
0.55367863	-1.3185232	0.6583607	2.653338	-1.4444758	-2.9761724	-2.1213818	-0.30521253	0.48425952	-0.45083657	-2.0838125	0.9168505	-0.32812482	0.41576833	-1.2272478	1.3158071	0.8520358	-1.0585515	-1.0543954	-1.1641866
0.049830735	-2.2178535	1.3452699	0.6850521	-3.1590178	-1.9814926	-1.4567797	1.1852428	1.6433653	0.92961633	-1.9849361	0.6503782	0.647507	0.3305982	-2.4806807	0.21463546	2.575127	-0.14471495	-0.3359128	-1.2224787
0.024287768	-1.152547	0.42525223	0.2145595	-1.9147438	-0.87482184	-1.6295078	0.22680558	1.3295939	-0.8317856	-0.8390588	1.9664432	-0.95377946	0.043246217	-2.958791	0.66058564	-0.009237545	-1.4961082	-1.8621931	-0.73778325
0.07192905	-1.1174501	1.5035803	1.0659797	-2.4584439	-2.2310293	-2.1978862	0.45078012	0.15603064	0.141414	-0.862843	2.1718009	1.3698046	0.6522904	-2.2682972	-0.42094174	2.2172132	-1.0044199	0.105200596	-1.6451123
0.4308143	-1.2209132	0.5377691	1.7361693	-0.8654439	-1.2378448	-0.5359416	0.67474353	1.0017217	-0.5569673	-0.14390111	1.1440934	-0.5140626	0.07643514	-1.3072237	1.7321858	1.3948969	-1.155766	-1.5597705	-0.88323826
0.6676477	-1.4860699	1.006213	1.7407957	-2.3179786	-2.2069182	-1.4680359	1.0302193	0.07734986	0.2810328	-1.6503994	1.2641222	0.67580193	0.37150326	-1.6569084	1.4936619	1.4725269	-0.5134705	-1.6075985	-1.3318522
0.7361132	-1.8134522	2.4594896	0.8554623	-2.3742087	-1.828437	-0.81003845	1.255733	0.59705395	-0.61565644	-0.78812	1.2931079	0.3445216	0.4664415	-1.959316	0.867732	2.6455183	-0.82751673	-0.9558179	-1.38738
1.0127329	-3.2717364	1.4011824	3.7922156	-3.7359228	-4.6536202	-3.1565266	0.84515965	1.1062673	0.070015766	-3.285975	2.8253088	0.41095933	0.701526	-2.9887216	1.919818	2.5962057	-2.2206075	-1.9218352	-1.9252656
1.287573	-1.4897902	1.8475955	1.3781023	-2.6500247	-2.2139187	-1.8259234	1.1885105	0.9546396	-0.961988	-2.36753	2.3839793	0.4671893	0.15211299	-2.199633	1.012889	1.7607586	-0.87191594	-1.4202081	-1.2383717
0.32009882	-1.7026836	2.2757726	1.8888237	-3.070426	-2.8668847	-1.9711556	1.0417339	0.6553462	0.30992097	-2.7169218	2.7719848	-0.36200374	0.18786812	-3.1410873	0.39447787	3.2007742	-1.0247985	-1.9892837	-1.2866392
-0.22161865	-1.5456274	0.28240368	1.3281153	-3.0015137	-2.2744153	-1.9233338	0.260257	0.09348039	0.15926489	-0.95627916	1.8722388	0.71081156	0.004552233	-1.6632388	1.4483974	1.6477768	-1.2056959	-0.36857182	-0.83090913
0.29492193	-2.3973722	2.120137	1.4216828	-2.8884532	-2.9835355	-1.2478783	0.83202565	1.829247	-0.3042319	-1.7995465	1.1953567	1.3841602	0.6313781	-1.5327487	0.3666235	2.159124	-0.43922502	-0.75999016	-1.2800956
1.2096888	-1.2253553	0.49020317	1.3190472	-1.171335	-0.93700033	-1.6310343	1.7113148	0.8631335	0.15507941	-3.008489	1.712367	-0.6061598	-0.33641586	-2.409525	1.2354016	0.9959977	-1.3559225	-1.665867	-0.20939091
2.2385547	-2.5539489	1.0347943	1.194914	-2.0324965	-0.5835266	-1.0192548	1.9052383	1.379793	-0.6330648	-1.9865911	1.6636492	0.7229232	0.05011779	-1.9982351	0.05489649	1.9740227	-0.94029725	-0.9883509	-1.1407394
1.2847025	-3.0763464	0.9748818	0.38657048	-1.8656614	-2.1673045	-0.9993897	2.4525878	1.9059155	1.3238146	-0.7674469	0.49090558	-0.18787992	0.4563331	-2.9770243	0.48224574	3.0699492	-0.91901153	0.06728996	-0.67855394
0.7668523	-1.4119672	1.2186661	2.2764084	-1.6627212	-1.9124119	-1.52929	1.0519317	0.34700269	-0.15391554	-1.8796076	1.6049695	0.06322276	0.53264856	-1.3337201	0.95038533	1.4260703	-0.8812326	-1.0775536	-1.1737002
0.1012491	-1.3124952	0.70019704	2.2850397	-0.6340907	-2.745741	-1.2734495	0.67857623	0.716347	-0.6855863	-1.3373002	2.3018496	0.029749116	0.20779555	-1.2533752	2.5287797	-0.36477926	-1.3429685	-1.5959554	-1.0179199
0.8672651	-1.4865156	0.2439121	2.3027701	-2.6435034	-2.4347794	-1.9006748	0.70991933	0.6395837	0.58541405	-0.6716035	1.3125836	-0.8261038	-0.22915587	-1.5894284	-0.3298822	0.59575605	-0.4827752	-0.19311774	-1.85237
-0.0052869287	-1.2021012	0.07646891	1.9435165	-0.9815082	-2.8298392	-0.57290757	-0.46642426	0.33746272	-0.5680846	-0.4551473	0.992826	-0.6641155	0.56577504	-0.9910306	1.6222683	-0.25926432	-0.4825183	-0.7639581	-1.7632571
2.049561	-2.0159845	1.2392913	2.1197805	-1.6688243	-2.2517366	-2.1581452	1.6061686	1.1233797	-1.2174495	-2.8040185	2.970214	-0.27297214	-0.4442645	-2.4915934	2.3539054	2.0570323	-1.7695372	-2.851731	-1.2571774
1.377684	-1.5638	1.8438802	2.6763678	-2.0633433	-3.1996706	-2.148763	1.543335	1.121684	-0.52230865	-1.2340121	0.52699566	0.48288053	0.5955359	-2.7738464	1.7096416	2.226893	-1.1691657	-0.87778366	-1.1069106
1.2805102	-1.3879473	0.09160138	1.1350743	-1.3348442	-2.635433	-1.0827905	-0.09420249	0.923822	-0.32953635	-0.16181919	0.652484	-0.2674704	0.23092768	-2.0117953	1.3714902	0.6165179	-0.8052878	-1.0537397	-0.98670965
0.73201185	-1.9670734	1.097494	2.3928046	-2.4939883	-2.5759299	-2.0939267	1.0830495	2.7761948	0.5504596	-1.0591408	0.82690424	-0.5595747	-0.13329816	-1.6872545	1.5222405	1.3090097	-0.4273029	-1.1722783	-1.0758384
0.82380855	-1.6436951	1.4303652	1.4828877	-3.1167731	-1.4057858	-3.198015	1.8131373	1.4646033	-0.7159179	-2.2896905	1.9944745	1.3758956	-0.24102853	-2.2722003	1.5607022	1.8308113	-0.65740067	-1.0132655	-0.95452803
0.38177758	-1.6788723	2.0517917	1.7574651	-2.939518	-2.7420824	-1.8137031	1.1676177	1.0164952	0.70598423	-0.932643	0.6446569	1.5571157	0.8302905	-1.3534031	0.91519135	1.0566022	-0.13031687	-0.51990926	-1.8095303
-0.53264534	-1.6619288	-0.24033843	1.3229661	-2.0056486	-2.4528992	-0.95506334	0.4992799	1.1597339	0.853264	-0.61152375	0.6596169	-0.543702	0.15679616	-1.8771193	0.39376694	0.4761228	-1.5587105	-0.49858287	-1.2618481
0.810688	-1.1376221	0.41974765	2.2884188	-1.0585264	-1.6858377	-0.7734745	0.4791723	0.5252493	0.23177987	-0.38933232	0.73534864	-1.5048696	0.10677133	-0.7230274	0.22743987	0.5810741	-0.6366956	-0.7796935	-1.5883856
1.4779406	-1.4823071	0.9102429	0.9738089	-3.1515484	-2.3832297	-2.1193666	1.1910203	0.97057444	-0.3292411	-1.3442208	1.1435348	1.40244	0.72139955	-3.2795556	0.08539137	2.439215	-0.1547254	-0.9895869	-1.7045681
0.02891322	-2.3655884	0.25002342	2.2146382	-2.5530174	-2.4437995	-1.9080898	0.3062591	0.71723896	0.26106027	-1.6709257	1.4288448	0.5647297	0.47304043	-1.0157217	1.752875	1.4717282	-1.4231427	-0.9953912	-1.3120239
0.3818006	-1.5957701	1.1053437	1.90153	-3.3049495	-2.570304	-2.3814182	1.0411813	1.3892359	0.41146976	-2.4103324	1.5995749	0.16402595	0.4472828	-2.7324207	1.9616905	0.64508957	-1.1004187	-1.668765	-1.2830865
-0.38609022	-2.03471	1.3246465	2.255463	-3.6741562	-3.0909176	-2.6712465	0.695548	1.2506545	0.39013895	-1.8313357	1.4858915	-0.073552	0.060443692	-2.4620874	2.4036098	1.8265373	-1.1655785	-1.4054976	-1.1706914
1.532816	-1.3875062	1.4267293	-0.010679837	-1.9504972	0.42736024	-1.1318923	1.3229976	2.0973005	-1.0968597	-3.3159945	0.8698699	0.1180795	0.44679958	-1.3884948	-0.71094865	1.1840602	-0.92420805	-0.7823877	-1.689196
0.042615883	-1.7234873	1.5477854	0.9845959	-2.5436788	-2.2611244	-2.3711147	1.5319366	2.013141	1.3510866	-0.97542554	0.22255492	0.93769276	0.3112235	-2.2467601	2.0171692	2.0059168	-0.7119592	-0.6935193	-0.67964363
2.2722774	-1.9761299	1.178664	2.4470458	-3.5330358	-3.0801437	-1.6737108	2.2157133	1.3116452	-1.5595556	-2.2135692	3.3741252	-0.094449505	0.19092877	-3.3861566	0.7783131	3.2524393	-1.2285001	-2.4230099	-2.2870584
0.5178436	-1.5976429	0.7423276	1.2532674	-1.7797781	-1.871959	-1.0983284	1.1166012	1.2072498	-1.1218686	-1.7952509	2.553442	-1.0137188	-0.07892598	-2.4571247	1.4899665	0.8380633	-1.7603402	-2.1625652	-1.5664368
1.5109642	-1.1344763	0.2532307	1.6317279	-1.3687177	-1.5681003	-1.0786606	0.9808067	0.52389073	-0.9180298	-1.0757784	1.9981377	-0.67202896	-0.39029935	-0.863591	1.8179904	0.9516124	-1.3981147	-1.9154284	-1.2753675
1.260913	-1.5841684	1.189107	2.299609	-2.3441985	-2.1290553	-0.6908324	1.1974295	1.412943	0.33425623	-1.7655213	0.27555317	-0.50580174	0.6500648	-1.415003	0.42503658	2.0531063	-1.2658178	-1.3568321	-1.6734343
0.6640328	-2.5241723	1.9393598	3.2232835	-2.4429476	-3.5166929	-1.3709352	2.2131035	0.43516886	-0.62247455	-1.8915614	3.1509345	-0.6055715	-0.25693896	-1.6679001	2.9172187	1.623399	-2.6157658	-2.6804678	-0.98337066
0.8304539	-1.3125465	-0.17727815	3.0383494	-3.302096	-2.950993	-2.5715675	0.17240316	0.760219	0.24292502	-1.6839159	1.0144838	0.415193	0.71316415	-1.4058721	0.09442986	1.986663	-0.8938387	-0.4321847	-1.8618788
0.41407758	-1.4468633	1.0424298	1.077398	-3.8811862	-2.7329683	-2.9750965	1.0698463	1.4909723	0.38667175	-1.5126702	1.5446371	2.1151242	0.5283518	-2.4054651	0.8782037	1.4031514	-0.054356433	-0.8646603	-1.8298944
0.8881101	-2.078564	1.8555484	3.0342271	-2.3544407	-3.0714438	-2.1159112	1.7201176	1.3374631	-0.027757568	-2.7304235	1.7127695	0.33370933	0.311634	-2.346899	1.3174689	1.9008551	-1.6108788	-1.8818283	-1.7577207
1.5679187	-1.4373763	1.7961377	-0.20504858	-2.6440744	-1.6686087	-1.431354	1.676563	1.9454918	-0.023690997	-2.0021603	0.9463041	0.93694806	1.0584551	-3.3101766	-0.0356709	3.3248734	-0.96660286	-1.3389014	-1.4475616
0.63625085	-1.8506029	2.3948586	2.7352576	-2.983526	-2.8681898	-0.8294381	1.6580312	1.2163862	1.0603048	-1.5097687	-0.3212633	0.23981313	1.0455116	-1.7826841	0.2387014	2.9900725	-0.9726104	-0.84583104	-2.0221028
0.5906434	-2.5547183	1.6105804	1.1290029	-4.3290606	-3.188698	-2.487598	1.1645304	2.3414652	0.87756366	-1.590591	1.2093897	0.9200686	0.7519367	-2.7722666	0.6976951	2.2425773	-0.6763573	-1.4588215	-2.0378816
0.887684	-1.2133367	0.49620253	1.9085683	-2.8450034	-1.8860873	-2.3691301	0.6789563	1.0177857	-0.14235507	-2.2863915	1.0059738	0.21827933	0.7865539	-1.9902178	0.15061067	1.761623	-0.79102993	-0.40903285	-1.2711676
0.063696966	-0.98349994	-0.7567753	1.6967373	-2.9487925	-1.81622	-2.246149	-0.5535834	0.4122118	-0.24484573	-0.58488894	1.5825316	-0.13338266	0.27398276	-2.371043	0.0041663637	0.32849988	-1.2489797	-1.0027882	-1.7435598
0.9069776	-2.1382236	1.7049775	1.4779258	-3.1478016	-1.8984934	-2.0683846	0.45088437	1.372558	-0.099122494	-1.9138806	1.9290265	-0.26289847	0.14288373	-2.6465268	-0.11723031	1.2694356	-1.3796313	-1.9822459	-1.7083668
1.3227736	-1.3707923	-0.036006022	1.7491435	-1.1605319	-0.58343387	-1.5929081	1.3845508	1.0469347	-1.7406784	-2.5642974	3.3830845	-0.4478859	-0.2642291	-1.4813429	1.5327605	0.23389035	-1.3273777	-2.2494004	-1.2784942
0.95411474	-2.4794872	1.0547655	0.5517107	-2.0600455	-2.4383395	-2.133933	1.860041	2.372783	0.66881806	-3.2457306	0.69238335	0.39584512	1.1391003	-3.455041	0.74907297	2.4489207	-1.7027851	-0.4864537	-1.0893042
0.23756862	-1.1023839	1.0709594	0.00763278	-1.839174	-1.1672363	-1.672032	0.2604788	1.5132458	-0.37293184	-1.0209587	0.92822564	-0.09307234	-0.061840218	-1.8101256	1.0439802	0.4308719	-1.458123	-0.7433667	-0.3481791
0.390834	-1.3374455	1.0714908	1.6756204	-3.1689365	-2.0935378	-2.11123	0.59154934	0.6322129	-0.079232916	-1.2384961	0.8742466	1.0946441	0.4085655	-1.851739	-0.058744613	1.615913	-0.16020218	-0.16941099	-1.5467445
1.5430415	-3.1259122	1.8049366	1.8763239	-2.4413824	-3.4295413	-2.0964844	1.6853385	2.7567184	-0.08756485	-2.5791752	1.6050638	0.6697811	1.5267974	-3.1435282	0.17487602	3.0911236	-2.7519767	-1.0767587	-2.261176
1.0217241	-2.4484074	0.95751864	1.791949	-3.516009	-3.1855445	-2.0149677	1.8919616	1.7198809	-0.14985189	-2.194424	1.7828238	-0.4104916	0.048895318	-3.021906	2.5537903	2.1503265	-1.9999784	-1.9713	-1.4758643
0.80703336	-1.5981923	0.77641594	1.1974156	-1.7021146	-2.2462866	-1.4914836	0.46742445	1.1623307	-0.09111576	-2.125261	0.9783004	0.44801542	1.211494	-2.3087685	-0.26641628	2.5933301	-1.1877695	-0.2428732	-1.3519422
0.45283353	-1.3362161	1.8904997	2.54752	-1.9746969	-3.361833	-1.790731	0.9777997	1.05199	-0.75367826	-0.4263698	1.2766383	0.5165444	0.3121311	-1.6514966	0.6496047	2.1749737	-0.6357291	-1.1425111	-1.7659575
0.3129827	-2.6350784	1.5291739	0.16000292	-2.5041344	-1.9416578	-1.1143343	1.7267578	2.7720819	-0.2211509	-1.6390369	1.6551975	-0.12971368	0.27985823	-2.89711	1.2067058	2.407389	-1.0663347	-0.81023127	-1.554642
0.56144285	-1.8875649	1.1097312	0.45547703	-2.2234876	-1.6827102	-1.6078868	0.6309018	1.019872	-0.63788694	-1.9430526	2.0032015	0.89000666	0.37518132	-2.5525415	1.5199279	1.7586931	-1.4332334	-1.3716794	-0.9177387
2.3427968	-3.9482622	3.858954	2.6237285	-5.436617	-4.7506213	-3.4551191	2.2262936	1.1827525	-1.9720908	-3.7064884	3.8211005	0.11228596	0.7328359	-5.41746	1.6380428	5.026415	-2.5852635	-3.5137148	-3.0293043
0.42851308	-2.713711	0.866187	0.59303236	-3.7056742	-1.9850674	-2.4189124	1.2506706	2.7333932	1.4504344	-1.7731537	0.27597687	1.598936	0.7906609	-2.9551172	0.47698978	1.5314187	-0.53841364	-1.2800112	-1.1372631
-0.046475388	-2.1649055	1.0675974	0.7071858	-2.8335445	-2.1802018	-2.3540292	0.6434145	0.87055385	0.03285828	-1.631116	1.6613098	0.49557185	-0.7801537	-1.7654557	1.2998173	0.61168426	-0.62556005	-0.82507885	-0.65213877
0.40168568	-2.3983514	2.2943013	1.7673239	-1.9337949	-2.7654245	-1.4533287	1.8292874	1.4496593	-0.24486203	-1.8185463	1.5624082	0.28996935	-0.040765475	-1.8415798	2.3463638	2.0181127	-1.4429097	-1.8749818	-1.0632358
0.27317595	-1.1233737	1.5224496	1.523903	-3.2375152	-2.6187146	-1.8220555	0.02615577	0.791426	0.60061824	-1.2406162	0.90975344	0.24097314	-0.120287515	-2.0246072	1.085886	0.903304	-0.18289022	-1.4182346	-0.9889909
-0.3699365	-2.3820252	2.24925	2.6048913	-3.5798101	-4.154238	-2.5013456	1.3561075	1.0576813	1.0667936	-1.3179684	0.66552114	0.0101407645	0.7791938	-2.2118266	2.0157516	3.068915	-2.4395056	-1.6549789	-2.0468228
2.1501818	-1.5703439	1.2120528	0.48176432	-1.7242818	-1.5273776	-1.1915646	1.4518594	1.7399174	-0.93758917	-1.3424461	1.1992104	0.10697584	0.15160502	-1.9812262	0.4739321	1.9485748	-1.163438	-1.331969	-1.3889171
1.418587	-0.49259904	0.8854242	-0.34191063	-2.240787	-1.1417831	-1.8804082	0.107569255	1.8674483	-1.602625	-0.7913449	1.3359014	-0.7652123	-0.63578403	-2.2611704	1.278769	1.053945	-0.258971	-2.6385324	-1.1569264
-0.9380741	-2.1603348	-0.08335699	2.0947428	-2.0303736	-2.7668815	-0.8750377	-0.27631673	0.4128781	0.300146	-0.1366638	0.9295291	-1.4180639	0.20470577	-2.2081885	1.1879138	0.84735864	-1.7884066	-0.43065786	-1.2025979
-0.042620752	-2.0145755	1.2960553	1.5921991	-2.365262	-3.0551527	-1.3035139	1.4080882	0.7172734	0.8073167	-0.4913674	1.2375754	0.53490853	0.13723601	-2.635555	2.5274436	1.1871454	-1.12635	-1.7418002	-1.0536611
1.1797621	-1.9400038	1.180706	2.801419	-2.3621228	-2.9182093	-1.8193235	1.9077861	1.4259955	-0.300936	-2.0455313	1.4555286	-0.3898732	-0.070033595	-2.0243194	1.4131681	1.4092036	-2.0672941	-2.3957417	-1.5392145
