3.687968	-1.4091972	3.0617177	2.538438	-3.460459	-3.4481695	-1.4636953	2.1800747	1.6588455	-3.4088936	-1.4248587	3.4357305	-0.8418178	0.70867413	-4.9128094	0.18094894	3.2688782	-2.6544142	-3.1852784	-3.021375
1.83781	-3.2250705	2.348578	3.497387	-5.760154	-3.8276598	-4.132077	3.335524	2.8446064	-1.2932996	-3.90288	4.681891	0.42481545	0.23019616	-4.422748	1.9001989	3.9545193	-3.5676293	-4.272503	-3.0278654
2.6744502	-1.7825555	1.1434958	0.6946613	-2.470511	-1.7591323	-1.8330054	1.7690256	2.5383718	-1.6449518	-2.029754	3.040359	0.5293792	0.6571009	-3.018013	0.2743879	2.8922632	-1.733783	-1.7718142	-2.0716927
2.4140673	-1.9609333	0.46762532	0.87797344	-2.4889965	-1.3045702	-1.4132342	2.0252974	1.0706123	-1.5558331	-0.5892707	2.294918	0.7209002	0.0698475	-2.3643734	0.6927309	2.918344	-1.112621	-1.5679802	-1.5676345
2.2740278	-1.7328012	1.1900649	1.3105676	-1.4341564	-1.3107812	-1.6702999	1.2098862	1.3962746	-0.93031853	-0.94359905	1.6979619	0.2665561	0.47109422	-1.6072125	-0.0068215164	1.5492488	-1.4102068	-1.2102263	-1.5435845
0.37468758	-0.76671034	1.9496189	0.4387927	-2.5314617	-1.9318041	-1.3760698	0.34627894	1.4156164	-0.94939744	-1.4959465	1.0362904	0.2670416	0.5017768	-2.1026547	0.6536871	1.4478204	-0.7626358	-1.0147057	-1.323973
2.5131748	-1.3696469	0.15893252	1.5705799	-2.6313472	-1.41271	-2.4019413	1.9552377	2.1761975	-1.6518464	-1.4982557	2.567828	-0.97765857	-0.13989447	-3.0312252	-0.009001691	0.43712306	-1.8007401	-2.3310037	-1.1679436
0.3440969	-1.5335772	1.9064113	1.9453045	-1.5646	-2.7079985	-1.1458184	0.9812612	0.59619206	-1.802003	-2.2174208	1.5844897	0.9249218	0.68820405	-1.7178438	1.4892881	2.3879375	-1.966005	-2.1010613	-1.4136139
1.7477497	-1.6507769	-0.23237969	0.09190683	-0.8251736	-0.121095486	-0.36253124	1.718177	1.2636316	-1.1718657	-1.2619417	2.4133644	-0.06645334	0.13002571	-1.1615651	-0.04559536	1.5983405	-1.3390349	-0.2707577	-1.0559515
1.4596354	-1.5938809	0.69712025	1.1323615	-2.489361	-1.7888358	-2.0660467	0.5807433	1.5279766	-0.969929	-1.2385696	1.4933271	0.17421114	0.40157512	-1.9742274	0.5317782	1.7945492	-0.76813406	-0.7049173	-1.2940617
3.3945649	-1.7846336	1.9197136	2.7311711	-3.0447526	-3.2749126	-1.7798098	2.8877122	3.6203785	-3.1567848	-0.7737677	3.05337	-0.42800564	0.26818344	-4.4221144	1.6487719	2.8188243	-2.4331102	-3.6416373	-3.2682095
2.3593857	-1.5608921	1.176377	0.5476389	-2.9806824	-1.0920676	-1.3262495	1.5165157	0.77477217	-0.7036011	-1.8095803	1.7180538	0.6290032	0.23379475	-2.1269805	-0.024492262	2.4904788	-0.3540944	-1.5396531	-1.3303505
1.5328165	-1.2154298	0.8653255	2.3341548	-3.5761266	-2.3834662	-2.479775	1.0828516	1.9969965	-1.2413334	-1.6589832	2.7843866	-1.0588787	-0.26978764	-3.0215838	0.6403892	0.87718105	-2.5776606	-2.9338481	-1.6418403
1.3175985	-1.0148606	1.3825066	0.75607485	-1.2396902	-1.0565692	-1.4757988	0.5880559	1.0565311	-1.8863268	-0.32185876	1.7914858	0.6625716	0.17337725	-1.6473948	0.37041357	2.7328327	-0.9918032	-1.3993636	-1.3873826
1.2258348	-2.2500095	1.7780727	2.2773263	-3.09433	-2.7812974	-2.4130266	0.80615395	1.7754177	-0.63085896	-1.71882	1.103446	0.15531684	0.08131983	-2.0724983	2.041379	2.5587385	-1.6804357	-2.0669208	-0.75200963
1.756038	-2.9287298	1.7766817	2.9675078	-4.052822	-2.8082187	-3.7669442	1.7654432	2.5081427	-1.1952566	-3.1120772	3.0937297	0.5198628	0.5941066	-4.0363183	1.3067902	2.5594106	-3.7948048	-2.7099514	-1.8071383
1.5937688	-2.3207304	3.2142425	4.449644	-3.0526195	-4.3035746	-1.9887245	2.2221272	0.57569057	-0.9328072	-2.6105947	2.5600154	0.59259945	0.90866673	-2.3897996	1.4295588	4.028984	-2.2402468	-2.7302105	-2.6923485
3.1787736	-2.786637	1.8055797	2.646778	-6.0082746	-2.8208754	-4.9277964	3.1926055	2.252388	-1.3402768	-3.8490336	5.275226	1.3752685	-0.0020554971	-3.8314357	1.8715234	3.053754	-2.9225237	-4.149162	-3.6554885
2.2932596	-1.5943547	2.1445272	2.1664004	-3.0338712	-2.872984	-3.0958717	1.0436897	1.7968941	-1.4640377	-2.5549316	3.4041097	-1.1513783	-0.22760938	-3.415526	1.7844732	2.0467234	-2.6147618	-4.1763673	-2.3189611
0.97397757	-1.0451059	0.96860164	1.6306406	-1.8357571	-1.1701565	-1.4673562	0.41885778	0.15127654	-0.481551	-0.38347438	1.3316842	-0.300185	-0.010700743	-1.759171	0.24417306	2.3042302	-1.3393743	-1.4324973	-1.1797256
1.2684294	-1.3887002	0.71854454	1.2568451	-2.9952743	-2.5369248	-1.8761338	1.0969378	1.1923739	0.16439825	-0.57885295	1.5531038	-0.18509743	-0.26747873	-2.3422241	0.56347984	1.2172822	-0.8791484	-1.1990325	-1.0711673
1.221641	-2.059111	0.88917786	0.32856813	-2.0035205	-0.9022625	-1.6535058	1.8295727	2.1569655	0.51100856	-2.1262581	1.8393214	-0.57269603	0.038691435	-2.590059	0.09188818	2.0368617	-1.6299113	-1.1581697	-1.2499589
0.11198643	-2.1493106	2.0034938	2.4161525	-1.4897263	-1.7610903	-1.850304	0.52973545	1.0051684	-1.0696012	-1.8700846	1.9421604	-0.46582973	0.18321317	-1.5690565	1.1944711	2.3242083	-2.6811578	-1.5614517	-1.2112947
1.8167849	-0.62374854	1.3203901	1.7397349	-1.7186517	-2.1367457	-0.16993853	0.88886	-0.8248418	-1.5873957	-0.7185532	1.7086077	0.022680363	0.7315064	-1.4339846	0.17749926	2.084115	-1.0226529	-1.9173288	-1.8656212
2.083324	-1.2861204	1.7975461	0.8147086	-2.7852297	-1.433811	-2.5526607	1.2731965	1.1104337	-1.5416888	-1.4168876	2.702521	1.4028559	0.20466264	-2.4501178	-0.21015565	1.9384989	-0.69268405	-1.606617	-1.6005418
4.998858	-2.1474068	2.5961604	4.0201683	-5.5407834	-5.056932	-2.9340746	2.984	1.1989431	-3.029177	-3.1054823	5.7241335	-1.4175826	0.5539372	-5.9626837	0.40806162	5.635061	-2.893298	-3.6587796	-4.4833198
3.4229689	-2.6146784	1.0459062	2.283225	-3.188714	-2.4203184	-1.7251946	1.7880133	0.9195856	-1.3462503	-1.6164104	3.3814814	0.28285494	0.62354386	-3.8197236	0.21431418	3.7002137	-2.108579	-2.53436	-2.706589
2.2770836	-2.5995443	2.205863	1.3159485	-5.002043	-2.5816643	-3.1658058	2.1189578	2.8085191	-1.4288454	-2.9168315	3.004304	0.94611204	0.55977577	-3.8568733	0.57254773	2.9019651	-2.0886693	-2.566073	-2.8969836
1.3742179	-0.91744393	1.2211813	2.2146187	-1.8847375	-2.023769	-1.5770029	0.41418287	-0.51930666	-1.507779	-1.8497518	1.8007149	0.50957936	-0.13916528	-1.210315	0.8434437	2.0072541	-1.0392959	-1.9153432	-1.3689938
3.0823061	-2.1545274	1.977835	1.8424739	-2.810222	-1.5691292	-1.5306731	1.8465649	1.6268284	-1.6889429	-1.9943341	3.7839248	-0.53151345	0.49339083	-3.0752447	-0.07221702	2.9067824	-1.2779751	-1.3732102	-2.1544666
3.19397	-3.786998	4.1824484	4.5050507	-5.94981	-5.5498285	-3.1535838	3.6349344	1.4635867	-1.1176319	-3.5832906	4.558728	0.35578772	1.1711478	-5.024528	2.4748995	5.0626545	-3.125985	-4.0078025	-3.637207
3.0213916	-1.5200787	1.8769761	2.8660789	-3.0921006	-1.8991059	-2.1363463	1.6975347	0.28757933	-2.7077162	-2.1030903	4.152094	0.5210769	0.23523308	-1.6665169	0.7172452	1.6659626	-2.1327202	-2.7989025	-2.3680747
2.8551512	-2.4405222	1.9046552	3.0767467	-2.5802717	-4.1345882	-1.8254874	1.146552	0.650334	-3.4188666	-2.6849945	4.46675	0.03704867	0.4962666	-3.9996574	2.0678275	4.998642	-3.6910582	-4.259207	-2.9308236
0.38581112	-1.2318432	1.8126773	2.9658046	-1.9796814	-2.3117309	-0.8637566	1.3279862	-0.369983	0.24481794	-1.5615898	1.598373	-0.05527323	0.49067003	-1.1182209	1.18993	2.044345	-1.4514551	-1.3492887	-1.5167187
1.6890644	-1.0681224	2.27519	1.7435515	-2.1985652	-2.2649763	-0.5028872	1.1610227	0.6278449	-1.2689587	-0.07236486	1.6710498	-0.011870317	1.0815269	-1.774082	-0.15277229	2.8351216	-0.54431695	-0.564919	-2.466091
0.9150707	-2.1170514	1.3702068	0.6348533	-3.065835	-2.186186	-1.481305	0.5184245	1.3620849	-0.20845412	-1.6165241	1.8097078	-0.0662084	0.6792554	-2.8266842	0.48201716	2.169896	-1.6905663	-1.4775854	-1.6071813
1.8246963	-0.7735984	2.003263	-0.67375743	-2.9176648	-0.33761197	-2.0163605	0.61621094	1.0905459	-2.7999322	-1.0492303	3.3015952	0.42271176	-0.03366351	-2.2400575	-0.29785907	1.3554406	-1.2214346	-2.0487406	-2.3888416
2.6802359	-1.5583569	0.58776844	0.8589261	-2.3521023	-0.91510785	-1.8732762	0.9937546	1.6947333	-2.2718117	-1.32367	2.3233354	1.2417319	0.54435664	-2.3896537	-0.6523286	1.8970869	0.007189611	-0.8985606	-2.4318826
2.281046	-2.3142068	0.87244815	0.97661847	-2.95644	-1.9360509	-1.9456698	1.7478245	1.4775486	-1.2293104	-1.2631459	2.4783173	1.1564062	0.79951155	-2.042658	0.61624223	2.4727254	-1.5653298	-0.7001763	-2.22908
2.7535331	-1.8274146	1.5603846	0.7277339	-2.6465805	-1.6900066	-1.6595663	0.13174301	1.6903074	-2.013499	-1.4842986	3.75359	-0.82151246	0.42478868	-2.540919	0.033089135	1.4230525	-1.6407156	-1.4215077	-2.3393426
2.497286	-1.4512384	1.0091022	1.1166137	-1.844854	-0.59541464	-1.1374202	1.8957977	0.05643426	-2.6950393	-1.2331575	2.9537597	0.09393629	-0.4704082	-1.7788996	0.76129127	1.528426	-0.92370456	-2.4063797	-1.6208589
0.50812775	-1.9762493	1.3447877	0.7559193	-2.7038522	-1.9291123	-2.210514	-0.11348596	0.8829703	-2.4445722	-1.8161619	3.5274742	0.93651485	0.5440734	-2.8769221	1.4972132	2.3004632	-2.3637419	-1.6146404	-1.1942173
0.50877446	-0.7433582	-1.2109865	1.2863404	-2.0306501	-1.8755914	-2.3982134	-0.38738686	0.56279504	0.21282573	-0.95116425	1.9483681	-0.62640756	-0.42729232	-1.1521322	0.75084686	-0.15949696	-1.2209159	-1.5022987	-1.1053028
2.396192	-2.0042477	1.9006193	1.0774834	-2.6284316	-1.7013291	-1.2472818	1.4864545	1.831006	-0.75929296	-1.7718394	1.6511687	0.14028566	1.4542266	-2.9775481	-0.7721829	2.8454247	-1.0159711	-0.3916178	-2.075598
2.08841	-1.879553	1.422131	0.27260792	-3.1485543	-2.2329402	-2.195598	0.98530024	2.0874393	-2.3817945	-0.7290476	2.7586176	0.9820132	0.72839993	-2.7945387	0.30741155	1.9318812	-1.4218744	-1.2770414	-2.8446941
1.0100449	-1.204328	0.72103554	2.1389117	-3.8570175	-2.5350945	-3.122319	1.3078408	1.5702677	-0.82293993	-2.546617	2.4109972	-0.37215596	0.17531873	-3.0118182	1.2731612	2.0030463	-2.4816804	-3.235474	-1.6881992
1.4254059	-2.1329026	4.126699	3.1569972	-3.3114877	-4.436112	-1.7448673	1.493913	0.78376126	-1.8975619	-1.777856	2.9184601	-0.011132007	0.6401584	-3.245796	1.8358507	3.8203487	-2.6035328	-3.2195888	-2.9813125
0.7508628	-0.7393133	0.9240651	0.5740908	-2.2950222	-2.1235561	-1.0101418	1.6483389	0.52454036	-0.4755076	-1.0525384	2.751974	1.0915583	-0.4650403	-1.4037199	1.8040463	0.94755536	-0.31048086	-1.3163174	-1.1822811
3.9077525	-0.6603573	2.0219696	1.9800994	-2.8581035	-2.4961689	-2.3694499	1.8500596	3.6736062	-2.9977102	-1.3202313	3.4443667	-0.40552008	0.051103447	-4.2050214	0.3012577	1.281847	-2.2267032	-3.7127802	-3.027946
1.1616763	-1.1891716	1.2307403	0.53716797	-1.4095889	-1.8036239	-1.0691389	0.6504881	2.2745805	-1.2468017	-1.6470126	1.033333	-0.049296506	0.4953253	-1.9216301	0.55942476	1.0408725	-1.3529199	-2.051432	-1.2159175
1.707583	-0.8061326	0.8840806	-0.2556056	-1.3808376	-1.3781959	-1.2853055	0.27860743	1.163015	-0.9072246	-1.2825931	1.2300318	-0.943471	0.39026853	-2.604108	-1.1358131	1.7721502	-0.8550907	-0.9808812	-1.2850882
1.8383893	-2.4783702	0.3267086	-0.35875866	-2.2986045	-0.6548216	-1.743374	0.39402777	1.4560741	-0.37285706	-2.2923753	1.7961234	1.1932579	0.22803503	-2.7714574	0.09791873	2.1256032	-1.4202489	-1.645482	-0.8290442
2.3983033	-2.3497188	1.9440002	2.1901739	-2.7020664	-3.847113	-2.1769059	2.3348763	1.4579475	-1.5280136	-1.882712	3.0654793	0.05734919	0.0891332	-3.8447425	1.8721507	4.109389	-1.8577075	-2.5369565	-2.0223784
2.663296	-3.5048437	3.4837275	3.93994	-7.8596697	-4.8432426	-4.5969152	3.3268514	2.8406558	-2.0592778	-2.611336	4.2905912	1.9135188	0.6628335	-4.871532	1.3661935	4.919364	-2.1537716	-3.240649	-4.0163107
3.1256185	-1.8647456	2.4522653	2.5411093	-4.137909	-3.2103128	-3.2337708	2.0803957	2.8228343	-2.0932372	-1.9479039	2.9254837	1.0780544	0.68208206	-4.1874223	0.84747666	2.530558	-2.262001	-2.3525612	-2.7239347
1.3710507	-1.2060663	1.5540028	1.4756647	-1.6570253	-1.2844025	-0.05542761	0.4536167	0.04200438	-1.7670437	-0.39103553	1.2065282	-0.11516531	0.23813483	-0.8915285	0.34057042	1.6415089	-0.44675046	-1.6013615	-1.4691083
2.167384	-1.2598455	1.5034996	2.8371878	-1.4374609	-2.5083292	-1.1061469	0.45381513	-0.7696622	-2.8679738	-1.8173014	3.5855947	0.6742291	0.56644493	-2.8435738	0.5002005	3.0782483	-1.7488737	-1.8499765	-2.1659782
1.806161	-1.7993082	2.1372528	2.9803953	-3.2807794	-2.7949028	-2.1235373	2.9202118	-0.3304444	-0.9648781	-2.2568884	3.3852272	0.38839564	0.27114144	-2.8179333	1.3084999	3.429896	-2.3164377	-2.553082	-2.3015754
0.32325718	-1.970476	1.1645311	0.99533933	-2.537825	-0.91881424	-2.3492448	0.7181	1.7818273	-0.90991014	-1.084973	2.407181	0.6060768	-0.15220001	-1.9780037	1.0492756	1.0302633	-1.204273	-1.5486195	-0.7533254
3.4834523	-1.3935097	1.9983138	2.6076891	-3.9655402	-2.4629514	-2.5184832	1.5006028	0.9793199	-2.9714622	-1.5868404	5.43801	0.0886678	0.39832878	-3.5199912	0.9117921	2.041443	-2.8802116	-3.35586	-2.9830832
3.9505212	-3.3187525	3.7890642	3.274908	-6.108394	-4.435792	-3.9058928	3.4818559	3.8617404	-3.0577905	-2.9784126	4.1008964	1.3450087	1.0486227	-5.1952534	0.7346216	5.2110286	-2.4916072	-3.1255462	-4.187587
3.4809675	-4.28063	3.3474748	4.4688387	-6.014751	-4.978857	-2.908465	3.5764186	0.8585735	-1.9886755	-4.2777734	4.464917	0.839288	0.6467753	-5.765925	2.77359	6.239941	-3.8706722	-5.511025	-3.3034153
2.5037937	-3.096872	1.7232479	1.5862408	-3.3967013	-2.27141	-2.4483428	1.8606311	1.8629482	-0.3424728	-3.1501782	1.4644817	1.3680965	1.0582163	-3.6162808	-0.062908396	3.9802914	-1.324935	-0.73812807	-2.047449
1.8416739	-3.228152	1.8573475	1.2075363	-3.8394334	-3.1249905	-2.5196922	2.017679	1.6219724	-0.9211337	-1.7951094	2.9292133	0.7918511	0.8767016	-4.403195	0.47266954	3.6663256	-2.6995978	-1.698253	-2.8735657
1.1678838	-1.7590253	1.5519826	0.8837935	-3.7800825	-2.6985998	-2.4917414	1.4098117	2.8972273	-0.14587936	-2.0739806	1.1718954	0.8729798	1.0165889	-3.4715426	0.57986045	2.2090082	-0.99422693	-1.6717796	-1.8145593
1.3895875	-1.5712241	2.1892214	2.8695111	-4.1692443	-3.3743253	-2.1200712	2.351899	1.4185424	-1.1732117	-2.2384436	2.492537	0.593054	0.4290196	-3.4375787	1.1622537	2.9934587	-0.7290262	-2.4470973	-2.5098767
2.7627034	-1.0719682	2.1069748	2.8183937	-2.691922	-1.4954786	-1.2574224	1.5085464	-0.106847204	-3.2126932	-1.4286085	3.0818477	-0.13816668	-0.0011034266	-1.8609883	0.5658358	2.5255148	-0.931384	-2.197219	-2.673136
2.340699	-2.3893878	1.3752022	1.3051056	-2.4944873	-1.6761104	-2.2074745	1.38072	2.2240736	-0.6107802	-0.8541542	1.9385164	0.90351254	0.9458276	-2.2205086	0.72030354	2.2520502	-1.7367275	-0.5703597	-1.7781914
3.8155828	-0.9721533	1.0580276	2.606896	-3.2498825	-2.8489947	-1.1645114	0.9182222	-0.04467575	-4.051027	-0.8760488	4.918324	0.27285445	-0.031871706	-1.9293528	0.16745028	2.365076	-2.65323	-2.718106	-2.935239
0.9142208	-1.4135599	0.16121364	1.2423489	-2.2953744	-2.2246563	-1.9304725	0.08153364	0.89448184	-1.113403	-0.61984104	2.3284397	0.9103659	0.48335832	-2.0181394	0.14962247	3.1807752	-1.5790846	-0.396031	-1.9254317
2.1177008	-2.0342252	1.1747162	0.23452112	-3.420074	-1.6293347	-2.5582652	0.24646841	1.7372085	-1.0875782	-1.753483	2.6208165	1.0270377	0.073416434	-3.0466433	0.07464347	1.542748	-1.1015087	-1.476757	-1.4046117
1.5766972	-1.6149563	0.7632613	2.3521864	-2.0701938	-1.5659053	-2.4972274	1.0492872	1.8020302	-0.8756147	-2.1126397	1.9042832	-0.74519116	-0.4428827	-2.0955634	0.34325677	2.0504498	-1.6653888	-2.2989922	-1.4005393
1.5961787	-0.8129758	0.7908347	0.6365981	-0.8454451	-0.6825827	-0.95095325	0.18478763	1.4710807	-1.7795202	-0.59016174	1.3976165	-0.5428874	-0.02431961	-1.9505955	1.026455	0.9184892	-1.1263441	-2.0693958	-1.0147113
1.3506119	-1.0849246	1.9542148	2.3177118	-1.1124074	-1.8698475	-0.31379697	1.2444758	0.013796771	-1.308863	-0.42508027	2.023053	0.11703391	-0.016958207	-0.59000546	1.086319	2.2736173	-0.8107028	-1.5028899	-0.6897269
1.7149223	-2.0004954	0.79379326	1.3654661	-1.4594948	-1.9300021	0.11458373	0.7687697	0.9907134	-0.651209	0.31747258	0.5548063	-0.32126164	0.83460647	-2.44474	-0.48875615	2.7434924	-0.4178987	-0.3718373	-1.57853
1.7222891	-1.9955261	2.49266	1.644834	-2.910243	-2.1286223	-1.9907843	0.78356904	1.0584713	-2.0736756	-1.6420201	2.7361505	0.2780468	0.10479108	-2.4751298	1.1723317	1.7559712	-1.4126842	-1.7651354	-2.0323784
1.3226763	-1.952937	2.6832533	0.96253717	-3.3398619	-2.1910827	-1.833065	1.7036562	1.7068704	-1.7636311	-1.3175665	1.8797117	0.85963255	0.7359937	-2.6947212	0.39461046	2.5355315	-0.81604946	-1.1636026	-1.9432766
1.7275214	-2.3772388	3.0503776	0.98986894	-3.8336544	-3.737812	-2.2655776	1.6887109	1.2810698	-0.8221704	-1.8295856	2.433689	0.90307766	0.9068123	-3.7133918	0.8101497	4.180805	-0.9555875	-1.3126268	-2.4269218
0.20582959	-0.1814466	0.8579793	-0.24468687	-1.2449232	-0.3896746	-1.2330772	-0.5080575	0.3661926	-1.8676901	-0.97365564	1.8222276	0.8845109	-0.3049494	-0.98384273	0.08441279	0.30797255	-0.46284664	-0.95246387	-0.9162046
2.2259243	-1.4214207	0.9943656	0.28599092	-2.4888606	-0.62284976	-1.2746397	0.8605684	1.2288619	-1.2210504	-1.5247995	1.3666183	0.70097244	0.54205567	-2.6469655	-0.5923857	1.8824315	-0.9246124	-1.946281	-1.3126737
2.4651046	-0.33140284	0.13652846	0.08996722	-0.86298454	-0.755122	-0.5592536	1.0728141	0.19609769	-1.2444298	-0.7556849	1.7668936	-0.040316004	0.2701425	-2.1488616	0.0033582977	2.9812202	-0.43073294	-1.4513065	-1.1871017
3.8582304	-2.1062372	2.3718863	3.0249486	-3.6176198	-4.2057204	-1.341525	1.2272784	0.7646034	-2.2145047	-1.7685021	4.1879654	-0.52869165	0.42244625	-3.5796177	0.2124416	4.3783154	-2.0372684	-2.8228362	-2.9898326
2.6767888	-0.37659746	1.9308004	2.2593305	-2.6935346	-1.913927	-1.2068505	1.7591462	0.45594692	-1.9970906	-1.3378402	2.6746633	0.25310603	-0.1546106	-1.4264389	0.3263681	1.0658941	-0.9312163	-2.3913143	-2.1674175
1.9280633	-1.1306746	2.0206554	0.4630285	-1.9400154	-1.3958985	-1.0798279	0.55740255	0.40958276	-1.8969206	-0.21889494	2.985824	-0.25886753	0.71910805	-2.6252222	0.7024461	2.4233801	-1.5645021	-1.2629073	-2.6749923
0.2794845	-0.86583334	0.7843337	2.7118254	-1.2412761	-1.6384104	-0.59374136	0.8604634	0.34269357	-0.44483674	-1.7319548	2.3471587	-0.65482795	0.43318346	-0.30488464	0.82837605	0.3403951	-0.51133823	-1.3121597	-1.4774266
2.7049308	-1.5724219	1.7187113	1.6292508	-3.7780538	-2.3062177	-2.5599504	1.8162253	2.3789673	-2.0229256	-2.1036496	3.5779371	0.37383536	0.60905343	-4.1857023	-0.7130376	2.8027623	-1.493173	-2.2318494	-2.7536485
1.5161101	-3.379625	3.4406726	2.5271785	-4.52258	-3.7417269	-3.250576	1.7050955	2.43116	-1.9939474	-2.4861507	3.0398307	0.86310387	0.76357424	-3.7726378	2.1515863	4.0363383	-3.1024833	-2.8331487	-2.642835
1.2564895	-2.4291484	1.0213549	2.663293	-3.4721339	-2.791482	-2.7671082	1.2180617	1.5405427	-0.42323536	-2.1206753	2.68856	0.22124846	0.11517452	-3.083078	1.2009038	2.3006096	-1.6015518	-1.8589791	-1.2314711
1.3899354	-2.2957344	2.0942276	3.1417022	-3.5369096	-2.9610257	-2.199869	1.738383	1.9001516	-0.88532656	-2.2309206	2.826942	-0.59816045	0.113809414	-2.4231086	1.5907024	2.7086678	-1.8966591	-2.7835908	-1.481375
2.4347942	-0.98520136	1.2549746	2.8999789	-2.8625576	-1.828582	-1.8549347	2.3597827	2.245881	-2.595881	-2.4877374	3.6334913	-1.1136271	-0.18447758	-2.8857079	1.1084787	1.8935231	-2.64748	-4.2190666	-2.0447927
3.39986	-3.5420187	3.0092695	1.4558095	-4.586355	-3.4130707	-2.2958028	3.302748	2.5702147	-1.364265	-2.0562086	3.0900912	1.5479523	1.223462	-4.399173	0.87718356	4.5000196	-1.6834605	-1.6235834	-2.8796036
0.6652692	-1.9353961	2.2550268	2.734455	-4.64033	-1.9798118	-3.2199023	1.8225178	-0.6714772	-0.9276876	-3.5934606	4.003257	1.2040076	-0.5061613	-1.7621337	2.10049	2.7771554	-1.9978286	-3.430105	-2.1000006
1.3034394	-1.8767161	1.1796805	1.7611344	-1.7965564	-2.051753	-1.4142402	0.84396815	1.7894411	0.31741115	-0.8726918	0.57912	1.0196635	1.3704113	-1.8301696	-0.4208698	2.2072704	-0.93362075	0.06530641	-1.8744923
2.3571713	-1.5757748	1.7611579	2.5710046	-3.049451	-3.4814634	-1.8348374	1.4928731	-0.37179688	-1.5588033	-1.0695175	2.0973098	0.003402893	0.476465	-3.0828068	1.3436683	2.6958477	-1.9462748	-2.3253703	-2.0383406
1.2681108	-2.2865257	2.4456892	3.1182673	-5.3106565	-3.8059957	-3.5020502	1.6756896	1.8519958	-0.5970251	-2.0532627	2.7147646	1.411807	0.39520466	-3.364393	1.7853444	3.3833306	-1.6244185	-2.1650357	-2.1310802
2.9820783	-2.3194458	2.0868108	2.6309638	-3.0436478	-3.854452	-1.5439268	2.4310794	0.70194453	-1.1982721	-1.56331	2.9424202	0.69667614	1.1107033	-3.8603117	0.72688395	3.9476945	-2.3408961	-1.6410226	-3.0106673
1.0686868	-2.5255787	1.389742	2.2194793	-2.838341	-3.5438454	-2.238652	0.9403336	2.3417034	-0.54178286	-1.2503374	1.171672	0.3351713	0.8424674	-3.248604	1.3381735	2.1281996	-1.4043415	-1.705796	-1.862343
0.74299645	-2.514849	1.3734372	1.9569108	-2.1150014	-2.9083564	-1.6927915	0.79477334	1.1962957	-1.4053682	-1.3342334	2.463724	-0.6000728	0.18911138	-2.657778	1.8102487	2.3401349	-2.113559	-1.3346416	-0.9183618
3.7375014	-1.9677525	2.7552748	3.2496207	-3.9456737	-4.041376	-3.2584858	2.6516426	2.585452	-3.5562468	-4.1433864	5.028534	0.53691787	0.3274023	-4.7924457	1.771141	3.9505265	-3.6274545	-4.783418	-3.7892356
1.2999458	-1.8135949	1.7409321	1.6119202	-2.2995987	-2.0634634	-1.0700924	0.5379018	1.1367768	-0.7149581	-1.2287242	1.4009024	-0.28519604	0.11207577	-2.290147	0.5792662	2.6383216	-1.3812594	-1.8101213	-1.2184509
1.6343538	-2.5488331	2.5104089	2.0739906	-3.2366679	-2.4578152	-2.1704717	2.1005964	2.2348645	-0.75930417	-3.2047358	2.5649772	0.44680125	0.21082315	-2.6577637	1.0573589	3.4642572	-1.6182318	-2.7957897	-2.1126788
1.6018059	-3.3891492	3.60194	1.1839695	-3.8421907	-3.5834463	-2.9834764	2.2680833	2.397264	-1.4868323	-3.145995	3.2652276	-0.12829295	0.23746473	-4.720621	1.7679379	4.797218	-2.7000513	-3.239231	-2.3727582
2.6953511	-2.124643	1.9367789	1.3904967	-2.253881	-1.4255675	-1.6304835	2.1789122	0.96164477	-1.544	-2.6390586	3.5254493	-0.028484413	0.43879747	-2.0557475	0.36289603	3.39547	-2.284015	-2.3842883	-2.608412
1.9676303	-0.70789075	2.0075839	2.589606	-4.672954	-2.561912	-3.572232	2.3091686	2.2474627	-1.3811244	-2.1939375	2.789153	0.6872488	0.11120721	-3.4481335	0.93256444	2.6914723	-1.5159467	-3.3789704	-2.606466
3.0820606	-1.656789	3.1492295	2.5771651	-3.1257162	-2.875295	-1.8290592	1.3048624	1.3147613	-2.8853261	-2.336973	3.1357071	-0.3307053	0.17570353	-2.2265947	1.05161	2.0750244	-1.892674	-3.3002377	-2.416274
0.8987774	-1.5903732	1.7561635	1.2126733	-3.4012766	-2.1922944	-2.3578467	1.4309613	2.2515612	-1.6795156	-0.81066936	2.5039475	1.0018452	0.27984494	-2.7453303	0.99642974	2.1922505	-0.6567852	-1.381786	-2.0396593
1.3356432	-2.117461	2.5177388	2.4860883	-4.085288	-3.4652724	-2.1701565	1.7848492	1.4196495	-1.6172345	-1.4066278	2.1953154	0.7699485	0.5499985	-3.5950997	1.0160435	2.633473	-1.2166134	-2.3085794	-2.822748
1.5235158	-1.9271373	3.171514	1.7589759	-3.3957627	-3.4078531	-2.3476076	1.3821172	2.4222875	-1.1326102	-1.3345411	1.3054159	0.5606657	0.50858456	-2.8122275	1.2268859	3.2060392	-1.6015601	-2.5230026	-1.9569148
2.0713308	-1.9875699	3.1378424	1.9193903	-4.3545575	-3.6463556	-2.4790297	1.5155872	1.603037	-2.264914	-1.7017603	3.1434386	0.68312675	0.22510612	-3.9993887	1.2069552	3.0700095	-2.0773642	-3.205276	-2.3971324
2.4643948	-1.7845721	1.901397	3.0052266	-4.0713453	-3.5738077	-3.1419	2.23692	2.8979416	-1.6695745	-1.6352999	3.3202105	0.0048036687	0.2720527	-4.6250143	1.060092	3.299793	-2.6071675	-3.4634192	-2.8568408
1.5270301	-1.2373325	0.9417383	0.34979656	-2.2272499	-1.508593	-1.2942467	1.1895826	1.5029219	-1.2691058	-1.0274757	1.4132736	0.5578998	0.16408479	-1.875076	0.37802115	1.8159211	-0.5038098	-1.6671814	-1.5573436
2.7770498	-2.7399538	3.6707711	3.1498356	-3.4526947	-3.5198889	-2.0091853	1.1012088	1.9816247	-1.4423962	-2.215132	2.1101863	-0.24826401	1.444809	-3.4613247	-0.5360467	3.7554436	-2.6230042	-1.4354199	-2.715122
1.3156174	-1.7650944	3.19337	1.7503475	-3.7037458	-3.4643734	-2.1887732	1.4009074	1.8862839	-1.6459532	-1.3086164	1.8255616	1.2582492	0.6813929	-2.7224965	0.58002007	3.7285113	-1.004325	-1.6226611	-1.991909
2.5264018	-1.9647312	2.1022701	1.6248006	-3.9256485	-2.6310685	-2.0554225	1.5299714	1.8502519	-1.5153612	-1.3943689	2.8186026	0.054006297	0.2945465	-3.3627155	0.22825424	3.3473225	-0.5237457	-2.006111	-1.7896763
1.8778819	-1.6773608	0.2677243	2.5726094	-2.8741379	-0.8457904	-2.3533907	1.3056844	0.63665384	-0.5128916	-2.3958142	2.8644583	0.39010823	0.06471242	-1.6462846	1.0802597	1.7383559	-1.4613615	-2.4424665	-1.8098997
2.1522412	-2.5977855	2.087509	1.9022075	-3.5822084	-4.106223	-1.6080047	2.3564413	1.2478151	-0.5948363	-0.98037976	2.6031828	0.4495391	1.314634	-3.6953168	0.69644386	4.114743	-1.9912174	-0.7001458	-2.3224277
3.2189238	-0.67764133	1.1269363	-0.20843495	-2.9630208	-1.8955861	-1.1628687	1.3730837	0.97285646	-2.122008	-0.73604643	3.4707918	1.3216181	0.8455401	-3.4830437	-1.6740934	5.2050486	0.038868923	-1.7221555	-2.5580852
2.498324	-2.028032	2.1293225	0.7214702	-3.5521665	-2.3409576	-1.6655308	1.6126899	1.3896149	-2.4563384	-1.6559346	3.2670841	0.85163623	0.80255336	-4.041662	-0.05733942	3.3775692	-1.7016422	-2.426354	-2.6351922
1.1088883	-1.6289253	0.6686613	3.135149	-2.2410834	-2.9833448	-0.12824354	2.1196	-0.29921526	0.663353	-0.39907736	1.1818037	-0.551727	-0.16956918	-1.6711783	1.487977	1.9348568	-1.3624076	-1.9175684	-1.0726289
2.6556337	-2.035621	1.0707879	1.448598	-2.1371856	-1.7548748	-0.43979698	1.0240045	0.012373348	-1.298453	-1.7165028	1.7135216	-0.39285395	0.56358093	-3.17683	-0.66239434	3.5649195	-0.56359637	-0.9845315	-1.5290092
2.586305	-0.46271077	0.81942415	0.35184634	-1.1866273	-0.4161141	-0.18836316	0.9649008	0.36126313	-2.2428737	-1.3439457	2.4259863	-0.2732209	0.52112764	-1.5294905	-0.85096157	1.6032043	-0.4024498	-1.2670542	-1.6360095
1.717134	-1.5023019	1.8086925	1.818903	-2.7979941	-2.26333	-2.3243194	1.061901	1.2198437	-1.3502269	-2.377306	2.6846602	-0.30416566	-0.11801945	-1.8615954	0.395522	1.5682273	-1.965606	-2.287262	-1.626965
2.2088394	-1.2258769	2.2031412	3.0592835	-2.0586429	-2.075653	-1.1142372	1.4907409	-0.117498	-2.0176375	-1.87013	2.4309447	0.26966962	0.056179166	-0.8934453	1.2120478	2.3166075	-1.6794972	-1.9616247	-1.5168321
2.30504	-1.711851	2.2131972	0.91636014	-2.4881408	-2.7916214	-1.2271489	0.8569326	1.1654528	-1.6332941	-0.089972146	2.149816	-0.36273146	0.46551877	-3.0448024	0.51948565	2.5706673	-0.9629507	-1.0695568	-2.4486082
1.1302906	-0.907218	1.6084794	2.6020167	-2.0877306	-1.920342	-1.8257798	0.18831354	-0.15135	-1.2686152	-1.9494945	1.6910816	0.04778927	0.25042146	-0.98352116	0.7195554	1.9523116	-1.345943	-1.8753736	-2.2332604
3.1601589	-2.1336489	3.1627584	2.8663151	-2.14722	-3.8712647	-1.6524491	0.3449651	0.4520402	-4.235439	-1.2120501	2.5463307	0.13141413	0.53262603	-2.359668	0.7805827	4.244545	-2.300949	-2.2610428	-2.8562121
2.1474202	-1.2657251	2.155302	-0.012539371	-1.5523572	-1.8550744	-0.6079385	1.2667162	1.2613945	-2.3049333	-0.12713344	2.178223	0.40808228	0.4249542	-2.6469953	0.3652285	3.137789	-1.04499	-1.5499216	-1.6446053
2.5075588	-3.3165734	3.3056152	2.7933297	-4.9637227	-3.1377444	-2.1425254	2.4032233	0.619328	-1.0062863	-2.4953694	3.1604614	0.13510188	-0.020299137	-3.3017514	1.9631438	3.9763029	-1.4291085	-2.8169143	-2.1236682
1.4257641	-1.4523462	2.0302308	1.2791483	-2.7719479	-1.6093692	-1.9480371	1.065399	1.7505392	-1.3314347	-1.3161283	2.145749	0.33084834	-0.09712729	-1.5201274	0.7598987	2.9257412	-0.35430932	-1.4128616	-1.3481691
2.5759006	-1.0415603	0.2894836	-0.07187334	-2.1204584	-0.62505215	-1.6674781	1.3721665	1.9634278	-1.4228505	-0.9171577	2.520611	-0.06542881	-0.94201595	-2.1233273	0.6311798	1.4463196	-0.45588472	-2.5901105	-0.5487716
1.6084915	-1.5509263	1.5026549	-0.10403336	-1.821033	-0.93857443	-1.7142587	1.1525745	1.8045303	-1.4614005	-1.2638425	1.9450568	0.2563958	-0.03538586	-2.2549527	1.0441619	2.3545413	-0.50338805	-1.9683521	-1.0988398
1.8057511	-0.2952959	1.4127007	2.184796	-0.9428093	-1.5836495	-1.4125775	0.82606006	1.2336775	-2.6117654	-1.2715343	2.8407779	-0.28486967	-0.00667381	-1.2189757	0.48376986	0.5551534	-2.2071965	-1.5096164	-1.9969121
2.7792752	-0.8079973	0.9079897	-0.43559867	-2.761713	-0.5062295	-2.3515608	1.0933707	1.8757656	-2.1399646	-0.48874235	2.7419121	0.33470982	-0.16888405	-2.4258764	-0.6376611	1.1880956	-0.8342872	-1.7101915	-1.6363838
1.9570715	-1.236637	1.1178257	0.7464373	-2.4091268	-2.0698767	-1.7499616	1.5572588	0.5493521	-0.42930925	-1.0362147	1.3925432	0.2832165	0.44830674	-2.5088787	0.1012968	1.863848	-0.48164153	-0.5272688	-1.531141
1.3308387	-1.3657337	1.009351	1.7826763	-3.101958	-2.0287545	-2.37615	0.81434804	1.0674212	-1.2620851	-1.3811237	2.3527186	0.06500674	-0.35990456	-2.7509668	1.0822024	2.7420847	-1.167461	-2.4648445	-0.98896563
1.2202605	-0.5644359	0.43735498	0.102231935	-1.482673	-1.2632979	-1.1404449	0.602933	0.8886308	-1.9168289	-0.87440604	1.9124584	0.26280043	-0.021970201	-1.3786145	0.3134968	1.8202194	-0.9014176	-1.2028062	-1.0437824
1.649191	-1.2901226	0.91096693	2.1216605	-1.9533623	-1.4539218	-1.3746524	1.44531	1.7215806	-1.5500726	-1.344974	3.040321	-0.6478255	-0.21076645	-2.350659	1.5490702	1.9186145	-1.0413322	-2.6069825	-1.0793452
2.2538981	-2.245306	1.3961511	1.6615318	-1.6547058	-1.3529084	-0.7209825	0.9701258	1.1866642	-0.89869785	-2.11682	0.56136596	0.16353157	0.9601713	-2.0087533	-0.02723404	1.9512701	-1.1364195	-0.9741991	-1.476903
1.5773009	-0.94265115	1.1454514	1.3908346	-2.3999064	-1.827156	-1.5967653	0.5672889	0.22467005	-1.0129392	-0.8346345	0.90201694	0.48945487	0.9174484	-2.225837	-0.52535516	1.8814452	-0.78181994	-0.72360206	-1.4960493
0.5882643	-1.6772546	0.62114584	2.047268	-2.3078532	-3.1731918	-2.2301865	1.053779	1.5952206	0.5585708	-1.6240239	1.1652573	0.4891088	0.307424	-2.446531	1.5718237	1.6689119	-0.92165524	-1.4338409	-1.076428
1.4780775	-1.3614546	0.9437916	0.55253893	-2.1776893	-1.8577902	-1.095245	1.8249413	1.9883454	-1.9726473	-0.9690759	1.6610596	-0.15085898	-0.04520303	-2.2938359	0.55333596	2.7497697	-0.7234988	-1.3756562	-1.3507535
1.4623609	-1.4658103	0.06358716	1.4043663	-0.51107526	-2.5922873	-0.8465361	0.15706554	-0.1543551	-1.736332	-0.025043283	2.3653705	0.7130249	0.35689974	-1.6920329	-1.0104868	3.5326767	-1.29958	0.19474064	-2.015175
2.254439	-0.5642891	0.39734367	-0.031821076	-0.42490515	-0.7155078	-0.39486828	0.70360285	0.71841776	-1.3950608	-0.7113228	2.6971939	-0.48710167	-0.39763552	-1.7123573	-0.07780311	1.0185252	-0.36413416	-1.2078328	-1.1582489
1.891651	-1.127709	1.4467196	0.191062	-3.5546367	-0.64013344	-1.7512887	1.2090824	1.7454848	-2.0515623	-1.0742269	2.609501	0.30692837	-0.019390335	-2.5280192	-1.3470087	2.2341082	-0.64684707	-1.4441721	-2.2299874
3.4434383	-2.9089818	1.5358046	1.5775273	-4.47656	-3.1482306	-3.2174165	3.1043603	3.3396397	-1.8127743	-1.5157523	4.42672	0.33889493	-0.1895881	-4.7236238	1.2886889	4.954977	-2.2643697	-3.4178684	-2.6514065
1.1206797	-0.8449828	0.86074257	0.38286945	-1.8307347	-1.3760899	-1.2423737	0.6402583	0.8263197	-0.20208737	0.018639186	0.567616	0.4236644	0.41366082	-2.1184454	0.20908837	2.1361992	-1.2070879	-0.4251847	-1.1718532
0.8894265	-1.6534816	1.3089415	2.2256832	-2.807177	-2.668285	-2.0940857	1.5653144	1.606911	-0.45648345	-2.2135615	2.0433679	0.59927803	-0.04899575	-2.216738	1.2755712	2.0767171	-1.4271839	-2.252218	-1.2168875
2.7778118	-2.2082129	3.681928	4.2830973	-3.489163	-4.293934	-2.1719859	1.8582764	1.7582821	-2.407318	-1.8523961	4.2291675	-0.38098672	1.1311504	-3.5148458	0.6380636	3.6980886	-2.1988504	-1.9939197	-3.3303707
2.3855486	-3.656184	3.467927	5.0200496	-6.2888618	-5.741956	-4.7912593	3.2420208	3.3270097	-1.5347487	-4.521481	4.4598727	0.11630122	0.8120132	-5.3272643	2.0259616	4.4062424	-4.1098366	-4.3288617	-3.8035917
1.8945905	-1.4076816	2.1165786	1.9376523	-3.3565	-3.077741	-2.443291	2.049231	1.6953506	-1.1454787	-2.4337318	1.880574	0.7730005	0.80901563	-3.0481062	0.41597444	3.3608944	-1.4824424	-2.1061263	-1.8837368
0.118619666	0.4979959	-0.2470742	0.28888234	-2.4076455	-0.46444333	-1.5269403	0.4820667	1.1332567	-1.4511008	-0.25276804	2.2983344	0.64405465	-0.7912705	-1.0224177	0.4491832	-0.50933456	-0.39390096	-1.4137843	-1.0059028
3.0032382	-0.6460214	0.6235657	0.626681	-1.6442065	-0.36816433	-0.94998515	1.2703198	1.2287458	-2.4112606	-1.4957328	2.963971	-0.2879048	0.117522776	-1.9279349	-0.006464677	1.7390078	-1.1635187	-2.2281065	-1.8448875
3.0046065	-2.7849038	3.18924	2.1711376	-3.2980928	-3.2073975	-1.918534	1.9672611	1.8296449	-3.1967335	-2.7867303	3.736478	-0.06878713	0.87362254	-4.0883894	0.80803984	4.7281604	-2.8814406	-1.8789468	-2.6975322
1.9856033	-2.6451902	0.119678825	2.1621513	-4.0678134	-3.0792506	-3.2250197	2.310613	2.2707043	-0.7558869	-2.2006593	4.0518136	-0.75822747	-0.06027243	-4.1400003	2.2317426	2.135586	-2.814477	-3.3128722	-1.6353748
1.6901704	-2.0845664	0.92620546	2.2662973	-2.3908124	-2.571459	-1.9154063	1.385831	1.4922235	-0.8776808	-1.0931933	1.7909012	0.83321667	0.548973	-3.0192506	0.8259461	1.9188304	-2.113174	-1.5394228	-1.5690286
0.77863896	-1.2756249	1.3547233	0.6554893	-2.9088311	-1.3664473	-2.6180186	1.0991839	1.5781586	-0.2555908	-0.870892	1.3952967	0.9158614	0.07734673	-1.9011846	1.0382043	1.14603	-0.7518206	-0.31407458	-0.95463043
1.8674675	-1.9717925	1.3606542	1.7755405	-3.3998778	-2.4447863	-2.352156	1.3067842	0.067988366	-1.3993102	-2.1377642	3.2515476	0.057207543	-0.07521433	-2.6872554	1.6265732	2.7113972	-1.8302519	-2.2660367	-1.7493559
3.4438362	-1.2707739	1.5768086	0.6487011	-2.5196285	-1.6165442	-1.5824213	1.0535008	0.81201565	-1.809852	-1.566217	2.0487897	-0.3847463	0.26275375	-2.788994	-0.55540967	1.7564832	-1.1267376	-1.892749	-1.8341076
2.78035	-2.9734757	1.7121469	2.4636354	-4.0569882	-4.422799	-3.1428123	1.6576077	2.6795993	-1.6905946	-1.7517891	3.472204	1.1792847	0.88846594	-5.065106	0.8522501	4.22668	-2.7162056	-2.780774	-3.4414263
2.3827393	-1.7595898	2.116268	1.0910156	-3.723319	-2.2515738	-2.2343287	1.8851967	1.3126761	-1.6373537	-2.0624824	3.130706	1.0797645	0.08831987	-3.5738597	1.0059825	2.356107	-1.2746664	-2.8717117	-2.3473036
1.2407913	-1.8857299	1.4097928	0.22028121	-2.4553843	-1.5160432	-1.538805	1.5880421	1.5577284	-1.2943327	-1.6546547	2.2395577	-0.30737212	-0.1251679	-2.5192487	-0.17563574	1.747288	-1.669618	-1.4323456	-1.8587486
1.8324314	-1.7461423	1.5541422	1.1777807	-2.917371	-2.0237684	-1.965297	1.1496459	1.5034108	0.019356174	-1.2129592	1.0393479	0.6277092	0.83252496	-2.4308486	0.25050136	2.4658425	-0.9399026	-1.1703918	-1.7003502
1.7619776	-1.6194774	0.9985289	2.7979424	-2.217796	-3.1059356	-2.7500336	1.3394437	0.94365704	-1.3427399	-2.325218	4.0851116	0.2570083	-0.118345276	-2.5728607	2.014859	1.4273045	-2.634463	-3.006241	-1.5029287
3.0086987	-2.112454	3.175088	3.3454108	-5.16145	-4.6393366	-3.4933782	3.010731	3.790364	-1.8641676	-2.3860922	3.1048632	0.41598728	0.5966123	-4.6554313	0.9927169	3.9229279	-1.8716217	-3.6040003	-3.2052875
1.6149806	-0.7783384	0.28034538	0.6412862	-0.47430834	-1.6296813	-0.48190433	0.848761	0.5959019	-0.9805339	-1.1662973	1.7616624	-0.02986287	0.5294682	-2.071651	0.108915634	1.7344444	-1.0221666	-0.4900995	-0.9244299
1.3564131	-2.0005991	2.0488234	1.3286351	-3.250744	-2.033339	-1.8723305	2.0172243	1.9836651	-0.96476424	-0.9732736	2.5270052	-0.046701927	-0.23320152	-2.44473	2.001992	2.082153	-0.6690853	-2.4543645	-1.7100074
2.1486309	-1.8238811	1.3386858	1.1422606	-3.5814276	-1.5431839	-2.0571072	1.6306471	1.8391418	-0.7499821	-2.716559	2.1238651	0.9522417	1.1002247	-2.9290175	-1.3174922	2.7718182	-0.6612209	-0.64458466	-2.0594823
2.9255748	-2.7375524	2.8714478	3.4939246	-4.7020116	-4.522894	-3.435468	1.1615314	1.6406142	-3.768328	-1.9522973	4.0161643	0.7293687	0.7094931	-3.8834155	1.7379053	4.5323677	-2.9095821	-3.3252747	-3.6166637
2.8829854	-2.3107657	0.7131088	0.98182636	-1.6226729	-2.6088362	-0.9342849	0.8389649	0.9239141	-1.4194132	-1.0550517	2.7862482	-0.9230885	0.8678804	-3.746247	-0.35589114	3.222221	-1.2175677	-0.47307193	-2.1462228
2.8404448	-0.81859994	0.4283954	0.5549083	-1.4244809	-1.4243536	-0.8293312	0.676131	1.2369474	-1.9831792	0.38264582	1.5255473	0.4511198	0.4051779	-2.2989595	-1.0309069	2.0879672	-0.668535	-1.1408883	-2.158817
2.3810027	-2.863438	3.5213194	3.8590796	-4.1557136	-3.0819504	-2.8350325	3.1150718	1.6156671	-1.6493436	-3.064886	3.8493829	0.6439381	-0.15098771	-2.857784	1.795676	3.165484	-2.2959452	-3.0689955	-2.4907825
2.2237217	-1.0162796	0.92713565	1.0349056	-2.1298962	-1.4853481	-1.1891289	1.9306033	1.5863119	-1.1516147	-1.2411697	2.3563378	0.21963541	0.11466378	-2.4223154	0.9188441	2.587163	-0.9099571	-2.2474525	-1.0028754
1.9847231	-1.2612199	0.5438365	0.8295895	-0.8748207	-1.2431183	-0.17795199	-0.079304665	0.5783052	-0.839805	-0.8329552	1.0699232	-0.64488846	0.4499481	-1.4991034	-0.50969774	1.5394082	-0.84579146	-0.7906172	-0.945974
0.9882551	-2.1470718	1.5402467	1.2237236	-2.7413466	-1.7581699	-2.0059147	2.0668433	2.442457	-0.24746919	-1.7311842	1.6373503	-0.24479379	0.40295196	-2.3654134	0.7146643	2.089338	-2.3999226	-1.1151597	-1.4416759
1.56338	-1.1509805	1.0650198	-0.40300632	-2.509865	-1.5513419	-1.0979666	0.7244008	1.1971415	-1.0141155	-1.6879756	1.2557642	0.25377598	0.806294	-2.67392	-1.0076584	2.4699032	-0.84183276	-1.0296123	-1.3169866
2.3736472	-0.27954257	0.48336503	1.5820488	-2.3842611	-0.84889644	-2.2772636	1.2198731	1.5242904	-1.4193199	-0.73310035	2.3695216	-0.6888983	-0.39634514	-2.1027873	-1.0636622	0.9410559	-0.8959069	-1.3464391	-1.8675512
2.7211576	-3.01324	3.369588	2.1386845	-3.248509	-3.3706257	-1.6911072	1.5420117	1.1347961	-2.811459	-2.4992664	4.380504	-0.37125793	0.913848	-4.0292645	1.0222397	2.5690732	-2.7527356	-2.4965494	-3.3566477
0.030969564	-1.5933499	0.36043102	1.2561611	-1.2565802	-1.4122039	-2.0455909	-0.3688525	1.2301512	-0.7011595	-1.5641986	1.5650333	0.20239104	0.2347673	-1.5306792	0.7810961	-0.016321316	-1.5971626	-1.1599551	-0.5088381
2.0086334	-1.6772536	0.50196224	1.8086846	-2.7859066	-2.5803797	-1.8522481	1.9101589	1.5662502	-0.82136357	-1.546569	2.1773748	0.049776945	-0.13786112	-2.6568983	1.8475206	2.470636	-0.8892855	-1.9307487	-1.0120156
3.5064068	-0.9955021	1.7411792	0.56757045	-2.7698636	-2.2319262	-1.8336332	0.7517488	1.1935823	-4.2863736	-1.0365386	3.2405224	-0.007864247	-0.5267274	-2.9471948	1.0742092	1.9889919	-1.2893404	-3.3997421	-2.108273
5.548198	-4.343634	4.2633877	5.9624047	-7.705339	-6.345712	-5.343787	5.0570655	3.4070685	-4.283839	-3.2023144	7.041433	0.74525905	0.17963366	-6.850064	1.6944959	7.2741776	-3.7092795	-5.619955	-5.6344495
0.6507038	-0.9653672	0.5067432	0.66888905	-2.0792162	-2.1748428	-1.9812225	0.027512575	0.8743997	-0.8337905	-1.3266653	2.2772248	-0.4910538	-0.34581742	-3.4008212	1.2533444	1.6936817	-1.4546714	-2.1987507	-0.8983987
1.0862893	-1.7211173	1.1343603	0.32072258	-1.5133107	-0.63358766	-1.4134529	0.28573072	1.3236169	-1.2252272	-1.5884013	1.8388582	-0.1012678	0.31997043	-1.5069937	-0.00043599604	1.2002084	-1.2912717	-1.3524593	-1.343549
2.8468466	-2.3430183	3.0543091	2.1444378	-3.7704031	-3.7135973	-1.7600358	1.5153371	1.02247	-2.2412713	-1.4046772	3.3383763	1.1203223	1.1161987	-3.8677087	0.070641875	4.2650404	-1.8994172	-2.3658276	-3.1439414
2.264725	-2.0433223	1.4738909	0.9417211	-2.5871058	-2.5346808	-2.1613953	1.2507973	1.4850773	-2.2945886	-1.5341659	3.1850328	0.5459604	0.24879254	-2.5059013	0.21350634	0.72122264	-1.6522038	-1.8550527	-2.402195
1.4844242	-0.06329172	0.60193825	2.3825855	-0.61907005	-1.7902695	-0.30472702	0.038954824	-0.23704916	-1.4002426	-0.8703115	1.3512377	-0.9656363	0.6423038	-1.0901625	-0.7802498	1.724115	-1.027709	-0.4582916	-1.3470247
2.8704507	-2.027988	2.0970404	2.4454584	-3.701545	-3.6763268	-2.3887212	1.9839776	1.8664184	-1.1480478	-2.151607	2.7840524	0.32006222	0.69826734	-2.9046168	1.4496043	3.7740088	-1.8132591	-2.6148515	-2.3901348
1.5167426	-1.6080989	2.1123898	1.9464104	-3.4684372	-3.4667578	-2.5423899	2.0874512	2.202153	-0.58789194	-2.3701289	2.083889	0.52039754	0.8251416	-3.6090589	1.0371716	2.9104214	-1.5308042	-1.7261875	-2.1141143
2.9677029	-1.431143	1.5596112	1.6044263	-2.818867	-2.9571202	-1.6078992	1.2575283	1.1919537	-3.1629152	-1.2304165	3.1167998	-0.9677483	-0.2450459	-2.6449835	0.27115604	2.468278	-2.4521394	-2.7005265	-2.5018437
0.08302807	-2.38355	3.239473	2.462	-4.493432	-3.2048047	-3.065857	0.9324456	1.0165397	-0.8839879	-2.584958	1.7601188	1.8623053	0.61248416	-2.4353356	1.0885677	3.3908434	-2.0776618	-1.9066101	-1.5205742
1.9814986	-1.1709342	0.9505905	0.03876519	-1.8399674	-1.0986531	-1.9403503	1.1203179	2.0975828	-0.62218785	-2.3713431	1.0831853	0.25653574	0.25234306	-2.027431	-0.87216485	1.7186477	-0.8664628	-0.5501501	-1.2920343
0.85615826	-2.3233025	0.9217354	1.9982967	-3.6918123	-2.1981344	-2.8170626	-0.08621019	1.107017	-1.2433176	-2.1230376	1.7642796	0.89053106	0.9740584	-2.7531426	-1.1701846	2.4228146	-1.5420663	-0.609027	-2.1206763
4.9899683	-2.9262624	4.39616	3.452147	-5.8374143	-4.2670827	-2.428091	1.4038366	0.8146152	-4.6421113	-2.7058136	4.728532	0.3430436	0.9342778	-5.082451	0.6598729	5.384682	-2.3410296	-3.9220538	-4.040908
1.6962197	-1.2494961	1.0687021	-0.26571387	-1.8673977	-0.6808722	-1.5258789	1.2583873	1.4637591	-1.3472815	-2.1487334	2.4609897	0.42270446	-0.018789314	-2.953055	0.4384298	1.9856095	-1.4632648	-2.5203695	-1.0869824
2.6883194	-1.187917	-0.014078926	0.33235708	-1.9600772	-1.3685673	-0.14581423	1.0696543	0.8710589	-0.8694459	-0.76992446	2.6303194	-0.62954885	-0.002644197	-1.6939507	-0.1569126	0.57465553	-1.2158939	-2.0894854	-1.859784
1.6641743	-1.2846698	0.9053777	2.3823462	-1.9094716	-2.8404257	-1.9579673	1.4714427	2.0130115	-0.44384295	-1.2363436	1.7389702	-0.8565132	-0.18832168	-2.1884966	2.1693246	1.65891	-1.5276568	-2.522473	-1.3477706
2.1623187	-0.62697506	0.78189635	1.3196664	-0.3785266	0.011234649	0.07955428	1.1865581	0.74678236	-2.0471704	-0.89525396	2.120383	-0.028434789	0.46131924	-1.8554766	-0.64144367	2.4108999	-0.40956652	-1.2551318	-1.6327341
1.2072258	-1.3274871	1.5388368	1.4285516	-3.990368	-2.3486295	-2.317764	1.1438967	1.407616	-0.33834934	-1.4234943	1.7120723	1.2062924	0.5020158	-2.36933	0.083938725	2.3845265	-0.21313676	-1.1892263	-1.7635522
1.8459349	-0.6318372	1.5113798	0.9638528	-1.1916558	-1.4869618	-0.23370215	0.5641993	0.12060336	-1.2343065	-0.4038502	0.86676073	-0.16198798	0.56692	-1.7215717	-0.65779436	1.8034983	-0.5281097	-0.3154262	-1.2283012
2.029973	-2.8041234	1.7898223	1.3458303	-3.7546663	-1.8995531	-2.0006812	2.2162633	2.402585	-1.5155871	-1.745928	2.5632977	0.927199	0.59338725	-3.314838	1.0055257	3.222638	-1.1626544	-1.9565465	-2.0072343
2.121422	-2.042319	1.3815329	1.4408684	-2.5469284	-1.722738	-1.5204133	1.8309181	0.6448611	-0.82455486	-2.3964224	2.2270043	0.8646465	0.5579611	-2.4276695	0.59371054	2.4336824	-1.1108322	-0.89943635	-1.3365034
2.5765512	-1.0781118	1.0865868	0.7773764	-1.9294479	-0.7934563	-0.7535697	1.4530641	0.6276553	-1.3281845	-2.2885125	1.8272197	0.15541568	0.14382346	-2.2624893	-0.066006064	1.865829	-0.75704	-2.2125227	-1.1368328
1.1528542	-1.7885382	1.1196344	1.8249649	-2.690613	-0.93785816	-1.4543328	1.628974	-0.4913077	-0.7030973	-1.5094804	2.3841865	0.21111333	-0.22524875	-0.86285925	1.5093246	1.9092363	-1.4647459	-2.2627907	-1.0608504
1.8221552	-2.4969115	1.0650052	2.6046972	-3.7205634	-3.219697	-2.1975417	1.3715683	1.9689085	-0.41809663	-1.6922756	1.8757825	0.81778663	0.9712433	-3.4701388	0.8399527	3.5920088	-1.6569992	-2.035019	-1.7464699
3.3997788	-2.7631705	2.122059	1.3095033	-4.1582727	-2.9208155	-2.7227511	2.0084567	3.3139606	-1.7260153	-1.6058347	3.3416245	0.13053273	0.69858783	-4.215519	0.08047659	3.9866488	-2.4442575	-2.4730115	-2.7598324
2.5735629	-1.9292601	1.0235015	1.957213	-3.2595036	-2.8810463	-1.9921651	1.9616263	2.2242596	-1.0665683	-1.8828729	1.9559505	0.4002384	0.5387134	-2.8343115	0.32704568	2.2531357	-1.5588684	-1.9708457	-1.9163349
1.4762142	-2.0034633	0.98878723	-0.44806007	-2.186343	-0.6486537	-1.707191	0.95664394	2.1268425	-1.8235567	-1.4586372	1.8655442	1.1337452	-0.24646676	-1.5200865	0.14801957	0.64766383	-0.9786038	-1.5615053	-1.6502364
2.5795097	-4.0693436	2.7249372	4.900129	-4.9220486	-5.523844	-3.3336248	2.5771608	2.690793	0.15261714	-2.3639953	2.1570983	-0.436861	1.044017	-4.222945	2.2353535	5.816158	-2.9819934	-2.1593983	-2.671623
1.8026348	-2.2833176	2.3360274	2.2675235	-3.6335666	-3.8107486	-2.5476046	2.5008261	0.46907032	-1.7456932	-1.8038163	4.133364	-0.036432087	-0.13250633	-4.164148	1.6346895	3.2226653	-2.1735685	-2.9990125	-2.4451559
2.7533817	-4.168946	2.3139117	3.0491264	-5.6741195	-4.9743285	-3.6054564	2.284012	2.3425746	-0.9232009	-2.9069192	3.7318995	1.360181	1.7633768	-5.367654	0.8100906	3.700906	-3.1794538	-1.4706615	-3.8040774
2.836507	-1.5960468	1.3593296	3.1248827	-4.278972	-2.6286664	-3.6879823	3.0532165	2.7801924	-2.093477	-3.4484506	3.9490042	1.3153932	0.4591993	-4.3078055	0.13425522	3.2970722	-2.4472852	-2.9694638	-2.8567111
0.48052028	-0.9985391	2.3545926	0.8651061	-1.9989299	-2.6427722	-1.3081722	0.7637085	1.1339425	-0.6905341	-0.29696932	1.3309082	0.119285055	0.72057635	-2.4300222	0.4538499	1.9967357	-0.7799679	-1.0308964	-1.6345514
0.9579014	-1.3876982	2.13194	1.9966483	-2.9923103	-1.7033626	-2.2619774	1.2221215	1.868774	-0.67744726	-1.7981564	1.2196863	0.8406926	0.7095925	-1.7122555	-0.233139	1.8649629	-0.81588656	-1.4672911	-2.0323107
4.393056	-1.2153765	3.3553665	5.959249	-3.2232022	-3.8475702	-1.5831999	1.7465552	-0.84530956	-4.211483	-1.4744723	4.956169	-0.3344044	-0.035510316	-3.1333935	1.0042994	3.1784832	-3.2998047	-4.02561	-3.6055124
2.0935771	-1.4287878	1.1825954	2.2530081	-1.3226146	-1.4942696	-1.0369624	1.5202943	0.9042711	-0.6255671	-1.3339207	1.1935616	0.1880991	0.40084141	-1.6842068	1.6350665	1.453677	-1.0001231	-1.5750941	-1.1868714
3.2452176	-1.1367931	-0.054867063	1.2685829	-2.4265442	-0.50000125	-1.5709075	1.5244142	1.917602	-1.1252574	-0.7881318	2.7919128	0.024896814	0.050688833	-2.146633	-1.0244689	2.1163576	-0.5096932	-1.8670329	-1.6254953
3.0747073	-1.6587687	2.2298915	1.9976944	-3.064373	-2.7511308	-1.4158361	1.2900833	1.1366726	-1.9611223	-1.7170316	3.098665	-0.11809608	1.1241444	-3.1353903	-0.20995751	2.7436714	-1.3534158	-0.7847631	-2.7965355
2.7935128	-1.838698	0.33230042	1.9208828	-2.6757612	-1.9124376	-1.9510711	2.3174064	0.4699478	-1.2670494	-2.098315	3.4212654	0.4917224	0.3749007	-2.369124	0.32388064	3.0367231	-1.351126	-1.4016894	-2.0508685
2.4930038	-0.26316413	0.58970994	0.22246906	-1.8327203	-0.6879094	-1.0585783	0.85079813	1.167263	-1.4646145	-1.0657346	1.760926	-0.083651125	0.034851376	-2.0439584	-0.8966915	1.785555	0.024464792	-0.64607865	-1.7919239
