2.2244189	-1.9825639	1.7347814	0.17977488	-1.8242491	-1.5279484	-1.3979976	1.4231901	0.44726947	-0.77246404	-0.7589323	2.1704724	0.38694102	-0.07697315	-2.3832347	0.6439735	2.1866643	-0.6403969	-0.8823988	-1.2919794
0.99544984	-2.9062145	1.3300323	0.50078773	-1.8639466	-0.6560082	-1.702296	1.2015604	2.3945227	-0.8989502	-2.44021	1.4219455	0.07763984	-0.042866223	-1.7484552	0.22190787	1.9817344	-1.8012441	-0.8129699	-1.0764889
0.2583307	-2.3262112	0.6203042	1.3954853	-1.9517609	-1.7142588	-1.8497467	0.9787808	2.2351012	0.4295537	-0.8105034	0.8582486	0.0241297	0.3192082	-1.9551557	1.7073877	1.7623998	-1.2275482	-0.9328589	-1.2403207
1.5381465	-3.1812873	1.3639562	0.61664337	-2.6012063	-1.9417251	-1.6941773	1.8347504	1.1114914	-0.7551437	-2.2541962	2.686912	0.59545434	0.32135177	-2.6908755	1.6001085	2.799824	-2.1138008	-1.7115884	-1.2135438
1.8431121	-2.4527726	1.696062	-0.12542027	-2.1076124	-1.1176616	-1.5468162	1.7640973	2.2498085	-0.95872223	-2.2838578	1.5831518	1.5296254	1.1506213	-2.530364	-0.23350899	2.607301	-0.8060438	-0.79826105	-1.3503122
1.2443123	-2.3486156	0.88605773	-1.0323886	-2.8534737	-1.4174474	-1.76425	0.020394469	0.95	-1.0536785	-1.620674	2.0875077	0.93333256	0.9311931	-3.0676618	-1.120156	2.6528516	-0.72260344	0.3180609	-1.0965085
2.4524457	-2.1550577	-0.18473338	1.198507	-2.8624296	-1.2982379	-2.0264788	2.164921	1.5082786	-0.4427699	-2.658029	2.5231147	1.0589342	0.4133517	-3.1108692	0.6453866	1.3720586	-1.7112825	-1.9936032	-2.0779285
0.40249556	-1.5776659	0.7457132	0.72995144	-1.791363	-0.43140042	-1.0663476	-0.26693317	0.5838982	-1.0898654	-1.7312244	2.0160708	-0.8065931	-0.40714434	-0.85648394	0.25954774	0.27466676	-0.9060194	-1.9816152	-0.5638838
1.7940131	-1.9841746	1.6474177	1.6035233	-2.613106	-1.6190336	-1.9712212	1.0385019	1.8413184	-1.5550592	-2.118623	1.9040526	0.5066396	0.2050257	-2.460294	0.8614447	2.1185598	-1.1102108	-1.3961935	-1.7137672
0.6217703	-1.5156318	1.0145265	0.12539424	-2.32574	-2.422414	-2.8902094	0.78662044	1.456433	0.5559532	-0.46663764	0.5595595	1.2820612	-0.6662274	-0.85352176	2.4579432	0.4418352	-0.5613996	-2.4277372	-0.571923
2.3375063	-1.8736413	0.768627	-0.7240058	-2.899188	-0.26321024	-1.5013586	1.3273988	2.5200396	-0.97298217	-1.783226	2.1484134	1.2091167	0.51021117	-2.4502943	-0.35282272	1.6799198	-0.071283616	-1.6168141	-1.848613
0.4689693	-1.7913208	1.9457719	1.1533897	0.23715836	-1.6444275	-0.433104	1.1775994	0.8630045	-0.82706636	-1.934202	0.97122717	-0.45453498	0.66548526	-1.4503641	0.7205935	2.1373162	-1.8001918	-0.63976896	-0.85009205
1.3485081	-2.6955638	1.5840393	1.6779214	-2.6461904	-2.4043171	-2.269175	0.2446452	1.4532171	-0.46254408	-0.56068367	1.2161529	0.13749713	0.16477366	-1.345048	0.9118113	0.8760047	-0.66617185	-1.0539992	-1.525403
0.9325716	-2.3814783	0.5502578	0.88367987	-1.4672539	-1.2153989	-1.4378549	1.2631402	0.9575497	0.036689315	-1.0808494	1.6725703	0.31236586	-0.074133344	-1.3994652	1.4931318	1.3416525	-1.311494	-1.3028085	-1.0916632
1.2706347	-1.3338091	0.6863692	-0.23585567	-2.255417	-1.127723	-1.6977127	0.9930095	1.3204197	-1.1337552	-1.8865781	1.8264607	1.4354621	0.7032519	-2.0321677	-0.482393	1.7911545	-0.7544834	-1.0870508	-1.4912506
3.1803622	-3.0953238	1.9898138	0.21913457	-3.7101278	-2.6921692	-2.4702575	1.1264178	2.4183006	-1.9081424	-1.7609147	2.7767296	0.94675314	0.16343465	-3.7966197	0.70316523	3.2381759	-1.0142124	-1.2350192	-2.0696208
1.3251017	-2.5140758	1.0715644	1.8969297	-3.49827	-1.9487875	-2.8135698	1.2707497	2.3300014	0.60887355	-2.970488	2.1613088	0.76033866	0.14198488	-2.1573157	1.6889992	1.4631815	-1.3747834	-2.050858	-1.4882767
0.6662158	-1.1663265	0.6936441	0.92872095	-1.771303	-2.3369324	-1.7321672	1.5631938	1.679774	0.4450959	-0.38266638	1.9259157	-0.6616496	-0.13592342	-2.2087903	0.2100001	1.8444178	-1.1882429	-0.61704874	-1.2641857
0.503599	-3.13502	0.8652415	3.0568442	-1.538875	-3.308484	-1.7084353	1.8266758	1.8700113	-0.30545357	-1.0779256	1.3777511	-0.6378671	0.12530407	-2.4515715	2.0463226	2.9903705	-2.3053823	-0.49141586	-1.5953557
1.635264	-2.2415283	1.5866822	0.30946326	-4.2792225	-2.0947108	-2.4020848	0.86901194	2.1741614	0.18695797	-0.6069874	1.7623544	0.8608387	0.56916815	-3.8610578	-0.5759067	3.8708327	-0.33178353	-1.958998	-1.1060737
-0.2784241	-2.2039008	-0.12420051	2.0922394	-0.7224964	-2.2750657	-1.2826264	0.14065838	0.8512358	0.1650429	-1.2229729	0.75430876	-0.9241775	-0.076656975	-0.96759653	1.2552639	1.0159659	-2.3692658	-1.0942987	-0.39991236
-0.066088654	-1.8083426	0.70356774	1.4956672	-1.6602973	-1.7822857	-1.0967162	1.2971843	1.2917879	1.0839995	-1.4738526	0.36309224	0.30886054	0.685343	-2.005009	1.6876386	1.5571684	-1.0075492	-1.3830746	-0.9755396
0.3523544	-1.6163136	0.9065269	0.8052747	-1.9660852	-2.8035028	-2.11272	0.03732213	0.39400956	-0.19442517	-0.45795706	1.1561109	1.2053224	-0.06185612	-1.115116	1.4206289	0.38285533	-0.63833386	-1.1301073	-0.9982675
0.40331307	-3.2684112	1.910848	2.5375397	-3.5945315	-3.1378734	-2.4531534	1.4607416	1.363557	-0.21949032	-2.2868474	1.6178334	0.66908216	0.07661403	-2.28112	1.9014868	2.012818	-2.020228	-2.9290109	-1.8409646
1.594977	-2.093805	1.7226884	0.42286772	-2.5976717	-1.4031196	-1.3112389	0.51970243	1.1681646	-0.9936676	-0.674782	1.5120411	0.30424494	0.79731685	-2.8088725	-0.33652037	1.6479305	-0.33576274	-0.6322323	-1.5692258
0.8273057	-2.4948664	0.59061664	0.46006674	-1.1550676	-1.0041811	-1.5688226	1.3512156	1.4343523	0.08647946	-1.588663	1.3743837	0.050778758	-0.07647168	-2.3647292	1.0260351	2.596404	-1.7099323	-0.75478953	-0.67230445
1.5202463	-1.734658	0.21655494	0.2825148	-1.541169	-0.5509882	-1.8130759	1.6577657	2.1748042	-0.038223263	-1.6731938	1.2477299	0.23612666	0.5501935	-1.9883115	0.086068675	1.0640179	-1.1996185	-1.0694152	-1.1045543
-0.71461314	-1.9535351	0.94134176	1.5356076	-1.9146436	-0.912272	-2.110836	0.19875686	1.3079493	0.47510722	-2.4242263	0.84744436	-0.15004748	0.15820122	-1.4448192	1.9111562	0.76139724	-1.6626983	-1.939196	0.043134306
1.8404155	-1.0395982	1.4428344	2.7422197	-1.7478476	-2.7634804	-0.51956755	1.3946207	0.14185129	-0.89430404	-0.6558497	1.674641	-0.4490305	0.876859	-2.5186255	0.20422797	3.4242592	-1.192874	-0.3647421	-1.6703621
-0.1791665	-0.20139162	0.38031518	1.1212708	0.10843526	-0.8465519	-0.40591085	-0.0061118533	1.1996564	-0.3982874	-1.3335577	0.7042732	-0.33949396	0.11385534	-0.13806206	0.68740636	-0.6415234	-1.3070428	-0.30672652	-0.7284205
0.36087215	-2.1039734	1.1898966	0.8489327	-1.9571857	-2.202994	-1.9648154	2.0506365	1.4639776	0.63838744	-1.0065347	0.7755891	0.6825334	-0.2262411	-2.3706062	1.8155835	2.0669386	-1.0409513	-0.28537583	-0.49258202
0.75255424	-1.9416393	-0.4900258	0.14404868	-1.4803342	-1.9969883	0.042799238	-0.24310142	0.40998664	-0.1842917	-0.057020783	2.1706636	-1.3929595	0.41031626	-3.6038327	0.59096134	0.9737124	-2.2030993	-2.390871	-1.1349642
3.6263463	-2.6107318	1.9604774	0.72699857	-3.1575785	-1.2679245	-2.309091	1.9941345	2.7532892	-1.3794824	-1.9736142	1.5214163	1.0274597	1.1585747	-3.7113023	-0.9117243	2.9154649	-0.6197553	-0.901773	-2.4361093
1.7847706	-2.4730127	1.5723839	1.6568612	-2.9941266	-1.7556741	-2.369464	1.5629046	2.8202116	-0.29851732	-1.9356267	0.8667592	0.28771135	0.4474875	-3.0308728	0.7048094	1.3988189	-1.2827649	-1.3923347	-1.2013867
2.0483081	-2.7717724	1.9465016	1.0617491	-3.482953	-2.7882125	-3.379809	1.4779633	3.2095084	-0.33712476	-2.5396674	2.1192455	1.1879697	0.60439026	-3.8743114	1.3122156	2.2742498	-1.1850435	-2.5828903	-1.8255678
1.7654697	-2.5640528	1.3140467	1.3603615	-2.5158124	-1.5012535	-2.0327356	1.2189186	1.5812024	-1.5177747	-2.9648986	2.6220915	-0.8953329	-0.45003396	-3.5143182	1.6209702	2.0647488	-2.1550107	-3.4158063	-1.3910099
1.60478	-1.4570259	1.9778702	1.1264464	-1.5985525	-2.1506903	-1.2188369	1.2316337	0.9290396	-1.4839787	-0.95886964	1.9841572	-0.4372829	-0.4002612	-1.6235505	1.8864467	2.107188	-1.1027298	-2.9516075	-0.8904833
0.81985927	-2.1230826	2.546939	1.0955136	-2.8587143	-2.2475603	-1.3086512	0.6966435	1.9903578	-0.862703	-0.7602018	1.586662	0.3875527	0.7935273	-2.79197	0.9964668	2.044893	-1.0971373	-1.2343138	-1.8938329
0.5282882	-1.6881268	0.5905077	0.60119504	-1.356339	0.20883016	-1.423005	1.3231528	2.6578782	0.13207829	-2.5244408	1.0015079	-0.025450135	-0.34517598	-1.3325884	0.6667175	1.3076308	-1.5815644	-1.6567892	-0.63040507
-0.12541334	-1.3831369	0.18392348	1.9199605	-1.6807464	-1.3960997	-0.9418897	0.78012335	-0.25827363	0.8979816	-1.3106959	0.539744	-0.15605408	0.0802872	-0.14467818	1.2239782	0.71698856	-0.9617095	-0.47547412	-0.30309433
-0.53683585	-1.3218516	1.7428864	1.9377884	-2.096933	-1.9723142	-2.1694565	0.75282836	0.8643439	-0.38677144	-1.4131895	1.786803	1.2216744	0.79350114	-1.7604772	0.9724801	1.1674981	-1.7134898	-0.6789101	-1.811103
1.1347365	-2.9541495	1.8960159	0.8992061	-2.6212146	-3.075576	-2.3921854	0.8980556	1.1649725	-0.3162315	-2.382564	1.787804	0.46261135	0.25178877	-3.2573934	1.4290572	3.0813572	-1.7468145	-1.7629901	-0.77637684
2.9883037	-3.5725265	2.2270453	1.8258698	-4.508412	-4.2922215	-3.6033897	2.4910505	3.8045433	-1.5276597	-2.5402842	3.1878166	1.600331	1.2969508	-5.3598237	1.6106008	3.6729882	-2.1002173	-2.1325395	-3.2232945
-0.23502849	-2.408473	3.1016076	1.2694921	-4.0650854	-3.7816298	-2.8842356	1.504639	3.0920067	1.3727854	-0.9953494	0.13801275	1.9187924	0.52984166	-2.9414086	1.3652519	3.0504186	-0.3611954	-0.9948775	-0.8798822
1.3918895	-0.70159316	-0.24540895	-0.5554631	-0.7865889	-0.22007103	-1.1564691	1.1128864	0.8257527	-0.5129048	-0.39993608	1.4881	-0.003219939	0.36662778	-2.6233983	-0.065170735	0.9279459	-1.1767076	-1.42092	-1.0438256
1.8343635	-2.3508532	0.5552707	-0.72016054	-2.302763	-0.86560726	-1.9655173	1.8371899	3.3495526	0.7821957	-1.9757029	1.5120037	-0.20428558	0.25932935	-3.5187194	-0.5182628	2.679388	-1.8530889	-1.2050865	-0.7958494
0.4903812	-1.7131145	1.8221228	1.0357589	-0.82429856	-0.7714216	0.08669051	0.52748346	0.50762326	-0.91724956	-0.34741583	1.0852213	-0.83205545	0.20246355	-1.4628328	1.6141508	0.23014614	-1.4239502	-1.0258029	-0.93172336
0.09543933	-0.71253985	0.6856622	0.4780835	-1.4880451	-1.0776206	-1.1981223	0.24256517	0.004806449	-0.70738745	-1.0949683	1.7305615	-0.9752849	-0.33234224	-2.2609918	1.5006747	1.0192621	-1.391622	-2.3664713	-0.18067339
1.6002988	-2.09893	1.0463428	1.1185796	-1.4897319	-1.4180026	-0.9437108	0.5359101	0.8924186	-0.57318145	-1.345356	1.4362853	-0.9681813	0.808263	-2.1370604	-0.21600005	2.1164744	-1.4288287	-0.277638	-1.3043318
0.740579	-0.95505226	1.153499	1.3911512	-2.7198515	-2.1334507	-1.7500705	1.101008	0.5130524	-0.114301555	-1.1734054	1.355287	0.52721685	0.14795986	-1.9017761	1.2456512	2.2110345	-0.93676823	-1.3464197	-1.1303383
0.57885677	-0.63185567	-0.019016096	0.9628528	-0.75707746	-0.77946323	-1.2589085	0.7585903	-0.0052227504	-0.34422037	-1.1661822	1.3356602	-0.573653	-0.38851923	-1.6810766	1.6572772	0.8074851	-1.2846689	-2.3866765	-0.16949934
1.5647658	-2.5787194	0.27853397	-0.3602017	-1.1969525	-0.3540199	-0.78834903	1.4584099	2.105427	0.0062986547	-2.075195	1.4585123	-0.009667681	0.24224593	-2.4634275	0.044487745	1.9754887	-1.2980419	-0.7208066	-1.339896
0.38493162	-0.94962275	2.815314	1.291905	-1.3866491	-1.8136399	-0.86064863	1.195722	0.10510332	-0.4343161	-1.0570474	0.90365034	0.23842323	-0.16506408	-1.4627563	1.4333874	1.2354515	-0.6293491	-1.4162501	-0.8743405
1.7804574	-1.7452706	1.465805	1.9422137	-4.240971	-2.4435155	-3.589975	1.5946242	2.3660977	-1.5714751	-1.5456328	2.8380628	0.33033532	-0.11063196	-3.4325256	0.27524546	2.0981185	-1.7193309	-2.59858	-2.3235016
2.7063355	-2.4568114	1.6960841	2.6305318	-3.9717932	-2.9958987	-2.4736032	1.8610064	1.3659087	-0.71713406	-1.8269336	2.8394794	-0.21827747	0.45624417	-4.126828	1.7372249	3.9378638	-1.95469	-2.440397	-2.1109402
2.3659754	-1.9537696	0.6220954	2.1234157	-1.77566	-0.7846585	-1.102692	1.2424095	-0.4205456	-2.0998697	-1.7881356	3.81659	-0.48438796	-0.45486695	-0.90673727	-0.3819421	1.5715859	-0.5824782	-0.7223609	-1.8267353
1.8141258	-1.7410499	0.29538468	0.6244376	0.28758228	-1.4758713	-1.1153495	2.421428	1.2756826	-0.4294611	-3.3983316	2.4880521	-0.16995794	-0.013484043	-2.8987553	2.0205898	1.8746271	-2.2658546	-2.3182735	-0.9730739
0.07402978	-1.7696835	0.90306836	-0.17629844	-1.9930372	-1.1530453	-0.9751997	0.8673856	1.3007692	-0.44557127	-0.67066145	1.1060811	0.876254	0.11026179	-1.9486207	1.4018625	0.9493041	-0.5200978	-2.1877348	-0.9062679
2.3059556	-0.8351855	0.79386157	-0.5414466	-1.1447031	0.90061814	0.15654056	0.39619657	0.2690524	-2.468166	-1.7251635	1.9380835	-0.37708744	0.36637142	-1.0582516	-1.3531111	1.4144096	0.006290897	-0.30732006	-0.8324758
2.0366826	-2.5850825	1.1346122	2.1570926	-2.986157	-1.905629	-2.223427	0.8318014	1.8908225	-0.7122101	-1.3872755	1.899454	0.6321371	0.90346766	-2.4134924	0.68579805	2.3723128	-1.7919831	-1.1581004	-2.263217
2.3470762	-3.4223716	3.4765308	2.9339948	-6.252299	-3.9653916	-3.4722235	2.1767921	2.8446434	-1.0577835	-3.3221166	2.2076795	0.82408994	0.95331746	-4.3839407	1.0099496	4.2251005	-1.5115805	-2.193288	-3.0960681
0.6934042	-0.5573463	0.14027041	1.1494492	-0.15797572	-0.5995295	-1.0634053	0.21585529	-0.3551287	-1.2471194	-1.2289709	1.4564623	-0.15336098	-0.26514134	-0.8264605	0.9167018	-0.14837563	-1.3480567	-1.9177418	-0.6244585
0.091403976	-1.7158599	0.33704937	1.1205307	-1.9359393	-1.0811423	-2.052783	0.081252664	-0.5667081	-0.38293153	-2.274348	1.8830718	0.6554358	-0.39640012	-0.8641144	2.1756237	0.9562927	-1.8031279	-2.5055108	-0.4700959
0.5645794	-1.6039659	0.19980943	1.430349	-1.1134169	-0.23277807	-1.8804873	1.1966945	1.4596237	-0.53683656	-2.7965343	1.8433225	0.5990363	-0.045937676	-0.8964732	1.4107394	0.2887522	-1.7199491	-2.6242692	-0.74679697
0.59901845	-2.5859077	0.45342848	2.0836961	-2.2797573	-0.8378977	-1.7166961	1.4029309	1.3717966	1.0547087	-2.0271018	1.3071194	0.19260116	-0.05967581	-1.1386281	1.2196538	0.9561699	-1.4687042	-1.2654426	-0.8096433
1.5153555	-1.1395913	0.52635527	0.5378105	-1.7369783	-0.94355315	-1.4479038	0.3721621	1.3611969	-1.3215774	-1.5586917	1.7175776	0.55892116	0.19690302	-2.0341914	-0.008307721	1.4452761	-0.57397956	-1.3605583	-1.4462581
0.26782674	-1.9626007	1.303941	1.0571338	-2.2821147	-1.59066	-1.2947466	0.119539574	0.81563777	0.014048958	-1.6401691	0.6673116	1.3039709	0.4860607	-0.70362306	-0.29645228	1.4284298	-0.5747709	-0.2145154	-0.9754025
0.34977594	-0.8920739	0.5054888	-0.32946688	-1.9156035	-1.007046	-0.61556834	-0.0467188	1.2333192	-0.5407342	-0.9623421	1.2049755	-0.16739067	-0.059982326	-1.8018827	-0.45861235	-0.2191294	-0.16727936	-0.9377633	-0.66124105
-0.38805032	-0.96136284	-0.75439745	0.12828247	-0.30126274	-0.6190704	-2.1498027	1.1101468	1.2656227	0.034872342	-2.3992336	2.0376258	0.26455644	-1.0238676	-1.1881391	2.1369548	0.117211364	-0.9480103	-1.7035418	-0.046418797
0.47237498	-1.6630087	1.8419925	0.999236	-2.6131442	-1.9825041	-1.9099343	1.602472	0.92563045	-0.26408973	-1.9901818	2.0354054	0.5051319	0.14626125	-2.553514	0.9105368	2.1823273	-1.1168357	-1.3655405	-1.855941
0.64122695	-2.447339	1.513404	0.93795055	-2.5529194	-2.5671353	-1.8562443	0.9544933	1.3851647	0.1061993	-2.0530212	1.23431	0.5380788	0.89240485	-3.1963792	1.4945258	3.033426	-1.7833323	-1.537423	-0.94663864
1.4725301	-1.9827359	-0.2312922	1.2937862	-1.1744277	-0.7715597	-1.3324918	0.9915697	1.2808102	-0.5704401	-2.3478856	1.831697	0.41262433	0.054042466	-2.2872193	1.6072943	1.4702566	-1.6218654	-1.9998864	-1.304305
-0.033925653	-2.2595754	0.4938711	1.0258231	-2.5357127	-2.7485218	-2.722861	0.18828425	0.6876321	-0.0651443	-2.076308	2.201261	0.64221203	0.4315832	-2.9326622	1.0719086	2.5352466	-2.2552004	-0.63997537	-0.9836918
2.49301	-2.4786098	-0.12484862	0.0016987717	-2.862584	-0.3697586	-2.0559404	1.5093557	1.7988871	-0.71315557	-2.8522174	2.6454735	-0.005606184	-0.08935977	-3.0513012	0.017777888	1.317177	-1.3222376	-1.4000047	-1.3590959
0.47102594	-2.2056937	1.3048097	1.6366013	-2.0173388	-2.0792885	-1.5832874	1.1954914	1.4257776	-0.53941303	-1.3219438	1.7434782	-0.1707905	-0.30176416	-2.0902717	2.1636484	1.211094	-1.8718315	-1.8989594	-0.8483388
0.9855471	-1.357325	0.82038736	1.8476273	-1.6729531	-1.2791743	-1.2821579	0.58056694	0.24927625	-0.6232398	-1.6138583	1.4072545	-0.3262308	0.09898081	-0.93007797	0.43798473	0.6329395	-0.8884351	-1.76692	-1.2038732
1.6187782	-1.2648338	1.0704151	0.58428365	-2.105739	-1.3509023	-1.2155685	0.908129	1.315995	-0.5155436	-1.0035527	1.4500325	0.1983334	0.8251417	-2.0171363	-0.828996	1.9224454	-0.74863476	-0.9625076	-1.4189788
1.0179353	-1.6677822	0.4810182	0.72816116	-2.2868361	-1.3102221	-2.0141811	0.32027677	1.1290334	-0.5769758	-0.96987915	2.3337321	0.4287643	0.5355364	-1.0377178	0.051151484	1.274349	-1.8490561	0.035923216	-1.5655899
0.83139265	-1.6164585	-0.6206675	-1.1784064	-0.91345096	-0.0042511798	-1.2746253	0.91169024	1.2899241	0.1771867	-1.2272589	1.2844288	-0.40661645	-0.3189125	-2.4115894	-0.55277205	0.87932503	-1.0174953	-0.13234857	-0.5231981
1.6063657	-2.849888	1.464529	2.7234054	-3.1206005	-3.9468234	-2.9496808	1.8386399	1.8489342	-0.027322078	-1.9489367	1.6392448	-0.48902392	0.15997538	-3.8325734	2.2778726	3.217228	-1.7504773	-2.0309157	-1.7426746
2.0698323	-0.90285754	0.609756	1.1731381	0.0018793552	-0.6220917	-0.19654915	0.2302692	0.38207373	-1.8148508	-0.8675045	1.7024904	0.2776122	0.52597696	-1.2930073	0.23414122	2.3982408	-0.4533575	-0.61440563	-1.2291484
2.4823666	-1.5066319	0.348209	-0.24948056	-1.1675642	0.31521562	-0.679841	1.0268583	1.3728114	-1.4458803	-1.697195	1.753468	-0.13467331	0.2544555	-1.615372	-1.1623471	1.5634905	-0.60537463	-1.4369184	-1.8291419
1.2445319	-1.7614214	0.45365834	0.5031398	-1.2770203	-0.36709765	-0.7695882	1.0219394	1.5280946	-1.2171702	-0.909829	2.1091957	0.03615782	0.7269081	-1.8903359	1.190349	1.5621632	-2.1563978	-1.0734327	-0.88253075
1.7934997	-1.1814688	-0.46400258	1.5865873	-2.2730227	-2.0295367	-2.040587	1.2686975	1.5646048	-0.07121145	-1.4446613	1.998439	-0.23257758	0.20246637	-2.3858943	0.65195364	0.83569175	-0.82456386	-0.9330105	-1.496489
0.930821	-2.084343	1.0227816	0.03935543	-2.8467214	-0.8323431	-2.1817129	0.48079956	1.667887	-0.5673422	-1.2407602	1.9554499	1.5670363	0.12511738	-1.9138775	0.55980885	1.6373969	-0.6792408	-1.1428207	-1.2826573
2.0874035	-1.8747995	1.6837637	0.73133194	-2.650691	-1.2135464	-1.2995911	0.65516675	0.6977213	-1.7395294	-1.0839965	2.698565	-0.34819224	0.03819283	-2.3966424	-0.71563244	1.7365187	0.09980498	-0.96737427	-1.8531766
1.3228883	-0.64428174	0.15680112	-0.067666925	-1.2158113	-1.0468875	-1.3674247	0.91587496	0.78698707	-1.3208162	-0.4964531	1.7741654	0.4138142	-0.047080636	-1.581116	0.3819092	1.5685933	-1.2978035	-1.3552085	-1.1593302
1.1157254	-2.7554786	1.4567506	1.9976823	-1.8363689	-2.5334563	-1.2583863	1.8397644	1.876227	-0.7027262	-1.85495	1.8014264	-0.008912194	0.62099236	-2.5794642	2.0872085	3.1314993	-1.3352089	-0.9950957	-1.5658786
1.9314833	-2.4887042	1.5638036	1.8499069	-2.6980348	-2.2357566	-0.9264961	1.275444	0.7068057	-0.041426133	-0.77197474	1.6021541	0.36890763	1.20951	-2.63469	0.1936717	2.1226842	-1.0903491	-0.8322265	-2.0629773
1.5911357	-2.4085934	0.6051941	-0.4348701	-1.9926244	-1.5070169	-0.5553732	1.6099955	1.7328335	0.015605905	-1.7845391	0.99891025	-0.33185482	0.43562424	-2.393372	0.0579521	2.3724775	-1.1252059	-0.6308674	-0.853968
1.5490278	0.051731985	-0.12342949	0.86160696	-2.3776734	-0.6361873	-2.0188642	2.3486981	2.2694256	-1.6718782	-0.85579586	2.8508923	-0.3975555	-0.552539	-2.2024891	0.641476	0.57694024	-0.97391164	-2.8743632	-2.0057268
1.0863392	-1.7737721	0.83296204	0.48990053	-1.6085927	-1.2150371	-0.854961	0.6275298	0.72743046	-0.18034111	-0.22873208	2.0511258	-0.22713606	0.25337726	-2.5978158	0.16348018	1.5116578	-1.2372553	-1.455241	-0.9775415
1.4424429	-1.92079	0.8639598	-0.29384047	-2.4469752	-1.094872	-1.6812408	1.1452653	1.0402333	-0.79008675	-1.4363983	2.1346052	0.54230577	0.35587305	-2.4152033	0.6614221	1.4669855	-1.1136693	-0.9742508	-1.4114411
2.8843093	-0.34455433	0.4902961	-0.19136095	-1.7644173	-0.6284948	-1.0520124	1.1613272	1.2550206	-1.487528	0.058010183	1.7491478	-0.641627	0.18323264	-2.9397182	-1.2612792	1.0078988	-0.5543873	-1.4649999	-1.630825
1.1227245	-2.653699	0.39792442	-0.24284023	-2.3003137	-1.0652688	-2.0421107	2.1446586	2.8052015	1.2315573	-2.4314637	1.1689229	-0.2924813	0.68874395	-3.3961017	0.108539335	2.789367	-2.2105012	-0.82366455	-1.0374938
-0.5415429	-1.5580564	0.63845986	1.0440816	-1.7485913	-1.83167	-1.8751158	0.10365193	0.94055676	-0.98037714	-1.0626764	1.6715122	0.21308157	0.024787875	-1.9032189	1.7774723	1.1194928	-2.150854	-1.630052	-0.6861008
1.391769	-1.8849764	0.28110614	-0.54920876	-1.3714755	-0.094570555	-0.23884611	0.6331031	0.7758771	-0.48790926	-2.230807	0.9330673	1.0046433	0.12417109	-1.3205717	0.07299683	1.1802456	0.16954477	-1.3489367	-0.5565288
1.7347934	-0.9540424	0.37787685	-0.2783852	-1.9996399	-0.6476622	-1.7258763	0.23018816	0.557329	-1.6686542	-0.49848035	1.9431463	0.2688652	0.13731702	-2.8406334	-1.1641877	2.0221422	-0.84465384	-1.5769945	-1.1338328
0.9578901	-1.108165	0.12025671	0.518217	-1.8664173	-0.48063913	-2.1382875	0.96962	1.3615758	0.032350805	-1.6254668	2.0406697	0.2977537	-0.46159467	-1.8882805	0.06821199	1.4495131	-0.15608446	-0.49969572	-0.8974912
0.53135043	-2.2591953	0.32442677	1.8030908	-3.2266443	-2.1895907	-3.6251998	1.1381365	1.8992734	-0.29989982	-2.4894414	3.2167532	0.4685939	0.08701234	-3.0233996	2.316308	1.0101424	-2.4117444	-1.697766	-1.4757981
1.0123116	-1.7681206	1.0841547	1.0165763	-2.525448	-1.4167209	-1.8191497	0.89158225	1.339922	-0.4455758	-0.8606666	1.2298623	0.14014274	0.091833286	-2.2847219	1.0445443	1.3019398	-0.65393066	-1.2599722	-1.6099039
-0.04211185	-1.3642228	-0.021011012	0.12112356	-1.1019429	-0.2644075	-1.261506	0.06357657	0.83668405	-1.8341477	-1.2576947	3.2234247	-1.2527676	-1.2934176	-0.79173815	1.7770684	-0.96428114	-2.742567	-2.2478104	0.10620186
2.613508	-2.0436625	0.7767494	-0.06953853	-1.8852918	-0.18171722	-1.092572	1.1707677	1.8868958	-1.8000342	-1.8490714	1.8399326	0.45587704	0.3513868	-1.6999753	-0.15169433	1.4805723	-0.85801065	-1.6851245	-1.6949953
2.170863	-2.1428745	0.9004303	-0.069027126	-1.4929017	-0.57129806	-1.1382947	1.7397381	1.5207673	-1.0175371	-1.5940385	1.9642818	0.7911501	0.591305	-2.4537644	0.25893536	2.3017266	-0.7765891	-0.5540076	-1.7997577
1.7522944	-2.6495702	1.6939895	1.5720125	-2.690191	-1.8304944	-2.0674317	1.4110632	1.0261841	-0.33952197	-1.9539753	2.370558	0.55974394	0.7440771	-2.7447433	0.74034816	2.6925843	-1.7895067	-0.5254852	-2.0684397
1.4138917	-2.4594822	0.35344645	1.38757	-2.7939656	-1.4168847	-2.3550053	1.3087844	1.8995981	-0.70400465	-1.2597607	1.8943262	-0.721028	-0.2235085	-2.45276	1.6454177	0.84337497	-1.5926509	-1.9837189	-1.0460087
0.96249497	-2.7242658	1.6046482	0.45156977	-2.7792299	-2.2257974	-1.6801013	1.9341568	2.5756	0.5093163	-1.3857775	1.1071217	0.38573635	0.8180613	-2.7660527	0.09092195	1.7050906	-1.7543839	-0.05310078	-2.1529188
1.572471	-2.1544867	1.2381614	1.2022105	-3.4229782	-1.7035426	-2.6301167	1.2713472	2.679335	-0.34609875	-1.8523507	1.250987	1.3062798	0.6592606	-2.4841948	0.7756627	1.8932542	-1.1800543	-1.8506777	-1.2706919
0.9591204	-2.700138	1.3961774	1.5482122	-2.5162709	-2.847622	-2.1385524	1.6433277	2.2178352	0.510303	-1.6263218	1.268451	0.7928112	0.8610044	-3.1387765	2.108496	1.6310885	-2.1121418	-0.9636431	-1.4235072
2.7082775	-2.3147988	1.5523808	0.40326312	-1.902691	-0.73155594	-1.4343994	1.5383267	1.7561985	-1.6270938	-1.9537913	1.2307947	0.45900306	0.43402418	-2.337472	-0.20176238	1.8369703	-0.33492047	-1.1051008	-1.7987889
1.2887677	-1.499734	0.6692567	-0.30804953	-2.0100827	-0.952895	-1.5983813	-0.08811376	0.8382516	-0.41765657	-0.5119939	2.0156426	-0.0010272741	-0.48513365	-1.8270125	0.49231684	0.41535637	-0.019092305	-1.7192162	-0.9887788
0.10787122	-1.5009042	0.11438334	2.5545478	-0.49948695	-2.4935272	-0.9285411	0.32090414	-0.2186219	0.032123793	-0.7617481	0.72922707	-1.3237346	-0.04855016	-0.7969523	1.320323	0.74752456	-2.2482731	-0.93678653	-0.7734732
1.0397439	-1.5757483	1.336354	0.44127512	-0.91678137	-0.9241544	-0.41941503	1.1117114	1.2227998	-1.1604286	-1.3165276	1.6129133	-0.36153552	0.31589848	-2.2316334	-0.22646849	1.0415026	-1.3006414	-1.4084638	-1.1755261
-0.010372266	-2.5911589	2.5475223	2.84395	-2.9964838	-3.543569	-1.2409477	2.1991444	1.0468577	0.48511103	-1.3365736	1.4546735	0.07970838	0.26549184	-2.7291057	2.0883856	3.947278	-2.093548	-1.4420956	-1.199899
-0.1897949	-2.0002785	0.80435485	0.028814847	-0.77422005	-1.0563744	-0.91759735	0.45362395	1.1312976	-0.3007779	-1.4547099	0.7910979	-0.3870236	-0.43322784	-1.806619	1.604098	0.70097184	-1.754386	-2.616063	-0.07337199
-0.17748736	-2.8954906	2.756734	2.4658632	-2.5702574	-4.1986585	-0.67913884	1.8259829	2.233375	0.37950683	-0.6009101	0.9694344	0.5441066	1.1633868	-2.5498083	1.2541391	3.0107222	-2.0194182	-0.69065195	-2.104388
1.6311128	-2.3389678	2.8469489	0.27541995	-3.3237805	-2.6092231	-1.9928571	2.145585	2.0511134	-0.4856806	-1.8897762	0.47296578	1.985496	1.1722656	-3.6226807	0.21553002	3.4104655	-0.36036244	-0.00686597	-1.8550195
0.82922477	-3.5824919	1.7169837	1.8986412	-2.9026918	-2.9682322	-1.9406184	1.2419263	2.4425583	-0.46147963	-1.7948796	1.876015	0.087543115	0.70460653	-3.5942607	2.1534557	1.9585452	-2.499585	-2.3514075	-1.4306173
0.030065438	-1.5044812	-0.10905496	0.14872627	-0.5435418	-1.653904	-0.81782365	-0.431301	0.83728766	-0.31218413	-1.0646107	0.62515265	-0.77583355	0.15497014	-1.6870513	1.3874761	0.48510903	-1.2790127	-2.2307584	0.2847627
1.5755463	-2.4002182	0.73609614	0.72231126	-3.407463	-1.6917548	-2.8361645	1.4552509	1.235725	-0.22036663	-2.6763868	2.7422545	1.3399026	0.55917627	-3.0042474	0.85062546	2.6582618	-1.6168299	-1.7806419	-1.5900583
0.2079331	-2.4027572	0.8907336	1.158481	-2.92021	-1.7914	-2.6597297	1.1066864	1.2514479	0.97407705	-2.4018104	1.3393998	1.3563566	0.45431527	-1.9729755	1.0160385	2.0509582	-1.1227268	-1.2236817	-0.9921292
2.2585151	-1.2860842	-0.13775828	1.1275389	-2.21187	-1.7638575	-2.5255756	1.1347731	1.3385547	-1.4940156	-2.0084507	3.7861788	-1.0986737	-0.63434255	-2.783844	2.0184	1.6675352	-2.3132749	-2.837603	-1.1139625
1.791587	-2.0909183	-0.3004927	-0.47626975	-1.2311907	-0.9718497	-1.0545216	1.6668856	2.0976224	0.8652552	-1.7904319	1.3811506	-0.5432323	-0.092567876	-3.1548128	-0.40882376	2.1202548	-1.2397633	-1.4143546	-0.49412864
0.4168081	-4.1044517	1.9808946	0.17561087	-1.7425671	-1.9929492	-1.5687609	0.96537876	2.2118614	-0.56277865	-2.2416434	2.131074	-0.6844427	0.46782708	-2.7006488	2.5863454	1.5289959	-3.2998416	-2.5795295	-1.0831037
1.274718	-1.6761743	1.1461887	0.52588195	-1.6059031	-1.1965396	-2.0294278	0.658776	0.45235312	-0.88780504	-0.9643249	2.2816186	0.36447176	0.8734619	-2.8787885	-1.0917966	1.9422171	-1.5888212	-0.13672008	-1.613441
