1.1095121	-0.3577327	0.87694764	1.4972125	-1.2459706	-1.0761147	-1.3386664	1.165501	0.08259216	-0.16401081	-1.3987548	2.0436716	-0.8092233	0.15927511	-2.200688	0.6376799	1.6383187	-0.12478015	-2.269173	-0.8805022
1.1787541	-0.85900164	1.2770602	0.96359533	-2.1096578	-2.161139	-1.1472318	0.40481862	0.42920643	-0.3893507	-0.7664687	0.7284341	0.1963093	0.110949114	-2.0183973	0.086898535	2.7065797	-0.15476622	-0.5167011	-0.5447964
0.94013417	-3.0027008	3.0490522	0.8136244	-1.9461347	-2.3889325	-1.7484165	1.9498385	2.0900793	-0.6071192	-1.908049	1.442129	0.45191884	0.6618728	-2.8127263	1.5318034	4.0094695	-1.7936354	-1.7369825	-1.4508184
1.0136524	-1.9751226	1.2753671	0.8792497	-3.7746677	-1.7052056	-2.4556289	0.93218297	1.1382989	-0.18345697	-1.2681676	1.0680234	0.20132326	0.1798603	-2.3456273	0.6602414	2.3280125	-0.8199162	-1.8631344	-0.68771285
3.911465	-5.300155	4.801752	2.7838748	-7.5667706	-7.4701877	-4.7101884	2.2575424	2.4874847	-2.7408824	-3.728051	4.7855754	-1.1966175	0.20638657	-7.2634673	3.496924	8.078816	-3.3790457	-6.118982	-3.2553117
0.8556637	-1.4114305	-0.21470563	-0.48319697	-0.7979501	0.6711592	-0.0731145	1.3298756	1.4283687	0.06000765	-1.4375483	0.5560703	-0.06242603	0.056002643	-2.1676786	-0.3826564	1.8691978	-0.49715358	-1.2286832	-0.40845606
1.242992	-3.602915	3.9163427	2.3231943	-5.207375	-3.6891549	-2.2423048	0.22937371	1.471301	0.008693012	-2.060202	1.4453938	-0.669391	0.17771193	-3.5038834	-0.16021681	5.077495	-1.7852008	-1.052727	-1.6804086
1.2893736	-1.1020815	1.2174817	0.13090815	-2.4485366	-0.81358063	-2.289159	-0.37268668	0.8140527	-0.8890432	-1.728435	0.26110166	0.25582173	0.2709981	-2.1710486	-0.8965771	2.2234406	-1.1272384	-0.7378255	-1.5665596
-0.2727378	-2.479694	0.106750436	0.3417788	-2.9953148	-1.8062068	-1.0312375	-0.011247822	0.12192046	1.1245108	-2.0022438	0.5440914	1.3834137	0.53488076	-3.044753	1.2043563	2.912243	-0.43845424	-1.343513	-0.2483093
2.5518897	-2.3244739	2.1695194	1.5725635	-3.6719933	-2.2804902	-2.2297559	1.6286007	0.7132438	-1.8191974	-1.9037548	2.6293666	0.9285427	0.010797955	-2.6958766	0.89507157	3.8933203	-0.43033764	-2.6965582	-2.1681175
1.6226075	-0.8635173	1.7134435	1.3155702	-1.6111196	-3.1019008	-1.4279028	1.4902445	0.29207927	-1.4556482	-0.27053016	1.7889521	0.37477422	0.11244445	-1.9872159	0.5404638	3.879808	-1.4657778	-1.0570927	-0.9474539
2.3219857	-3.4105818	2.5850368	-0.478668	-4.5625253	-3.7659223	-2.1850684	1.0128224	1.3921199	-0.9677856	-1.7710155	3.025924	0.06448765	0.078867875	-4.9333434	0.8748703	4.732304	-1.2330704	-2.8177166	-2.640885
1.1987234	-1.4831009	0.73654616	1.3574281	-2.966274	-1.7568355	-1.9542186	2.4107418	0.9470963	0.23915592	-1.2620013	0.83734477	-0.23025396	0.35693467	-2.1215978	0.50414634	1.7055902	-0.787572	-1.5045874	-0.7430679
0.88091666	-0.69189984	1.6467464	1.2788688	-1.2787265	-0.9008221	-0.8525143	0.6510294	-0.010198064	-0.21185604	-0.8462062	1.091785	-0.07014911	-0.04920043	-0.6439325	-0.17990617	1.1397996	0.13264535	-0.6859658	-0.65309995
0.77734166	-0.33975184	1.2302701	-0.6298177	-0.35541832	-1.3269012	-0.6108346	-1.0838076	0.74359226	-0.83475274	0.3741376	1.1492738	-1.1937228	-0.31702173	-2.234521	0.7035397	0.817671	-1.4669064	-1.5626338	-0.98069376
1.9289272	-1.6607393	1.5991353	0.00050270534	-1.9607561	-1.8702846	-1.200471	0.05850115	0.9903546	-1.9292239	-0.39816457	1.5430257	-0.8455221	0.20802931	-2.7619727	0.7648389	2.2576356	-1.0740439	-1.684504	-1.3814682
2.4360616	-2.1574836	3.9398727	2.1313577	-3.6350737	-3.2678459	-1.2803695	1.1281718	-0.087340325	-1.408971	-1.8273667	3.4002209	-0.28936782	0.186121	-3.2500675	1.1758507	5.447202	-1.0259532	-2.8796625	-2.5272443
1.8739681	-3.444514	1.2334105	0.5203231	-3.431205	-4.2363076	-3.1330657	1.2607865	0.9293866	-0.7342593	-3.328232	4.9956775	-0.45200756	-0.10843482	-6.158213	3.291538	4.863416	-3.6387177	-5.059039	-1.6008041
1.0607673	-2.322432	1.6632533	0.5972353	-3.9094367	-1.3285536	-2.1945596	0.14326043	1.4699284	-0.4531986	-1.8306408	1.5055984	-0.43230894	0.3084751	-3.5621305	0.15310426	3.479224	-1.6828462	-2.0935376	-1.2624655
1.9669213	-2.654447	2.083495	1.4961683	-4.475794	-2.9643717	-2.5485845	1.9777433	1.2465285	0.7064532	-3.3900483	2.3919244	1.1238059	1.0462316	-5.243961	1.3192385	6.1692896	-1.9472814	-2.6590216	-1.8877814
0.030918095	-1.713722	1.4218488	0.071845695	-1.6011511	-2.2383432	-1.722391	-0.3186712	1.1739631	-0.31075045	-0.66925514	1.587952	-0.27666366	0.18623829	-2.511701	1.0823443	1.5854611	-2.0446587	-0.4503121	-0.73236823
0.7810791	-0.79419935	1.4051754	0.01297331	-0.9943462	-0.94753134	-0.13647667	-0.95228297	0.050425656	-1.1791589	0.4518281	0.013414682	0.100070335	0.09147888	-1.69405	-0.42333385	2.4776971	0.19224404	-0.23272997	-0.4767712
0.3275637	-2.3763595	2.4707327	1.2258819	-3.9224374	-3.9848635	-1.362156	1.6009847	1.1138562	1.0089837	-0.9100056	0.5147386	0.5865571	1.1163169	-3.6856294	1.3729624	4.2750688	-0.76449823	-0.9405877	-0.49689853
2.0489736	-2.1423357	1.4651159	1.0314068	-2.3778982	-2.5070555	-1.4779333	0.82148266	-1.2077693	-1.9998393	-0.5139737	2.9107344	-0.5001021	-0.015156229	-3.1163151	1.4798716	3.7283695	-1.117011	-1.610162	-1.2155402
1.2744147	-0.83953756	2.9262843	1.6685133	-2.0560594	-1.9628859	-1.5293405	0.047408715	0.06959066	-2.4065824	-1.5883498	2.2771711	-0.80409056	-0.45361432	-1.7719985	1.1136147	1.938169	-0.68345857	-1.7538688	-0.90398717
2.6357768	-1.5820304	2.53241	1.4189346	-1.558094	-2.1315074	-0.6454099	-0.34268025	-0.5321596	-2.2479675	-0.43938076	2.4605894	-0.10631667	-0.16890308	-1.847232	-0.4254831	3.7361522	-1.0209557	-0.49545133	-2.2732904
-1.062224	-1.2684216	0.53834176	2.1663513	-2.3692596	-1.2735555	-1.7563673	-0.38538066	-0.24505015	-0.16068639	-1.2048697	0.314114	0.41360044	0.014020524	-0.41913438	-0.6591671	1.1884235	-0.96572393	-0.15810485	-1.3247088
1.550095	-1.5655714	1.0720278	0.47764498	-3.0518656	-2.1385872	-2.1729014	1.5458905	0.37507036	0.086147696	-0.98818564	2.6814435	0.03945545	0.18093413	-3.7150137	1.4279144	3.2734387	-1.4484643	-2.246231	-1.1575142
3.857455	-6.408459	5.752269	4.127767	-11.152438	-10.321114	-6.411375	4.4596066	3.83017	1.0921075	-5.0914836	3.8540392	1.2972195	1.5522537	-10.978286	3.1559641	11.451852	-3.983288	-5.638969	-4.221301
0.5535882	-1.2117859	1.209953	1.4035568	-2.0530806	-1.370407	-1.6129253	0.42556614	0.41388363	-1.0681753	-0.68789834	2.2319155	0.15075406	-0.48843536	-1.8662864	1.4673831	2.7301147	-1.6207223	-0.86485773	-1.0874267
1.0305225	-0.5129446	0.5558745	0.9186536	-2.25454	-0.19121334	-0.45098016	-0.7630617	-1.1161495	-0.8699725	-0.1426719	0.66642386	0.16815585	0.38304242	-0.35386923	-1.6527159	0.21145491	0.96403104	1.2082306	-0.96960276
2.059738	-3.1553204	3.0555522	1.2452571	-5.904019	-5.3689165	-2.7751172	1.5740747	1.9341717	-0.34906086	-1.3782593	1.3975143	2.0150442	1.2060975	-4.522607	1.0766664	5.6295314	-1.4034268	-2.272574	-3.3406873
0.11736985	-2.6040528	3.0263672	1.8597256	-2.896524	-2.5554943	-1.9040655	0.7053491	1.0248207	1.1745317	-2.5953984	-0.021622915	0.73054284	0.30990085	-1.6458509	1.2680779	3.4617186	-0.7347077	-0.6710546	-0.58354306
2.834364	-3.5051398	3.7236705	1.5421352	-5.379868	-5.4182568	-1.7022446	2.5860393	1.4930269	-0.078283094	-1.8731383	2.5194354	0.62716186	0.8048677	-5.689194	0.57012296	6.7307186	-0.802407	-3.141495	-2.8785756
1.6225834	-3.2323344	0.7280767	2.1707501	-2.7550404	-4.1594405	-2.7963388	0.84071136	-0.1851791	-2.5879176	-2.324187	5.141276	-0.7163823	-0.10371061	-4.827819	2.576983	4.567034	-2.5054076	-3.5188851	-2.38261
2.3854914	-3.754778	2.137723	0.49636236	-4.788051	-4.2990413	-2.6790874	0.3203749	1.1911408	-0.5294825	-2.2244642	1.9728912	1.3432133	0.83311814	-5.314999	-0.15372787	4.705671	-1.572667	-1.508127	-2.3775008
3.529473	-2.516642	3.98156	1.6243149	-4.1552563	-3.6916115	-3.526762	2.3355403	1.6838493	-2.4274948	-2.3257554	3.4496214	0.6326789	0.0043088757	-4.4677725	1.7285292	6.909458	-2.3500602	-4.889044	-3.2486975
2.2104483	-1.6969069	1.3710291	0.7388997	-2.257134	-2.2076592	-2.7133284	1.0867449	1.2631946	-2.3452709	-1.6220168	3.1583648	-0.07842338	-0.21239959	-3.0871964	1.4386412	2.9710898	-1.7392954	-3.0177386	-2.2765872
3.2142437	-5.7564735	5.6838446	2.6577532	-6.697522	-8.450333	-4.9016747	2.5198255	2.5889251	-0.22219498	-3.9936407	3.6782386	1.1376065	1.0548618	-8.7865095	3.3273683	11.721283	-4.5788746	-4.861083	-3.4309564
0.34723687	-1.4616104	0.42327324	0.27239642	-2.1288638	-1.1045796	-1.8467286	0.427424	0.5069938	-0.642419	-1.5398333	2.15305	0.97905046	-0.3004628	-0.97945845	0.4779632	2.6234577	-0.88158697	-0.90000415	-1.2413213
0.9230551	-2.5561311	1.9516487	1.3913757	-2.8118389	-3.5608754	-1.4813541	1.8157529	0.33590224	0.30004168	-1.4194658	1.2362891	0.054938607	0.2132105	-3.0649943	2.3714986	4.042895	-1.18501	-2.3476589	-1.1928842
3.438416	-2.9276567	2.2085192	1.6493883	-5.092594	-4.53269	-2.3068016	2.4331195	1.8569977	0.13673456	-1.3031265	2.6329195	-0.73199326	0.13303155	-5.559637	0.7758178	4.869292	-0.7997979	-2.88724	-1.6886661
2.32466	0.08335754	1.1632497	0.76123965	-1.19915	-0.16453563	-1.015049	0.9060561	1.0616301	-1.2313465	-1.3275121	2.2326782	-1.0655898	0.16502668	-1.440944	-0.79639804	1.2025886	-0.44704762	-1.439178	-1.391757
1.6851419	-0.5197579	-0.02541629	-0.043827225	0.382793	-1.629658	0.11531709	0.10665884	0.458952	-1.4879425	0.78174037	1.2222816	-0.12081461	0.28864393	-2.656203	0.1336743	1.7437141	-2.0251749	-0.8269208	-1.1563206
1.9369777	-2.3656697	1.3710092	0.51489234	-2.8655677	-2.2958915	-1.6216207	0.6652986	1.1750305	-1.343891	-2.133374	1.7302161	0.33370855	0.32808998	-4.527041	0.16345835	4.1839924	-2.2206235	-1.1898811	-1.6872997
3.586851	-5.0271215	4.7806053	4.2293334	-5.5240808	-5.1006455	-2.301384	2.5717342	2.7705615	-1.5206536	-3.8806188	2.7340698	-1.6805831	1.0357486	-5.631666	0.25801337	8.719546	-3.2215333	-2.880536	-3.698748
1.1259165	-0.08486231	-0.5489163	0.23233846	-1.3046706	-0.33904865	-0.48964393	0.5866767	0.19810091	0.012956672	-0.6769564	1.2131124	-0.96979237	-0.06886097	-2.2021813	0.0010411044	0.7572323	-0.66629803	-2.0845792	-0.37751958
3.3584912	-1.7533634	3.0890222	1.9505703	-1.6238642	-2.9829168	-1.5599577	0.5418903	-0.31657535	-3.518238	-1.6803039	4.0668516	-1.2070756	-0.39667493	-3.3976376	1.1367522	4.41072	-1.8670665	-3.4911742	-1.7856909
1.9092596	-0.30860668	1.2898895	1.215738	-0.81434155	-1.0850952	-0.41434255	-0.083775185	-0.49729526	-2.5921586	0.65783554	1.52152	-0.98117965	-0.2027049	-0.17467918	-0.6952353	1.0205615	-0.45468643	-0.7014246	-1.2402228
4.2638803	-3.2747884	4.797308	3.81391	-5.727524	-6.850498	-2.5573034	1.8057942	0.9826264	-2.2365472	-1.7187362	4.2603145	-0.63496536	0.8262803	-6.0525126	1.8525797	7.219942	-2.847734	-5.53255	-2.834464
0.680514	-3.0268178	2.0008504	1.3488622	-3.446179	-2.9224958	-2.4462593	0.45384583	1.1115708	0.7665772	-2.7829692	1.7106909	0.9994132	0.1070978	-3.9899619	1.7614741	4.024237	-2.2107818	-2.6183684	-1.0274494
1.6743934	-4.291341	2.0871925	1.0834532	-5.0825515	-3.3460305	-3.351085	1.546153	3.3392153	0.48297527	-3.4942694	1.5273731	-0.21450569	0.5295918	-5.7758613	1.6860584	4.7179456	-2.7849379	-2.6542459	-1.2092927
1.3129185	-1.5254966	1.004423	2.5681648	-3.088311	-2.9165432	-1.2297786	1.6536635	0.41059804	-0.062322244	-2.0833132	2.048822	-0.2352274	0.045801975	-2.4895024	1.5722328	3.638935	-1.3996859	-2.6499283	-1.1007499
2.677834	-1.1550449	2.0153232	0.25719684	-1.693901	-1.652269	-0.22832939	-0.14262418	0.5664929	-2.3142273	0.08797041	1.8205084	-0.97955716	0.12604474	-2.5661647	-0.8098162	3.850976	-0.6670262	-1.6204369	-1.8941288
0.7364627	-1.9681942	1.9384792	0.6645513	-2.8284028	-2.0589895	-1.7960465	0.8887156	1.4169294	0.0553116	-1.0208247	1.5466719	0.87894386	0.055244308	-1.9299654	1.5130222	2.782906	-0.044165246	-0.70307237	-0.7251929
0.32786557	-0.8773892	1.0849758	0.2755252	-2.157483	-1.1095141	-1.1344202	-0.53106236	0.39114115	-0.60965717	-0.69127244	0.2527254	0.5507767	0.51528084	-1.6227057	-0.022919878	2.413598	-0.56076664	-1.0394078	-1.1648234
1.8323236	-2.6004996	2.8746774	2.619367	-4.277598	-4.2229657	-2.4054909	2.5186117	1.4350864	0.688377	-2.2804286	1.762077	1.2735163	0.996594	-4.7185817	2.1128752	6.304104	-2.3491602	-3.4103816	-2.0141647
0.9481606	-4.5460696	3.5671363	2.7803123	-6.8863754	-6.07384	-3.5884135	1.7136205	0.23311743	0.20080882	-4.2501173	2.3008678	0.8033196	1.4358605	-5.8485837	2.5918057	7.481282	-3.2390742	-3.1601372	-2.4116428
1.4538558	-2.941678	3.4221866	2.8537686	-5.7509904	-4.2698064	-3.0728798	0.8331926	-0.33496568	-0.22589706	-3.0679493	1.903901	0.8421758	0.75929636	-5.542474	0.1549327	7.331628	-1.2986997	-2.4797678	-2.3120978
3.0802634	-4.91888	3.946023	4.153046	-7.0577908	-6.1476417	-3.3128088	1.4045035	1.0014744	-1.5591023	-4.8508925	5.8678727	-0.5352753	0.52234256	-7.614244	2.0812538	10.107994	-3.358909	-4.871387	-4.1116805
1.9047798	-2.8960433	1.9477918	0.52448475	-4.2313695	-2.8951406	-1.7462001	1.4256129	1.0504606	-0.03406013	-2.188662	2.0319614	0.16597676	0.1534672	-4.2150307	0.4585079	3.8997667	-1.1110594	-1.4550772	-1.8087841
2.0222027	-2.2543733	2.5608404	3.1047688	-2.030593	-2.4963062	-1.5407314	2.1729412	1.3437132	-2.2073803	-2.2499466	2.3583915	0.28096595	0.8361178	-1.9510608	-0.19501399	4.2409344	-1.0692736	-1.9875145	-3.1978822
2.0963604	-3.288771	2.651249	0.27196148	-2.632226	-3.7485075	-1.8830029	1.0757933	0.61927605	-1.9208229	-0.3811967	2.8926897	-0.39826533	0.009425961	-4.6378856	1.542368	4.720315	-2.0377822	-2.9435854	-2.0916936
3.0122175	-1.3066463	3.2784529	1.0551187	-2.720663	-4.35359	-1.3977282	0.6876552	0.80798966	-2.6981537	-0.05162675	2.2264	-0.8534333	0.5900637	-3.8082955	0.92122006	4.585458	-1.4052514	-2.7263598	-2.3798065
1.2356751	-1.3524472	1.7800981	0.05417869	-2.3056426	-0.96657914	-1.4950299	0.25204787	0.6231163	-1.7574469	-1.629221	1.7494998	0.26923805	-0.14890735	-1.9306523	0.95061976	3.1553893	-1.2188586	-1.6717601	-1.2512805
0.27804697	-2.1537468	0.88715994	0.6805465	-1.8755736	-1.6050248	-1.0586926	0.10543433	0.36221722	-0.42940393	-0.01333487	1.380086	-0.4241204	0.5666566	-2.5131857	1.1321994	2.4095316	-1.0317428	-0.9235383	-0.81325984
1.696643	-2.5311468	0.4636662	-0.25383756	-1.4174291	-2.6286366	-2.5953693	2.4291573	1.7556393	-0.61733806	-1.9509337	2.659614	1.0585768	0.48515162	-4.051318	1.2666855	4.1744466	-1.7545719	-2.6815424	-1.984297
1.6398375	-2.6269817	2.5247884	1.1139369	-2.9785256	-3.4048438	-1.4810783	1.1958051	0.69789016	-0.5457902	-2.0444903	1.2926478	0.2648862	0.63220465	-4.102264	0.41665033	4.5290627	-1.0906314	-2.1269162	-1.8005888
0.20595773	-2.5135005	1.6110923	-0.2381794	-3.5589552	-0.9316043	-2.8937783	2.294945	1.5823516	-1.265123	-4.075496	2.4082606	0.07540764	-0.2505883	-3.5675726	0.4774046	3.7018375	-1.4942796	-2.6326487	-1.970726
3.1874359	-4.5305467	3.7502942	4.0076466	-7.179265	-7.475296	-4.1920495	2.6959448	1.9363736	-0.80963045	-3.0841687	2.8923106	0.8302721	1.4079112	-6.490936	0.80762744	8.606279	-2.8069608	-3.8682399	-3.915305
1.2884809	-2.456248	2.7932444	1.7051142	-3.088106	-2.8133795	-0.9857952	0.20250876	0.42762122	-0.25559577	-1.3599648	2.5380335	-0.282034	0.37384984	-3.9302719	0.6736541	5.23224	-1.3356575	-1.6863393	-1.8338149
0.87114924	-3.1906168	1.4552882	1.3563623	-2.2361748	-1.1076232	-1.2342837	1.0314622	1.1453813	0.19346932	-1.1727351	1.6582794	-0.16328853	0.36439693	-2.093037	0.42156887	3.0248387	-1.6064485	-0.5869093	-1.0045066
1.4756086	-2.4852576	2.5793707	1.3978581	-3.1880975	-2.0929034	-1.1612656	0.34727752	0.078744404	-1.2337786	-0.50157577	3.1672895	-0.7633589	0.60491776	-2.4490807	-0.20562139	4.6229935	-0.83925307	-1.3725468	-1.8610318
2.511909	-1.4652386	2.42807	1.6486223	-0.69157994	-3.053714	-0.061525907	0.15498349	0.37379965	-2.6413615	0.15175934	2.4178288	-1.5864103	0.37367466	-2.6346319	0.35745284	4.297518	-0.77921045	-1.0174223	-2.247972
0.78314924	-3.4504507	1.8457054	1.7221171	-4.0332875	-4.2249384	-3.1852944	1.0534427	1.6104921	0.047422398	-3.5694816	2.7242868	0.64204735	0.6676737	-4.951503	2.0815156	4.728271	-2.9381645	-2.7136867	-1.5638899
0.55945444	-1.3350414	1.2344339	2.0568314	-0.971242	-0.8988278	-0.41625383	0.50118744	0.8685748	-0.07295978	-1.280415	0.08291498	0.18471317	0.20138614	-0.7712839	-0.046072938	1.6108013	-0.917323	-0.82480115	-1.614668
1.9656035	-2.9595969	2.4152598	0.51497024	-4.3258333	-3.929921	-1.8180345	1.5438135	2.4086719	0.6931898	-1.786818	1.9001322	-0.23498392	0.81024593	-5.306284	0.73326737	5.021385	-1.2276322	-2.701735	-1.7356732
1.2454991	-1.6832023	1.2518322	0.30887714	-1.9987609	-1.2524282	-1.1809442	0.8048353	0.194003	0.5317143	-0.69673944	0.6609428	0.47380343	-0.3195255	-1.8133428	0.28878984	2.1411178	0.37156603	-0.6889892	-1.2512746
1.724295	-2.7762928	2.955785	0.76307356	-4.8634024	-2.5949721	-3.1001973	1.5002224	1.9854417	-0.42270672	-2.7468941	2.0990136	1.2740589	0.010875714	-3.5833826	0.64738023	4.387752	-0.3063474	-2.3461199	-1.8927121
2.6947606	-2.082585	2.0590177	1.6858474	-3.5806983	-3.4676745	-2.6670616	2.4803905	1.3645325	-1.4341581	-0.6109927	2.7821927	0.43504694	0.26865107	-3.9825764	1.6006553	4.013163	-1.3734342	-2.8309848	-1.8334261
1.0814459	-1.0079036	1.7705415	-0.73864883	-0.38934907	-0.4708042	-0.41982853	-0.6298629	0.51215196	-1.8043325	-0.5343041	1.4836359	0.41558033	0.14267907	-1.3105512	-0.10559545	2.9038672	-1.155243	-0.8689077	-0.94606555
1.6437324	-1.3837522	0.690138	1.2415689	-3.2653298	-2.7243998	-1.6988878	0.7479321	1.4642426	-0.7690824	-0.95680803	2.1645062	0.11031967	0.13365747	-2.951359	0.9502865	2.4569097	-0.9990094	-2.0274508	-1.3533586
2.125762	-1.3624281	1.3662384	-0.0012869653	-1.3370299	-2.058809	-0.8961401	1.216728	0.31674	-1.1303883	-0.44750744	2.081567	-0.370613	0.37861878	-3.388266	0.71833616	3.8109715	-1.0925409	-1.9356049	-1.377609
-0.20440657	-2.5886896	0.95064795	0.22859128	-2.2231967	-1.5232111	-2.4918618	1.383252	0.40086126	-0.0112916855	-1.8629045	2.1395056	1.5760605	0.055264212	-1.5513153	1.3912617	3.1044476	-1.143423	-1.0287715	-1.248923
0.53516424	-2.0068936	1.8969573	0.80622613	-2.557179	-3.4215212	-1.6193448	0.2623088	0.61457765	-1.3131576	-1.0829684	0.8169114	0.4865634	0.5378119	-2.2288618	1.1186517	3.5833247	-1.3728051	-1.6083047	-1.3293993
2.3598607	-3.5656931	2.4073353	1.0238965	-4.280103	-4.1011844	-2.4340837	0.80182916	1.7787797	-0.55939066	-1.308203	1.9212898	-0.47075588	0.6905887	-5.2032394	1.0081758	5.259498	-2.828601	-2.2976592	-2.0118356
0.8964211	-3.2210562	1.7277572	1.1555523	-2.977724	-3.1316159	-2.09181	-0.2578612	1.0312079	-0.41825837	-2.53046	3.3001218	0.24455944	0.4161733	-2.8908427	0.5629103	3.1213882	-2.182298	-2.0957017	-1.3876327
-0.7131213	-1.3202822	-0.12415406	0.9720832	-1.8779081	-3.1835966	-0.94574004	-1.2117945	-0.3629569	0.24066907	-0.49699545	2.395106	-2.485869	0.54685795	-2.4671867	1.0433952	2.04565	-2.4330394	-0.62982553	0.5684195
1.4740773	-0.9651809	2.3000903	1.4249097	-2.700172	-3.1740758	-1.6059769	0.53339434	-0.2590175	-0.6676703	-0.9148556	0.81460184	1.338737	1.2225052	-3.1157386	0.52349037	4.567684	-1.3739218	-1.25838	-2.231899
1.3896471	-2.594968	2.3747177	0.72285956	-2.5500154	-1.6043166	-1.5259013	1.4657658	1.0957948	-0.49160358	-1.5073065	1.1601217	0.7545344	-0.30572918	-2.3986914	0.52124584	3.6426826	-0.5583037	-1.1313698	-0.9215788
1.1267465	-0.7737103	1.8944627	0.928494	-1.3338546	-0.10658923	-0.5451775	0.024397409	-0.28535777	-1.1855159	-1.6697098	0.708003	0.15180476	0.46326342	-0.66340464	-0.9972046	2.4341166	0.34897244	-0.55392224	-1.2660068
0.99450517	-1.6204759	0.12770832	0.20760418	-1.2928714	-1.0217191	-2.365627	0.30497146	0.86866647	-1.127057	-1.1613872	2.195009	-0.07424201	-0.07133538	-2.8183575	1.242977	2.2317474	-1.6496631	-1.9619617	-1.2622206
3.2706997	-1.0973107	1.8043144	1.3171302	-2.4962587	-1.2146237	-0.77504814	0.74709094	0.3130991	-1.8711133	-0.023676546	1.0876305	0.08997869	0.48667553	-2.1540112	-1.1811801	2.5213118	0.3943703	-1.0848329	-1.8750366
1.0874282	-2.7782316	2.4458163	1.6851631	-4.0485687	-3.3872266	-2.4145374	1.0653446	1.5089093	-0.2616534	-2.1184213	2.4119563	0.2829768	0.10917282	-3.4922214	1.2214239	3.6194587	-1.0428635	-1.4729116	-2.0423734
1.8695254	-1.8392088	-0.24413295	1.0008118	-2.9871137	-0.86939853	-2.314786	1.0258833	-0.6131477	-1.309881	-2.1313722	3.011048	-0.5595367	-0.20512827	-3.2793527	1.1449122	3.5377746	-1.4156685	-2.3067195	-1.2585565
0.6763627	-2.2271204	0.89856905	1.7648064	-2.1239913	-3.2367074	-1.4891125	-0.09739196	0.89678174	-1.0955142	0.8954745	1.3813916	0.70230913	0.37970138	-1.8397127	1.5070168	3.2157223	-1.506101	-0.81339765	-0.9783206
2.6606462	-1.6372524	2.4367566	0.79558635	-3.8728313	-1.8835174	-1.8400522	0.94560283	1.0584917	-2.1183681	-1.5252117	1.9535141	0.21572489	-0.21509755	-2.1560807	-0.4448481	3.921928	-0.7407832	-1.8909311	-2.0596025
0.6645957	-1.1305892	0.8654466	0.49718216	-0.32934514	0.17599805	-0.96289164	-0.52753294	-0.17539458	-1.9065583	-0.6484719	1.9568641	-0.7747403	-0.3287672	-0.46580446	0.3512877	0.19354855	0.503833	-0.39135048	-1.2504973
1.2280145	-1.3188757	0.35184577	1.0181539	-1.4206771	-1.8780534	-0.32418415	0.93655443	0.46653315	-0.22950806	0.21020946	1.760878	-1.1128691	0.55309784	-2.8440309	-0.012409256	2.924436	-1.0982337	-0.9628069	-1.4149579
2.1031156	-2.1968977	1.6846017	1.0173322	-2.828278	-1.680777	-2.766397	1.4723256	1.7105429	-0.8544797	-2.987939	2.985386	0.122413486	0.29631764	-4.725149	1.5968465	4.28597	-2.4621735	-3.8729095	-1.7873088
1.5638789	-1.1526463	1.6630329	0.7144661	-2.4720054	-1.6503801	-0.6477189	0.8468256	0.6634734	-1.3246269	-0.749849	0.6516054	0.4317924	0.57682264	-2.1618178	-0.27270633	3.4087484	-0.28945786	-1.4942023	-1.8161033
1.7078283	-3.0787745	3.0187862	1.6748726	-3.3113496	-3.8303165	-3.0319993	2.062131	2.3242195	-0.19455233	-1.8407017	2.419904	1.5855653	0.3320944	-4.2340674	2.533283	5.9914207	-3.0186331	-2.2694464	-2.0608375
2.023779	-4.4271045	2.8228343	1.5854965	-4.830255	-7.0844126	-3.212158	1.4249883	1.8757501	-0.57379365	-1.2104434	3.1702254	0.31901583	1.2786396	-7.3305264	2.9255657	7.7012343	-3.7578766	-4.243474	-2.355524
2.3146734	-2.352923	2.5247066	1.612233	-2.7906847	-3.3509486	-1.4781865	0.86666673	0.05879028	-2.1929588	-1.1016685	2.7065616	-1.9880598	0.38742188	-3.5147746	0.02356491	4.8079915	-2.1216018	-2.0029511	-2.021931
2.2424765	-1.3494873	1.8169593	0.74374956	-2.9532833	-1.7374225	-1.302463	0.37404653	0.5765637	-1.8263124	-1.3983322	1.8197178	-0.59578973	0.95863867	-3.6939576	-0.29042187	4.0337815	-0.7170679	-1.8870203	-1.911323
1.0831445	-0.58344454	1.0575329	0.9264283	-2.32849	-1.4694824	-0.3929804	0.9296313	-0.34186924	-0.1853467	0.6802009	0.62894803	-0.81241345	0.13458557	-2.0180557	0.32007927	2.0946627	-0.1841364	-1.3276935	-0.13114111
0.17521478	-1.8509028	0.7884125	1.113321	-3.1816015	-1.8464118	-1.8644634	1.2636136	1.8019912	-0.53850436	-1.5202098	0.38546643	0.42741877	0.8100597	-2.2544956	1.1449237	2.6625795	-0.9259294	-2.1998334	-0.9786884
1.0574827	-1.14647	0.45557475	2.2197104	-2.6082642	-2.6664703	-1.8280555	1.0847608	0.36606222	-0.39484635	-2.0445344	2.4510264	-0.21580893	0.45879364	-3.351209	-0.78521717	3.5181015	-0.95350003	-1.5137243	-1.7192905
3.6612034	-4.7832947	4.0171957	3.9481752	-7.7266917	-6.559169	-4.2515507	2.901467	3.1493921	-0.94974965	-4.5987964	3.8964605	0.43022096	1.015607	-7.917381	1.4755785	9.171304	-3.3878696	-4.902057	-3.5459907
1.5268798	-1.5170563	2.027781	1.4326822	-2.9424093	-2.6738749	-2.217323	1.278075	1.3296927	-1.3477374	-1.0737128	0.7427222	0.1856481	0.2607147	-2.6443138	0.6445882	1.863761	-0.69971585	-2.774757	-1.8012242
-0.5124214	-1.0282418	1.2759969	2.3576279	-0.6833439	-2.6178303	-1.1982868	-0.007226166	-0.19968735	-0.028131492	-1.0674211	0.51640666	-0.23441744	0.11468242	-0.901171	1.6517211	1.9758592	-1.2123772	0.8959974	-0.17222
0.7495388	-2.0385585	1.4251312	-0.38042504	-1.6230886	-1.9401073	-0.04661901	-0.3434103	0.4878737	0.11237995	-0.126861	0.6930151	0.007162428	0.8181084	-3.7510452	0.31917146	2.6820104	-1.6383564	-0.7779453	-0.71320546
5.134904	-4.5841174	3.4841642	3.9728477	-6.621302	-8.4991455	-2.997725	2.3736749	-0.034800943	-3.2973735	-3.0316844	7.3405237	-0.80593115	-0.3937914	-7.277986	2.328078	8.640816	-2.805229	-7.0341196	-4.18469
1.4903668	-1.1872438	1.0432813	1.7172492	-1.8976071	-1.5018911	-0.64521784	-0.3285059	-1.1172271	-1.5962638	-0.5409516	0.7403267	-0.45913	0.8420425	-1.7598072	-1.8098677	3.8333406	-0.552356	-0.31624487	-1.4439917
0.83129466	-0.81075305	0.77028644	0.7174236	-0.14048564	-0.5862795	-1.0718861	-0.12684155	0.39506778	-1.1229423	-1.0113207	2.2368655	-0.110628895	-0.4524554	-1.1549996	0.69618	1.1571479	-1.668256	-1.541067	-0.7230965
1.1286416	-3.1132634	3.1669323	2.3815124	-5.138069	-3.9613137	-2.8532674	0.69927746	1.5402461	0.5159019	-2.4951952	1.0741549	0.35309932	0.7783854	-4.090302	0.4058457	5.2268295	-1.1721312	-1.8111541	-1.4278777
2.1026466	-4.0705447	4.053692	2.7733386	-7.8638234	-6.3633986	-4.6124697	1.5368528	3.2471774	-0.19622718	-4.267348	4.637549	0.7773509	1.0837708	-7.3665657	1.9140108	8.515249	-2.3384583	-4.187971	-3.9444206
0.7378755	-3.6712205	1.6175188	-0.65533286	-3.1044602	-1.844994	-2.0049958	2.1763167	2.020797	0.99866515	-2.4600413	1.6923406	1.1392916	-0.43364567	-3.367284	1.7350368	4.3387527	-1.5101159	-1.5234145	-0.63260895
1.4008195	-2.9671733	1.1868534	2.8943827	-4.5032587	-3.5355802	-3.7722957	2.4211936	1.4035501	-0.55224526	-3.7650461	3.079724	1.6851441	0.50546944	-5.1866264	1.2865206	4.825777	-1.7089008	-3.3389444	-2.6472242
1.6238556	-3.5258381	2.3915887	1.3211175	-3.8134887	-3.3961751	-1.6095722	1.4343342	1.0819542	-0.084924236	-2.1224258	1.2472489	0.47481832	0.9287516	-4.657866	1.0660226	6.028986	-2.160964	-1.6445264	-1.9140266
1.230296	-2.232849	2.2929797	1.0636576	-2.827647	-3.0207765	-1.9402777	1.3748982	0.77824396	-0.2082387	-1.8808397	2.1505148	1.1577386	0.14606394	-3.469683	1.7211908	3.8617027	-1.4537064	-2.0500896	-1.0320655
2.9978063	-3.6875436	3.5325327	1.8125412	-4.0622773	-5.5556884	-2.8258357	0.5176993	1.255434	-2.6716316	-0.4155935	4.1186166	0.1615611	0.12240691	-5.9356213	2.4516177	7.2590938	-2.4980412	-2.693841	-2.9523554
0.23350571	-2.3779342	1.8937143	2.0513368	-3.6235583	-4.012197	-2.095981	0.2508474	0.9640769	0.37173042	-0.27230102	1.9607687	0.19809154	0.5295381	-2.5735126	1.3897685	3.2156312	-1.1773505	-0.5233627	-1.9357672
5.227836	-1.76824	3.9559765	3.7586277	-1.8813375	-6.0131598	-1.4101692	2.3015826	-1.3163065	-4.2698164	-0.47694045	4.8707986	-1.2209207	0.50843585	-5.3036175	1.3552301	8.772411	-2.5871658	-3.7092094	-3.9495316
1.6823027	-1.9266717	0.8592689	-0.30745444	-1.6415983	-2.1322017	-1.3911806	0.51070964	1.2151955	0.0057603614	-0.5801024	0.9530072	0.20680034	0.41003168	-2.996124	0.57938594	2.5440414	-1.635721	-1.5422934	-0.95585394
1.6450813	-1.4664165	1.9128283	0.74424446	-1.8519429	-1.9125959	-1.9009472	1.7699509	1.2104986	-0.64262843	-1.2161027	1.8609568	-0.16338968	0.07580297	-3.113781	1.4151211	3.7360249	-2.2025177	-1.7185214	-1.2626966
1.5258996	-1.3470008	0.7559993	1.602362	-2.1001947	-1.7859498	-1.7240573	-0.25289968	-1.4262574	-2.0072901	-1.6327842	3.2633843	-0.4181362	-0.37010643	-2.7266684	0.46060634	3.2747228	-0.8289323	-1.5550221	-1.4130982
1.7468364	-3.0116568	3.5356507	1.240328	-3.197132	-4.524033	-2.2518537	3.012999	1.8774558	-0.04922061	-2.346943	1.9267144	0.8193571	1.3124548	-5.708869	2.631462	6.7753053	-3.0019038	-3.1143212	-1.7579601
0.30391282	-2.3610864	1.4010268	0.27601454	-3.4259758	-3.3455405	-2.4302168	1.1426277	0.7632775	0.042232145	-1.876036	2.0461206	0.44660738	0.24407943	-3.4787126	1.5850025	2.907334	-1.2386793	-2.239196	-0.85718834
2.6398852	-1.7894764	2.5925775	0.7515768	-1.8643035	-3.1692402	-1.0867981	1.8418638	0.6719104	-2.1941721	-1.254298	2.291919	0.41882777	0.29211834	-2.7746913	0.8773855	4.117561	-1.7071804	-2.6226828	-2.4085522
1.3009508	-2.8247516	3.5172346	4.147918	-3.5006635	-3.31482	-3.3739045	1.6228039	2.2416759	-0.61530775	-3.5513585	2.848011	-1.8562672	-0.23184904	-2.3969333	1.2477012	3.5639625	-2.1299746	-2.2061698	-1.9185302
1.821372	-1.796115	1.008461	1.8102609	-3.1040154	-2.730436	-2.5486178	0.67639804	0.47428986	-1.1199543	-3.2227457	3.4572864	-0.33836758	0.2699305	-3.5282996	0.56414664	4.2862406	-1.4789288	-1.5355316	-1.7524234
3.2209833	-1.6381991	1.3907843	1.7584009	-2.6323543	-3.6390705	-1.5945548	2.4072006	0.7620477	-0.57788193	-1.5361552	2.9533725	-0.9860085	0.35610834	-4.8654757	0.78515404	5.3299847	-2.3469274	-2.9559588	-1.7340817
2.914802	-3.2914593	1.5309236	2.267808	-4.821297	-4.1633186	-1.8439094	2.1235785	0.33361882	-0.5572677	-3.4227445	3.96012	0.29841265	0.4745011	-5.0456142	0.3403509	5.854523	-1.6603434	-2.7739666	-2.139448
2.2441757	-1.1317958	2.3368704	0.6252738	-1.6423432	-0.64410603	-1.3680501	0.053192176	0.15269533	-2.0497963	-0.5988369	1.4865617	0.32821023	0.15718459	-1.6676451	-0.57255995	3.1929343	-0.4341021	-0.89103985	-1.8180655
1.6239047	-2.3713148	1.1872244	0.26171136	-2.6570394	-2.5064154	-1.9643105	1.2237122	1.6661875	-0.33807412	-2.723799	2.2602882	0.52571154	-0.25408685	-3.9299479	1.3752937	2.8100874	-1.9070687	-2.7743907	-1.7117876
0.96681696	-2.4721014	1.7424879	0.50595254	-3.489323	-0.9913884	-2.5100305	-0.5146437	1.0281352	-1.8159331	-2.9158368	3.0541751	-0.52439755	-0.31364432	-2.9886818	0.1820977	3.7811592	-1.4005768	-2.2527208	-2.1142085
1.0371348	-1.1150194	1.7005333	1.3457553	-2.1053522	-0.5930224	-1.2660824	-0.36052048	0.51066893	-0.7655311	-0.99979573	0.8805258	-0.1516757	-0.19559146	-1.246664	-0.6892998	1.9867898	-0.041223537	-0.5594555	-1.0079548
1.2529467	-0.6141318	0.3375245	0.96597624	-1.4333593	-1.8906229	-1.6387947	0.35867292	0.37815425	-0.75195295	-0.74670464	2.065368	0.108000465	-0.15964042	-2.0837638	0.84944886	2.1430466	-0.73946166	-1.8662219	-1.2879268
-0.4942166	-3.6354012	0.6523908	0.24700923	-3.7976542	-4.4911337	-2.53492	-0.057158016	0.7926755	0.9161551	-1.1396735	0.9082	0.9109848	0.41094673	-4.3469796	1.8495322	3.9193115	-2.1680756	-1.6486567	-0.41940883
3.0338006	-3.5571642	3.3433943	4.2209415	-5.355028	-6.4821887	-3.0227008	1.7975501	0.23241904	-1.9159635	-2.8581963	5.3480206	-0.9161223	0.23447381	-5.822528	1.3873321	7.90016	-2.456747	-3.5844285	-3.369061
1.1590619	-1.6650482	1.026722	0.89840084	-1.8830011	-2.5499084	-0.8572349	1.1768688	-0.06523088	0.63191885	-1.7887439	1.0710093	-0.8849058	0.4363728	-3.3052394	0.058647066	2.9723892	-0.8259985	-1.1041287	-0.7570472
-1.7045076	2.302734	-1.0913614	-1.7466619	-1.7765641	4.740786	-1.20645	0.65715003	-2.083469	-3.3500001	-0.72168195	-0.046755325	0.0053833164	-2.003328	3.2837431	-1.7156711	-3.4855866	2.8468242	1.469618	-0.5239877
1.0926108	-2.0141497	1.6758101	1.7200392	-2.7950342	-3.3664918	-1.4269688	1.0350552	0.7809873	-0.0679167	-1.1114022	1.2424891	0.3782942	0.15985419	-2.4710138	0.5445505	3.022354	-1.2076843	-1.3575313	-1.6899935
1.2293411	-1.3808521	0.6135617	1.2991202	-1.5754073	-2.519431	-1.0820318	0.50861216	-0.29934958	0.49621174	-1.535559	2.7261448	-2.0437367	-0.03292219	-4.3622737	1.0843587	3.4124875	-1.5159059	-1.7496192	-0.45373565
1.3310121	-2.0057232	1.1458427	1.1571988	-2.9356682	-3.1754227	-1.2990496	1.3815774	1.8176101	0.27758336	-1.0854496	1.6775583	0.05882372	0.397793	-3.6456285	1.4684103	3.531173	-1.7729707	-1.9325824	-0.9351087
1.2453737	-3.3625324	1.2766166	1.066696	-3.7702162	-3.327906	-2.0380952	0.92961216	1.5733038	0.6360847	-2.1073139	0.8863052	-0.4707284	1.0685015	-4.788754	0.4422847	3.7317455	-2.6598644	-1.5124416	-1.2564921
0.47711468	-1.1876276	1.1287129	-0.41267866	-1.8158848	-0.6281116	-1.0110283	1.0188644	1.653986	0.10141531	-1.9293541	0.9302801	0.17354183	-0.48061025	-1.4529521	0.35382348	2.0937386	-0.3467381	-1.6116302	-0.3558507
0.5372878	-2.29583	-0.041917007	0.7772314	-2.1884375	-1.1328756	-1.0238007	1.4905185	0.4682063	-0.28811613	-1.727944	1.9007604	0.3044183	0.4473498	-2.8037102	1.07579	2.9676292	-1.3024005	-2.0935504	-0.78929245
0.81390435	-1.1979941	1.5596311	1.2565188	-2.4068387	-1.0300032	-1.142724	-0.42930132	-0.13905695	-0.9804691	-0.57732743	0.6127254	-0.6893647	-0.018055666	-1.6006334	-0.8485285	2.3041754	-0.3793082	-0.3386744	-0.83381283
0.45542568	-2.3733258	1.5730566	1.4532044	-3.7481065	-3.260102	-3.5675364	0.65569097	0.20913282	-0.73252493	-1.8579223	3.3919654	0.7929551	-0.2129131	-2.3684404	2.124295	2.432015	-2.052523	-2.0999465	-1.716522
0.15413295	-3.9901614	1.7218663	2.703472	-4.5506763	-4.0416875	-2.653902	2.5553138	1.6526628	1.551116	-2.861818	0.16911721	0.34861013	0.9034784	-3.3514237	2.3843024	4.896758	-2.3669963	-2.9539053	-0.9240238
2.8447347	-3.7443504	3.9665313	2.1199718	-4.1923394	-5.225433	-2.3797073	2.020118	0.73409563	-1.9076586	-1.9514129	3.4561553	0.25132287	1.0668378	-6.444751	3.1665823	8.266197	-3.995214	-4.3463597	-2.5235598
1.5735184	-1.3892486	2.2457764	-0.15489972	-3.2409961	-2.3328304	-1.1719335	0.2053085	0.6922304	-0.82614166	-1.4956259	0.9120082	0.44122225	0.3229667	-3.7758992	0.10477483	3.007875	-0.5092402	-2.0921385	-0.9912025
1.9628369	-2.2109928	0.8034162	0.9223001	-1.9626114	-1.5346786	-1.0106921	1.6362481	0.86545545	-0.70638025	-0.73214656	1.394831	-0.042166322	0.16232614	-2.899273	0.87016463	3.2914658	-1.479289	-1.9626615	-1.1891056
3.1226456	-2.4994807	2.750635	2.3636506	-3.8352869	-4.2246156	-1.7798645	1.2460058	0.81210726	-2.1672401	-1.3788059	3.0359006	-1.2072648	0.46280497	-4.7248206	0.8749028	5.982152	-1.4175282	-2.8298607	-2.3757591
0.275244	-1.5302641	2.0204391	2.3047986	-3.304807	-1.5916095	-1.9429309	0.01811011	-0.00068336853	-1.1001672	-1.5781392	0.3062161	-0.5842389	0.24360745	-1.0794438	-0.34582385	2.580995	-0.5908633	-0.370317	-0.9243851
3.8674138	-3.3408122	3.3640137	4.715707	-5.3536882	-6.7740293	-3.6200926	2.790699	-0.018302957	-2.851088	-3.4302168	6.559446	0.15660265	0.7776748	-6.648705	2.0182061	9.2253	-3.2587523	-6.2189713	-4.310848
1.397234	-2.4044046	2.2274766	0.9491711	-1.6314949	-2.547366	-1.7140088	1.593561	1.1776367	-0.83559114	-2.843621	1.8518744	0.33570364	0.6134192	-3.4239814	0.88460296	4.143105	-1.9397994	-3.0383496	-1.1012754
1.711096	-2.3704915	3.1536674	0.72919744	-3.7068224	-3.3357232	-1.774122	1.4456482	1.0955088	-1.1719005	-1.9036846	2.42462	0.4461931	0.5736988	-4.0931587	0.9542681	5.155681	-1.6021414	-2.048312	-2.167477
5.535315	-5.0328403	4.803332	1.8805517	-8.700078	-7.2517004	-4.907875	3.0916708	3.5576692	-1.3042945	-5.353643	5.587714	0.49561697	0.1427222	-10.476076	2.3529873	10.007883	-3.2542598	-6.983179	-3.7618504
2.1891444	-1.563949	1.0811688	1.5702342	-3.7869108	-2.570861	-0.8518119	0.53158337	0.052760907	-0.76534975	-0.051461414	2.2240841	-0.5316825	0.58787966	-3.886834	-0.55037963	4.1752024	-1.1488409	-1.8814936	-2.5964174
1.0554429	-2.434744	2.1377342	1.6969367	-2.4068866	-2.7537146	-1.9371547	1.2814306	1.206326	-0.65459126	-1.6998461	1.6180001	0.2642836	0.39867598	-3.5459697	1.7724199	4.2697186	-2.500162	-2.0366616	-1.6271151
0.48392877	-2.1040938	2.2497227	2.038275	-3.6187155	-3.8675463	-1.5903722	0.64932346	-0.008132123	0.13986202	-1.2593645	0.8399485	0.15889661	0.39141494	-3.0038128	1.0753541	3.7568455	-0.671896	-1.1857762	-1.4746749
3.8762898	-3.161701	3.90318	2.2927647	-3.355263	-3.8894281	-0.85331786	0.7803851	-0.7812535	-2.9127872	-1.1385404	4.765219	-1.8966205	0.2996615	-5.0209966	1.1923844	6.8251586	-2.22548	-3.1136193	-2.9970121
3.1820421	-3.0021875	1.5219427	0.039866235	-4.153366	-2.8305738	-2.5284576	0.5041622	1.4421434	-0.8665911	-1.3099709	3.6382306	-1.440171	-0.17992713	-5.846969	0.41118282	3.8242252	-2.0388327	-2.713939	-1.9064782
2.497695	-4.1466007	2.2724879	2.0487735	-6.595	-6.6041436	-4.270893	1.0074579	-0.2782924	-1.3146003	-2.8756583	4.351073	2.1480756	0.40953362	-5.793544	2.1654618	7.0027885	-2.0622542	-3.4945328	-2.8067033
2.1633399	-3.1718462	2.7705674	0.20851336	-5.154627	-3.4573858	-3.1603951	2.0392218	2.5697558	-0.3778946	-3.1879544	1.2489656	1.5676438	0.41647995	-5.61436	1.3530707	5.4406285	-1.0740716	-2.7728245	-1.6490456
0.45370966	-1.4742744	0.6393883	-0.259374	-2.1077232	-1.5405409	-1.6420269	-0.9546418	0.41490468	-0.8312044	-0.8847767	1.4147692	0.6259538	0.04765929	-2.049726	-0.42143583	1.8240963	-1.0244057	-0.46377692	-1.2473562
2.5162249	-1.9970349	1.7964958	1.0964135	-3.3586402	-3.6620016	-1.0853323	0.8966743	0.8089929	-0.6899507	-0.7042244	1.759688	0.25475517	0.8564061	-4.2364883	0.70398146	4.700575	-1.8551587	-2.2149093	-1.9920636
1.6001792	-0.9237751	2.3751252	0.3369165	-2.7365923	-2.4921947	-1.7356727	0.6913497	1.1091385	-1.516348	0.2821605	0.87700653	-0.2595347	-0.08271005	-1.9609456	0.17099229	2.4721663	-0.9313948	-1.9232794	-1.6466595
-3.798999	3.7084894	-1.259082	-1.9039373	-4.396692	5.3665304	-2.6249225	1.6290765	-2.7986026	-4.4868555	-2.9562042	-0.2741688	-0.26311198	-2.3357189	3.483642	-3.7835495	-3.1078908	3.1552024	1.2372026	-0.89142644
2.223247	-2.6034904	2.169336	0.94844186	-3.5814006	-3.4061477	-2.86608	2.2552269	2.2609453	-0.1909378	-1.5492407	3.3402643	1.0809802	-0.017368268	-4.0580606	1.8619958	3.8811748	-1.3996012	-2.297869	-2.0226593
1.1764914	-1.7464508	1.9777163	0.82550335	-1.8846531	-2.5247755	-2.5042856	0.37708047	0.31954408	-1.835806	-2.0733328	1.9002441	-0.22413146	0.11829935	-3.6471481	0.9359241	3.5378246	-2.3228834	-3.2986171	-1.1704154
0.98843503	-1.9171119	1.5971177	2.4604638	-3.847832	-2.494202	-1.6969624	1.8354238	0.2585917	1.2457795	-1.2264463	1.4854335	0.7932172	0.61628455	-3.3381574	0.4944214	4.2692275	-0.846858	-1.9169436	-1.2603621
1.3179549	-2.0864758	1.5881592	2.2828178	-4.12652	-3.998357	-3.6646993	0.22971144	-0.02241125	-1.7255939	-2.181651	3.8273451	0.429473	0.2581359	-4.2389536	1.7422801	4.2402844	-2.4758554	-2.820395	-2.4797595
1.2817377	-1.7457303	1.8526133	1.0856643	-3.438831	-2.2356336	-1.3436872	0.26474723	0.2776563	-0.8759892	-1.4325159	1.3174051	0.17271864	0.47616455	-3.5081367	-0.12370374	4.518212	-0.5708217	-1.266196	-1.2445931
1.8056426	-2.593621	2.1742723	0.23916773	-2.44315	-3.0780582	-0.8217003	0.5615881	0.7115383	-0.6423854	0.17880984	1.9310784	-0.509493	0.2799084	-3.911576	1.0037016	3.5523133	-1.6409398	-1.4692069	-1.6123405
1.214419	-2.6637974	1.7220001	0.45164278	-3.886416	-2.7833457	-2.6311476	0.96094	1.2821841	-0.0960908	-3.192401	2.200962	1.5272434	0.78374285	-4.6003485	1.0484844	4.171516	-1.5592378	-2.130673	-1.7304192
1.9855846	-3.16965	2.3438654	1.1220846	-3.8353255	-2.7268705	-2.4933636	-0.12562042	1.0074027	-1.9423988	-2.801929	2.7272875	-0.52961224	0.9223401	-4.7783504	0.8514637	5.395125	-2.7096803	-2.639064	-1.8638524
2.3930922	-2.38999	1.0103437	1.6206456	-3.0731287	-3.7005296	-1.0882158	0.7640825	-0.5239472	-0.5830969	-1.4657353	3.1368709	-0.8741871	-0.10120429	-4.049903	1.0567726	4.7470512	-2.0137396	-2.340997	-1.1853453
0.809126	-1.935251	0.5053433	0.7853071	-2.4532402	-1.6665257	-1.2685747	1.4368649	0.1828181	0.5966625	-1.682518	2.033281	-0.4157084	0.18794136	-3.1777775	0.3931063	3.1768286	-1.2084792	-1.6170189	-1.1831987
1.3064864	-0.78369445	2.0443172	0.109096974	-0.72411394	-0.57346034	-1.2145817	-0.20140353	1.3137293	-1.8707652	-1.1797079	0.92555344	-0.5788372	0.17730585	-2.1170256	0.21847123	2.8632827	-1.1039107	-1.3263441	-1.2928784
1.574001	-1.00607	0.8033098	0.52365184	-1.566569	-0.95301074	-0.64113724	0.6403563	1.1613575	-0.69046605	-0.89372146	2.18991	0.18140905	0.29295275	-2.8032825	0.14374466	1.9666692	-0.9186641	-1.0362034	-1.8378137
1.6979698	-2.3575366	2.2808158	1.3077965	-2.9444673	-3.177738	-2.3026917	0.8301521	1.6684263	-1.3379661	-1.3752645	2.677238	-0.11170588	0.55452836	-3.862716	1.1557988	3.6794746	-1.785747	-2.3414133	-2.6231146
3.8075264	-0.73877656	1.926848	2.5490181	-3.9468417	-4.3057027	-2.0329022	0.10529333	-1.5732355	-5.120086	0.0072450163	6.268126	-1.4003112	-0.8017252	-3.5000565	-0.7079766	3.376995	-1.4465908	-2.9929814	-3.3246007
1.0198247	-0.98038965	1.4322914	1.9824469	-2.2216816	-1.7698416	-1.5769615	1.0118123	-0.18127806	-0.695143	-1.2873772	1.5702257	0.08946146	-0.42209265	-1.1864202	1.0795525	2.9046924	-0.8817305	-2.0386577	-0.9908398
4.779103	-5.353303	6.1565948	5.903558	-6.271261	-7.7031717	-2.370551	0.61296487	1.0529156	-3.6186385	-0.7718908	3.699794	-2.1362603	1.6537666	-6.438676	0.032999028	12.324921	-3.7844732	-3.8025	-4.597865
0.078884676	-3.1442535	1.6274345	0.3008433	-3.2563794	-0.78658056	-2.0851228	-0.34999582	0.50230753	0.08428108	-1.9302092	0.9706486	0.18689588	0.49452317	-2.150651	0.1736509	1.3984274	-0.45020074	0.9100952	-0.23128867
2.0077329	-4.297303	2.8162086	3.0896542	-4.804055	-6.27467	-3.8423862	3.333606	3.2403288	0.6349202	-2.8912482	3.205007	0.47068578	0.6748285	-6.58906	2.7213876	6.523089	-3.5568638	-3.8516712	-2.2265291
1.8365759	-1.8111778	1.8161138	0.3578023	-2.9776368	-2.766611	-0.82798684	0.80403656	0.31853008	-0.2169501	-1.4331188	1.8380483	0.26496467	0.46892163	-3.979141	0.36659452	5.0741854	-0.74252546	-1.2917248	-1.7464046
0.9490908	-4.6207905	1.9634714	1.329017	-3.8989758	-4.6845393	-3.2399592	1.2536278	1.9177413	-0.1552401	-3.06866	3.6297297	0.9884879	0.75856465	-5.4735107	2.8455606	4.7209034	-3.12694	-3.1022735	-2.2359173
-0.59847736	-0.79006326	0.13076167	1.0145522	-1.6229982	-2.290342	-0.5999495	-0.11251337	-0.42840567	-0.23606697	0.8828535	1.51543	-0.86325955	0.07001108	-1.2759666	-0.23333496	1.4289007	-0.5368158	0.09128364	-1.13456
1.5761675	-6.7254214	4.6880565	3.245686	-11.254184	-7.1248126	-7.2242594	4.155069	5.1845956	1.398687	-8.818948	3.8351417	2.379713	0.3946567	-9.980691	2.828267	8.547265	-2.7007852	-6.8459234	-3.2748554
5.5349493	-6.6974583	8.501245	7.2839823	-10.079737	-10.764821	-6.0313735	2.5792904	-0.957768	-5.656028	-4.6783514	9.296686	-0.4655312	0.14187425	-8.228366	3.8275187	13.614493	-4.0483046	-7.514926	-6.0458465
3.202585	-4.574788	4.7365584	2.4265335	-6.2998304	-5.497384	-3.7268963	2.9453692	2.6841285	-1.1918902	-2.480746	3.5602446	0.5603385	0.40083688	-5.208949	2.0746875	7.590281	-1.8998563	-4.600251	-2.9865599
3.621875	-4.8889737	3.5840702	4.0160184	-7.7389073	-7.371732	-5.148694	3.1924324	1.826941	-0.86394286	-5.2114024	5.075216	2.08693	1.2344515	-7.7613792	2.1028807	8.914065	-2.1900651	-5.1220055	-4.0193596
0.8447903	-1.0182519	2.4273283	-0.19240186	-3.0747604	-1.4908018	-1.6654986	0.52805907	1.8497876	-1.1563232	-1.1774879	0.76650673	0.34225476	0.5406817	-2.2136405	0.11167717	2.692205	0.3005145	-1.3649869	-1.1231334
0.5467617	-3.8534691	0.6261202	5.441763e-05	-3.5273535	-4.038015	-3.7367592	1.2279952	1.442463	0.7259844	-4.368038	3.9460874	1.2474319	0.34676856	-5.276504	2.6400378	3.0414305	-2.4385853	-3.5018423	-1.0498612
4.5159926	-3.2006717	3.7046149	2.7511842	-5.868081	-5.400606	-3.8051274	3.7010777	0.61683565	-2.3392444	-4.6981907	5.4860487	0.29574594	0.28735012	-6.7666793	3.0482304	8.910902	-3.1493816	-6.533851	-3.1535184
3.2244933	-1.3401302	1.7096195	1.8840897	-2.9120677	-1.9924107	-1.6277965	1.6642169	0.6572101	-2.1568227	-1.2331071	3.249208	-0.8087224	-0.08375238	-3.36717	0.33768815	3.4970472	-0.77351874	-2.4049406	-2.0489976
1.9223402	-2.60542	2.4423265	2.2949407	-3.56928	-1.3971759	-1.7729669	1.2272662	1.8666638	-0.5909048	-2.134704	1.7618641	-1.4772656	0.16515179	-2.6155894	-0.1283834	3.1260326	-1.5093888	-2.0551393	-1.3628844
3.1036017	-3.4086165	3.031332	2.047996	-6.0294123	-5.8846865	-3.6397293	2.123722	1.661355	-1.0121309	-3.1799145	3.7687583	0.92117244	0.8285103	-5.90064	1.6594933	6.522591	-2.2897694	-3.5761757	-3.5924263
2.5594766	-3.9567294	3.5747275	2.961005	-6.01365	-5.172444	-3.510929	2.5496407	1.5101458	-0.40014905	-3.9244423	3.4588697	0.017024526	0.3738998	-5.4137993	1.2857481	7.736423	-2.9976907	-3.789296	-2.8467126
1.9743063	-1.7517065	1.2956045	2.0853176	-4.1956296	-2.7831705	-1.0354024	2.222635	1.9492619	0.90675145	-0.5946066	1.6539775	-1.2853892	0.44843358	-4.1149116	0.48942247	3.858835	-0.89309096	-2.2964585	-1.2282861
2.0988073	-1.4827099	1.1239914	0.084447786	-2.0079727	-0.7122383	-1.0558144	0.034564	0.53806496	-1.9776686	0.53367597	0.96067035	1.1053991	0.07082016	-2.2936103	-0.28434446	2.92811	0.37037838	-0.19681747	-1.2762724
1.5683998	-3.4067705	2.5682151	1.988006	-5.562583	-5.7791133	-3.1234717	2.3833654	1.4356942	1.1670324	-2.810562	2.6130946	0.76561785	0.6353757	-6.0614233	3.3771017	6.8896995	-3.2043936	-3.6642447	-1.4998287
1.5524702	-1.6845571	1.7696383	2.5223875	-1.5148098	-3.775763	-2.0644515	2.0991218	-0.3858846	-1.3405623	-0.27771032	1.9953821	0.74320847	0.03238736	-1.5078038	1.4683686	3.470439	-1.8295829	-2.0025415	-1.9933764
0.8493768	-2.2509322	1.6435952	1.3286486	-1.4058651	-3.1892433	-1.137289	-0.006612789	0.21847366	-1.2314451	-0.37376133	2.1641107	0.04467137	0.36869502	-2.2738433	1.7909477	3.7559762	-1.8215754	-1.8509216	-1.5994793
2.2443073	-1.3919244	3.3235435	2.8575637	-3.42645	-3.1711342	-0.62624854	1.043769	-0.775589	-2.4871738	-1.4533879	3.266813	-0.768172	0.71606845	-2.9237292	0.058333084	5.6068215	-1.9691836	-2.9633396	-2.6778305
2.6451488	-1.9807339	4.16349	3.1224794	-3.1545014	-4.735711	-1.6351193	1.3013647	-0.59766096	-2.2329915	0.3376794	2.3077672	0.7095966	0.5726543	-2.7221766	1.2152529	7.0343347	-1.924639	-2.2063289	-2.9402936
0.85068536	-0.9162016	1.7097132	1.6537395	-1.7368582	-1.3036805	-0.8878344	0.7133759	0.6063968	-0.72796994	-2.2583354	1.3151875	0.052345335	0.49669075	-1.9972197	-0.041123383	2.446516	-0.56387526	-0.96771955	-1.4804834
2.0408525	-3.9636211	3.644041	1.6300135	-5.4214473	-4.5311604	-3.8860297	2.0400946	2.5366611	-0.7023688	-2.9955194	2.6455042	1.3161674	0.7667492	-5.3555937	2.441296	7.016413	-2.668391	-4.0342455	-2.433187
-5.681778	6.4725223	-4.6527615	-3.398942	-5.023108	8.170271	-3.1759248	2.1742902	-5.2682624	-6.979733	-3.925459	-0.934967	1.052851	-4.352459	6.3790464	-4.367701	-6.1637015	4.699222	3.4680529	-0.49933502
0.49880186	-1.961478	0.3615797	0.47785655	-2.0117092	-0.6785605	-1.4044274	0.6545619	0.12748164	0.45674536	-1.4197938	2.064748	0.0914711	0.21600424	-2.701177	0.9745443	3.841775	-1.7459731	-1.0850425	-0.8802211
0.62795186	-1.2670771	1.8265098	-0.1857861	-1.3158116	-0.6920988	-0.40716028	-0.08370864	0.5521726	-1.6200411	-0.6869811	0.69650215	0.25378257	-0.24118575	-1.1788424	-0.63609874	1.848446	0.5264553	0.609965	-1.4459854
2.7460763	-3.051321	2.4742382	2.6999156	-3.1042175	-4.370394	-3.0226789	2.0520318	1.9382918	-1.841124	-1.6168438	4.0755615	1.0172718	0.5471706	-4.676779	1.1613249	6.2198486	-2.5184507	-3.4019349	-3.2951021
0.29635	-0.66697747	0.7871735	0.34229648	-1.6975437	-0.9421048	-1.1071416	-0.19124463	0.013211214	-0.7171026	-1.5394052	2.7632782	-0.5835682	-0.7235499	-0.2882246	0.06639017	1.3111843	-0.27603838	-1.3476087	-0.71275795
1.9804288	-1.8800213	0.87709165	1.4176965	-0.750749	-1.4586221	-1.4553914	-0.48973697	-1.0972267	-2.2518275	-2.3166206	3.8195229	-1.1495547	-0.543023	-2.8304276	0.9025269	3.8876097	-1.3933388	-1.8178427	-0.9824149
1.1805543	-1.7389582	0.8333498	0.108497314	-1.8247614	-2.0890427	-1.4561119	0.027097415	0.094433196	-1.5289645	-0.9353542	1.6942075	0.63934064	0.33831358	-2.8286765	0.6729199	3.1563458	-1.495609	-1.2718594	-1.3518672
1.7033374	-3.2515628	2.791676	1.4632677	-4.9439025	-4.1181393	-2.2710054	1.8442464	1.3019457	-0.15539505	-0.80193424	1.7915876	0.9221807	1.0925423	-4.245173	1.8483855	6.028867	-1.0327643	-2.1341412	-2.3138525
2.910976	-2.5383523	3.6414528	2.4744673	-5.730821	-4.5139756	-1.8928486	1.3890746	1.1856546	-0.929545	-1.3815092	2.1904655	-0.7840491	1.024049	-5.0175257	0.21236913	7.2765617	-0.9053359	-2.1514328	-2.6884015
0.9449656	-3.3194144	1.7818832	0.9406032	-3.9143496	-3.6181102	-2.4771745	1.2725753	2.03819	1.2588211	-1.3238655	1.4356632	1.3279413	0.46702352	-3.3198583	1.2528255	4.615676	-1.6688764	-1.0553497	-1.6401486
-0.43358856	-0.23899634	-0.5326916	-0.10959178	-1.2399311	1.5108758	-0.52749753	0.20425545	0.87033844	0.37890512	-0.90477204	-0.81882286	1.1388577	0.21506509	0.19438374	-1.2323517	0.48867553	0.568767	0.76510614	-0.3150608
1.2521942	-0.9862152	0.53452146	1.5970106	-2.3168442	-1.1791599	-0.72589064	0.43544373	-0.27021143	-0.5861332	-0.76751685	1.5040843	-0.66193926	-0.15041639	-1.2299402	-0.0026585823	1.1760434	0.032683585	-0.8866823	-1.1284883
1.3439106	-2.3401504	1.3742195	0.7415286	-1.839574	-1.7651547	-1.5664195	0.07844556	0.91799533	-1.041215	-0.40329254	1.9347428	-0.71513295	0.1633835	-2.9293365	1.7433397	2.921668	-1.8622403	-1.3566217	-1.008497
1.5681154	-2.4560435	3.8737001	1.4364128	-3.6991277	-3.6556392	-1.9151009	0.36340538	1.989959	-1.4773871	-0.16443096	1.0201682	-0.42001235	0.69400644	-2.099843	0.40973017	2.6739783	-0.5191344	-1.1933551	-1.8200692
2.596008	-1.3252116	2.2596362	1.3951468	-2.8017488	-1.8863956	-2.2450495	1.9979666	0.81035477	-1.9951813	-1.7582134	2.9763455	0.37138286	-0.37139747	-2.9057362	0.8195983	3.610029	-0.48164612	-2.5616398	-2.094361
1.1363939	-4.296504	2.142048	1.2616174	-5.4704175	-3.7456317	-4.1047497	0.27546406	0.5754682	-0.84529096	-3.9946945	3.8833952	1.2480392	0.17591733	-5.376987	2.1986659	5.267877	-2.9464173	-4.196192	-2.2008934
1.064512	-1.816179	1.0370952	0.23083422	-1.8048327	-1.2596318	-1.9283563	1.3966713	2.1055186	0.39470255	-2.6602454	0.806741	0.34897572	-0.14472984	-2.544423	1.1869022	1.8605496	-1.3914468	-2.6909714	-0.71435666
0.30330628	-2.5743897	0.47939587	0.29156956	-1.9663812	-1.2103497	-1.4278227	1.4623827	1.8767834	0.66014045	-1.3236189	0.4868398	-0.58421624	-0.0071633975	-2.192583	1.2967212	1.7850696	-1.3950236	-0.8469689	-0.22637276
-3.4797633	4.3942304	0.20306703	-1.6626915	-2.5333874	5.2125964	-0.46149123	-0.18735138	-5.4421964	-4.9764338	-0.53102595	-1.6603572	-0.48217136	-1.5259902	3.6320553	-1.9996271	-0.9441279	2.6831372	1.4043154	-0.6109094
0.73779184	-1.2779655	0.532738	0.7778684	-1.7302388	-1.3821445	-0.95308036	0.74801534	-0.14889476	-0.5708069	-1.3157233	1.8277533	-0.16501357	0.30850115	-1.9446175	0.21227486	2.5319922	-0.2950761	-1.2414016	-1.0190355
1.9941733	-2.7747796	2.742203	1.7564864	-5.5899563	-4.070826	-2.9422889	2.073541	1.7843231	-0.74633086	-1.6680423	1.8762848	0.50201505	0.70873773	-4.352979	0.76493454	4.02607	-0.842094	-1.7648151	-2.2583945
3.0388968	-5.4723763	6.1047688	5.401316	-9.763089	-8.228788	-4.486695	2.185917	0.9997516	-1.8597397	-3.7461467	3.7822754	1.2350162	1.4632648	-7.3906417	2.4544344	10.147522	-3.0858037	-4.2361016	-4.000308
2.6756773	-3.558439	2.8938594	2.480771	-4.5516343	-5.3625283	-1.6776166	1.6806877	1.1329299	-0.87528366	-0.6185634	2.46875	-1.9628907	0.919828	-4.0994687	1.1266124	5.5528307	-2.2924683	-2.3517997	-2.3011882
1.3906586	0.3616842	1.6717136	-0.6772692	-0.866322	0.046918575	-0.5461989	-0.661257	0.48487034	-2.6358254	-0.5538684	0.028244207	-0.54110324	0.05655478	-0.43696225	-0.056344733	0.20952505	-0.36500946	-1.4291044	-0.75703
1.867179	-1.117562	1.2318826	1.4517806	-2.0451968	-1.3807747	-1.3670886	0.810703	-0.56769747	-1.2239778	-1.9838969	1.7122797	-0.0008009049	-0.0017633506	-2.3807385	-0.14079253	3.3233716	-1.3875519	-1.4921175	-1.5373379
0.8866323	-1.815875	1.5911123	0.31210378	-2.3443017	-1.5097219	-1.7049425	1.177964	0.9043689	-0.08313224	-1.6131555	0.42359504	0.57195497	-0.07327463	-2.0214245	1.1955117	2.3253462	-0.9785782	-1.266103	-0.6003171
0.46489078	-1.1436965	2.0122745	1.592382	-2.4381576	-0.79932696	-1.3495953	0.4134938	0.073473096	-0.81151885	-1.7721485	1.0133197	0.23819569	0.18367516	-0.7441279	-0.5478231	2.063646	-0.7526499	-1.3890254	-1.1953541
2.325489	-1.8122728	1.8426749	0.9774783	-3.3153672	-3.91587	-0.7050086	-0.10688371	0.048272863	-1.7969627	-0.61835444	2.1126904	-1.8248764	0.6280934	-4.4519453	0.12808745	3.651703	-1.3892804	-3.0124242	-1.8847585
0.09310821	-0.99029773	2.175868	1.186931	-1.6430012	-0.39183608	-1.7714947	-0.01695458	2.0456934	0.04056991	-1.0929191	0.0052061314	1.3059152	0.37530324	-1.4593661	0.16135062	1.4872065	-0.37651268	-0.5248348	-0.52623165
1.3498108	-0.7919236	1.4211221	1.1584674	-1.7935402	-1.3826065	-0.99543077	-0.6041113	-1.4762845	-2.1304579	-1.2015079	2.777103	0.12763923	0.09859471	-1.7113233	0.10338645	1.771285	-0.054194797	-0.67352027	-1.4233203
3.1306784	-2.219521	1.3757644	2.8094215	-4.5389	-4.7482247	-3.5518982	1.2650836	-0.48525125	-2.3314073	-0.4394841	3.984957	0.8924809	0.53090006	-3.8300457	1.3927708	5.3403316	-2.8206167	-2.9042866	-2.5773149
2.6118238	-4.183269	3.3433225	2.6428533	-5.2972884	-7.9761457	-3.401075	0.65490407	0.42771113	-0.59930605	-2.0065215	4.4635577	0.336	0.59256554	-6.428946	1.9100585	6.7228804	-2.2267158	-2.9963164	-3.037566
1.7606477	-1.0015086	1.7680526	1.5822479	-2.4067829	-2.0493307	-1.4442211	0.1685033	-0.22656456	-1.8266816	-0.6254632	1.7445099	0.124443926	-0.20843542	-1.985827	0.007104881	2.7363927	-0.61803764	-1.171241	-1.6713748
1.8113121	-2.2902825	2.1597223	1.3274804	-3.3987973	-3.1392338	-1.8317336	0.91107494	-0.2909405	-0.49920017	-1.8820271	1.7884542	0.8811896	-0.008490349	-3.0401003	0.46435803	3.7326996	-1.2587492	-2.1647322	-1.8209963
2.4833853	-1.2489388	0.95445925	0.847546	-2.6462836	-1.3320448	-2.1133728	1.2287093	0.9949382	-1.8317842	-1.9929245	1.7797997	0.03685766	-0.35531476	-2.2058086	0.16505218	3.1060636	-1.3795176	-1.8900715	-1.9102588
1.0894146	-4.371128	2.772441	2.1590092	-5.966595	-5.7563243	-3.6529865	1.2819049	1.9726824	-0.21056215	-1.9562182	2.7745721	0.7620058	0.5841145	-4.5507936	2.8689234	5.785892	-2.9569736	-2.7737916	-1.613277
0.50583327	-0.7358056	0.90393656	0.010639876	-1.7078805	-1.1845933	-0.60917735	0.059915125	-0.34189224	-0.7265594	-0.18260315	1.5648856	-0.47481656	-0.2128419	-1.5570546	1.065605	2.2648711	-0.6821897	-1.1680942	-0.740713
1.6394942	-1.4132324	0.83406126	0.9160056	-2.5368192	-2.6299365	-1.7442774	0.61319876	-0.8329639	-1.0860599	-2.394814	3.058763	-0.2878975	-0.19634417	-3.3151755	1.0544415	4.7803874	-1.3919458	-2.5418217	-1.1884102
-1.0914344	-1.7030666	1.857967	4.2429223	-3.527581	-2.0482957	-1.9929426	-0.71418667	-0.98943716	-1.1412703	-2.4490101	1.5498327	-0.88654244	0.14001635	0.13404956	-0.7640811	3.4704976	-0.85735554	-0.5232214	-1.8121966
0.03458862	-0.73134017	-0.41883558	-0.20699067	-0.8415977	-1.982118	-0.721661	-1.2358239	0.015074028	-0.6104551	1.5994092	1.6684805	-1.2093543	0.048508454	-1.7991464	-0.4267602	0.37026823	-0.6401558	0.52943194	-0.755266
1.2157569	-3.096518	1.2763677	1.3173879	-3.044969	-1.9253436	-1.9847083	0.5497821	0.79708755	-0.656901	-2.0470383	2.8443432	-0.009827943	0.54160744	-3.7916124	1.1917899	4.489156	-1.6358557	-1.8622644	-1.616201
3.429835	-1.5601603	3.830882	3.624488	-4.2582684	-4.3217897	-2.3207216	2.456349	0.8299007	-2.85484	-1.753398	2.6667624	-0.7977194	0.46765566	-2.9427516	0.9932367	6.1057143	-1.6082999	-3.2785711	-3.221016
-0.1624233	-2.5348103	1.2667254	0.53804004	-2.884457	-3.4458497	-1.7576779	0.4493882	1.0883858	0.51950663	-0.613496	0.7205353	0.191623	0.29894882	-2.821064	0.96264017	3.014802	-1.6225913	-0.11364354	-0.7453316
0.32937375	-2.0242927	1.8043404	1.6334633	-3.0989788	-2.936866	-1.6773258	0.04202778	-0.033798795	-0.39612693	-1.6931763	1.7771735	-0.2386336	-0.3402875	-1.6806194	0.858172	3.5325835	-1.3384081	-1.137847	-0.95770484
1.8487908	-2.2136197	2.7322621	0.651002	-3.6739252	-1.967758	-1.450896	0.9221271	1.6941938	-0.46948636	-1.0825359	1.0465331	0.65368235	0.055045966	-3.5824733	0.43704772	4.5125985	-0.6173538	-1.8137376	-1.6381053
1.1221322	-2.4406748	3.0005958	1.0993848	-3.944157	-3.4551775	-0.9752978	1.7894682	2.2613595	0.036561217	0.40152004	-1.4084473	-1.4898462	1.0476573	-2.6534238	1.4021239	4.083478	-1.6067686	-2.8639057	-1.1285992
1.8073105	-2.4644957	1.9562374	1.5393374	-3.525464	-2.8290112	-1.9418173	0.63883996	1.0846211	-0.5317913	-2.5917387	2.2663307	0.2606764	0.045236446	-3.4877167	0.8890524	4.0771623	-0.3177511	-2.685568	-1.5080041
1.4480056	-3.5658753	1.227259	1.204943	-4.12849	-2.4996088	-3.1625166	2.669435	1.8181155	-0.287906	-2.1657543	2.1798944	-0.6725719	-0.22145095	-3.2341363	1.792698	3.2553575	-2.3074055	-1.8851821	-2.026899
1.5176111	-3.3199184	1.4594102	1.2950232	-2.777987	-3.302643	-2.71179	1.3298734	2.0474396	-0.59680855	-2.2738519	2.0233142	1.1582631	0.60765064	-4.40709	1.8138279	4.8714414	-1.7850355	-2.2730913	-1.8064635
2.1816764	-1.0354911	0.5962995	0.72778434	-0.731041	-1.5499747	-0.6032221	0.31593624	-0.58254826	-2.2029226	-0.39655933	2.169489	-0.29873508	0.21743691	-1.6055428	-0.02094054	2.6615891	-0.21816756	-0.89006937	-1.8338156
2.2045066	-2.1658337	2.5937953	0.7482352	-3.1765509	-1.8969809	-1.9001775	0.638544	0.8974883	-0.7944369	-1.8202302	1.5796826	0.014751251	-0.41293287	-3.9956906	0.6245383	3.8705192	-1.4123819	-2.0073285	-1.9382601
0.7410001	-1.2949371	0.9411391	1.6681921	-2.822215	-2.7998583	-1.3645005	1.0141894	0.2673301	-0.8825377	-0.1276154	1.5687991	0.046497963	0.45057023	-1.5324336	0.048929065	3.0258327	-0.5064428	-0.2620576	-1.7954214
1.6867568	-2.2740636	1.8109423	0.52359843	-3.339308	-2.4320364	-1.1437036	1.3058857	1.2387719	0.027972797	-0.91633	0.7023939	-0.21145159	0.6458666	-3.2651093	0.42472216	3.9419289	-0.9397202	-1.1623548	-1.1365356
1.9654235	-3.8164847	1.9312409	2.3556077	-4.30932	-4.3352013	-2.3611312	1.9301994	1.7873563	1.4056038	-3.269489	2.6764061	-1.3245224	0.42300633	-6.735391	1.6372172	5.5024524	-3.1237535	-3.0478215	-1.2907107
1.7004784	-3.5560544	1.7736149	1.5121452	-2.7208838	-2.6175451	-2.4923239	2.230504	2.1644719	-0.03439119	-3.8208768	2.6792595	-0.77703947	0.0870591	-5.581978	1.091372	5.2578883	-1.8688735	-2.201737	-1.3596557
2.332843	-3.1422122	0.6954341	-0.21297273	-5.462125	-2.988319	-3.7506785	3.6284091	4.815952	1.148004	-3.119683	2.093715	1.2219146	0.7971481	-5.0614414	1.2089572	4.2418594	-1.7508477	-3.0256498	-2.617419
2.3278008	-3.1048503	1.8064018	2.6568177	-4.913723	-4.596018	-2.9966137	3.396077	2.5316904	1.3850555	-2.9694371	0.88912654	0.80212134	1.0326066	-5.4198256	0.99560416	4.841493	-1.9404864	-3.0803638	-1.8595623
2.352342	-5.6083903	4.001547	3.6123502	-6.8883753	-5.904841	-3.423932	2.8532913	2.7749603	1.0160104	-4.571669	2.765276	0.85959464	1.4598746	-6.9108877	1.7241025	8.225577	-2.9561105	-3.7406023	-2.896826
0.48056287	-1.2801154	0.11673887	0.15626642	-1.6342875	-1.0799778	-0.87694407	0.2528352	0.10500664	0.20686476	-0.5863366	1.8089533	-0.5468642	-0.32785958	-2.1475303	0.45618048	1.3720894	-0.84251493	-0.7147944	-0.21343836
1.2654216	-1.1077731	0.6325878	0.7356278	-1.0945292	-1.1037872	-0.68369836	1.5339645	0.65165347	-0.20748	-1.9467714	1.8605559	-0.053852282	0.37271586	-2.5871487	0.22346476	2.9590425	-1.3402293	-1.121291	-0.6552515
2.0788445	-3.4556763	4.0690207	4.2082553	-5.6438203	-6.14352	-3.5034106	1.9617522	0.38322157	-1.2489347	-2.2255273	2.3332424	0.5293739	0.9559972	-5.249169	1.3520372	8.528302	-2.4299703	-2.8576238	-3.0780025
2.3524203	-0.9041304	1.2466432	1.1895736	-1.723134	-1.8404672	-1.9046935	1.4231703	0.97048724	-1.5710875	-0.8150024	2.2354114	0.23840673	0.27717263	-2.8126204	1.6586227	3.2174895	-1.8096814	-1.4658831	-1.4509676
0.09683492	-2.1229951	0.5834563	0.6534518	-1.9822098	-1.6862092	-1.0405232	-0.13654573	0.36183858	-0.118429534	-0.21143234	0.4110624	-0.7022979	0.01468472	-2.6276522	0.25817627	1.9611183	-1.1871556	0.20885831	-0.50138164
1.6561921	-0.50905484	1.0303708	1.3894722	-1.1279466	-1.4460652	-0.4260632	-0.7295733	-0.6818109	-2.9809165	0.3168192	1.7783238	-0.7995408	0.42565387	-0.70468104	-0.6012438	3.077725	-0.60909855	-0.5681363	-2.0049431
0.01496023	-2.4740715	1.7667884	1.7345408	-1.589125	-2.522735	-1.5868156	-0.8740136	0.15835391	-1.2924742	-1.3164992	2.3059256	0.28213483	0.1314844	-2.2030973	1.545547	3.1557612	-1.8774451	-0.4199908	-1.1936073
-0.26990834	-3.1051977	0.014425633	0.3411763	-1.6501007	-1.2826054	-3.1798978	0.654325	1.3434619	0.17895736	-3.5952451	1.7053057	0.44213718	0.5983026	-3.7668793	1.7941902	3.1204865	-2.527796	-0.4686838	-0.36339346
2.3839495	-0.9955292	1.3480278	0.23801298	-2.6210675	-1.6147383	-0.5034061	0.9907069	0.951372	-0.50436646	-1.6924117	1.9742224	0.3804843	0.19499908	-2.9821074	-0.46030366	2.3147361	-0.044458073	-1.5967861	-1.9600701
0.76917326	-1.5255673	2.1179829	0.029031448	-2.0461857	-1.2008733	-2.2576756	1.3067796	1.3824041	-1.5949414	-2.686799	1.592867	0.49787378	-0.32828534	-2.288951	0.70611596	3.1430268	-1.7985948	-2.8539968	-1.2037266
1.4469123	-3.135848	1.975678	0.7592667	-2.6615005	-2.399125	-2.4599082	2.0822124	1.2876427	-0.5255071	-2.3654482	1.7114002	0.63048935	0.51329225	-3.8035448	2.1563957	4.88971	-2.260468	-2.5830898	-1.3126339
1.5088929	-1.5518973	1.4998459	-0.52157676	-2.2118363	-1.598927	-1.6251057	0.74663794	1.6767721	-1.2345293	-1.1270434	1.4550602	-0.37881696	0.22032207	-3.0857584	0.62922895	3.5270972	-1.8438466	-1.4111269	-0.8769052
1.0585068	-1.3311757	0.4267245	2.03777	-1.8675023	-1.0961782	-1.8024492	-0.5276899	-0.4626272	-2.5172768	-0.014238567	2.8477798	-0.16408937	-0.31477672	-0.7122715	0.3453272	0.9937114	-1.2925631	-0.3146908	-1.6052743
2.0011466	-2.911073	2.229698	2.3003876	-4.2916055	-4.3274007	-3.2063277	1.1299249	-0.006030537	-1.4890951	-1.6843561	3.854984	-0.38863993	-0.042756036	-4.407588	1.6689905	4.8516717	-2.7362964	-2.9802523	-3.1456177
0.89743716	-2.4219007	0.6483022	0.15625021	-3.1816607	-3.6293027	-2.6978872	-0.072672665	0.3816564	-0.42198756	-1.5326629	2.6466491	0.53264016	0.41633484	-4.9510274	0.83832204	2.8874369	-2.53814	-1.771194	-1.4289109
2.8439157	-2.1693666	1.7685877	1.7033534	-5.142266	-5.6442285	-2.4425766	1.7611293	0.43364543	-1.6328946	0.5230644	3.380892	-0.68936986	0.51790595	-6.025746	1.6610578	6.3458934	-1.9778805	-4.3286915	-3.0124886
1.8410758	-3.0047793	4.7098975	2.6332335	-4.965829	-4.403291	-2.2254755	1.9570626	1.9011832	-0.82377243	-1.80481	2.4573112	0.78455806	0.56000483	-3.782137	1.0679717	6.1844034	-1.8066696	-2.8307567	-3.00809
0.28698048	-1.0918597	1.2566785	2.47695	-0.9267761	-1.2863988	-1.2309676	0.862728	0.20853873	-0.49826032	-1.2124826	0.3807735	0.28419712	-0.060811106	0.2804575	0.29828843	1.6282629	-1.1872938	0.020229276	-0.37132296
-0.811229	-3.8966918	0.732757	0.84442997	-4.3006997	-4.408341	-4.299608	-0.15924586	0.73842955	0.13455667	-3.8931582	2.7736285	0.98073906	0.0830511	-4.228956	2.6427464	2.5212092	-2.3757527	-2.5551443	-1.074801
3.2088661	-4.575076	4.2295604	3.338868	-6.5908637	-5.7399707	-4.2196527	2.2583807	1.5738416	-2.294347	-2.910726	4.528613	-0.9150885	0.14641619	-5.7325864	2.6216443	7.3395905	-3.180888	-4.915008	-3.0762866
2.202019	-2.6361084	3.930284	1.6518612	-3.9860175	-3.479249	-1.7119508	1.1705232	0.92886585	-0.689684	-1.9674459	1.163233	0.75395834	0.6764669	-3.6291518	-0.0031990083	4.6101975	-0.7915764	-1.8039075	-2.202596
3.6919034	-2.571069	3.816206	2.3819554	-4.9167666	-3.541505	-3.9134266	3.011887	0.6845231	-2.8813205	-4.7941318	4.4643393	0.59432775	-0.88296497	-4.1373324	2.8743875	6.5735683	-2.312453	-6.7553573	-2.5365586
-0.97257197	-4.080732	0.6559913	0.242883	-4.5163956	-4.7152944	-2.514747	0.08662158	0.9112885	1.031007	-2.2682912	1.8824904	0.82909393	0.8594557	-5.4805355	2.970873	3.3066006	-3.037164	-2.2797775	-0.62918496
0.86035997	-1.9223568	2.552894	2.0252295	-3.2752674	-4.44972	-1.8233402	-0.27831697	-0.46010414	-1.2911788	0.20952213	0.9803587	0.95481247	0.91244483	-2.1632628	-0.10419092	3.6701937	-0.4838527	-0.20641327	-1.9772309
1.6981118	-2.8811822	1.0031189	1.5735962	-1.2119817	-2.3785512	-2.4089174	2.8610973	1.9685661	-1.1116484	-2.4200954	2.8147519	0.25780523	0.05144594	-3.5711403	2.5242705	4.281087	-2.5022795	-2.7473755	-1.5700155
2.0389175	-3.7226088	2.793234	1.4157776	-6.131878	-5.89661	-3.819475	1.9951202	2.0004814	0.33836868	-3.0712116	2.7746632	1.1749198	0.8209742	-6.71575	2.2723734	7.1162653	-2.5823488	-3.3739731	-2.3952
1.0948958	-1.3973619	0.51667154	0.2949873	-1.0386305	-2.187464	0.31987053	-0.25867036	-0.29980057	-0.52653956	0.32705212	1.1359683	-1.7238115	0.1939712	-3.0350842	0.27532664	2.563007	-0.9060912	-0.5099504	-0.5616981
2.833701	-5.7531705	5.7987375	4.0176816	-7.154158	-8.626495	-4.819459	1.9011949	1.0595919	-2.741201	-4.848115	6.4327283	0.23266298	0.8209104	-8.8681	4.150274	10.754569	-3.5320287	-5.907443	-3.652108
4.131826	-3.2646327	2.9559197	2.1446795	-4.4300785	-5.7052317	-2.1772218	1.7167404	0.091365285	-2.0349648	-0.92301095	4.4120235	-1.5682749	0.36364135	-6.866108	2.1861508	8.066403	-2.7090151	-4.232263	-3.0671728
3.3785427	-1.9644147	2.7534292	1.7925658	-3.1652198	-3.009497	-1.63711	1.6423033	0.45321387	-1.523338	-2.7084618	2.7557225	0.30212268	0.3419708	-3.5130887	0.4939991	5.0987024	-1.1201688	-3.1309927	-2.8354256
1.6092181	-1.8084453	1.178588	-0.1786391	-2.283487	-3.716724	-0.80699176	-1.1573539	-0.17469652	-0.9744629	-0.69795203	2.4215584	-0.20530139	0.47720873	-3.9070048	0.16934922	2.430619	-1.1252842	-1.4193023	-1.4392939
1.9401163	-0.87462443	0.5512214	2.0506768	-1.4254073	-2.79822	-1.8745433	1.196575	0.51698035	-0.33278847	-2.0202036	2.5035386	-0.035930138	0.25504506	-3.40128	1.2476038	3.4273071	-1.5857495	-2.5390925	-1.5381664
0.8139665	-2.6377833	0.8308925	0.18561377	-1.4324676	-0.9334734	-0.81465894	1.3331652	1.5810374	1.4904603	-0.6301037	0.910157	-1.2776335	-0.12470179	-2.6960132	0.25888264	3.079154	-1.4628443	-0.045504946	-0.4476122
1.5516561	-3.4922552	1.7983258	2.0770216	-2.818804	-4.3583083	-2.2584996	2.0720348	1.4297384	0.36549345	-1.1778132	2.8944721	0.37077573	0.6854378	-5.0083556	2.2066972	4.744068	-3.2489488	-2.701382	-1.6532274
-0.10539873	-0.3188491	0.18670413	-0.03423885	-1.3737301	0.2099413	-1.2480674	-0.28021777	0.35073194	-0.121201426	-0.79464865	-0.28450134	0.41950357	0.1969251	-0.8284908	-0.12600467	0.993527	-0.84175456	-0.2762544	-0.060667638
0.7262285	-1.1913792	0.8462567	0.9481334	-2.068687	-1.8972214	-1.7392793	-0.39318034	0.0055419058	-1.0927061	-0.86632687	0.6406672	1.0360311	0.014788298	-1.6597687	-0.0027796715	2.8087468	-0.70320565	-1.1381513	-0.93578446
2.598393	-0.6060891	1.4052403	0.29723704	-0.5048058	0.08657012	0.07043077	-0.50162935	-0.86378324	-2.063812	-1.1502662	2.0964284	-0.41867113	-0.4819752	-1.5987464	-0.2952573	2.1778314	-0.5858195	-2.049526	-1.372916
0.6983804	-0.99290764	1.3020959	0.78811824	-0.5951749	-0.63566136	-0.050646655	-0.69649696	-0.57094866	-0.98437965	-0.94379306	1.0391669	-0.9854661	-0.3886872	-0.4834165	-0.10755395	1.6793675	-0.5148761	0.0758303	-0.79213613
1.2311763	-1.8970371	0.8419639	1.2283294	-2.6522522	-2.016809	-1.4406893	0.8871887	0.6720742	0.43643516	-1.3075532	1.911558	-1.1398555	0.4403942	-4.071459	0.78372836	3.741944	-1.6594183	-1.5648203	-0.9072488
2.5117471	-2.088459	1.3892406	0.34000123	-2.5132127	-2.243415	-2.1836026	2.2858014	2.1577742	0.63217247	-2.9227767	1.3562404	1.5020999	0.116340175	-3.7789981	1.1563703	3.989728	-1.887209	-1.8828603	-0.86642194
2.3577178	-2.09968	1.7567326	2.2805758	-3.0370283	-2.0200634	-1.2442625	0.5205624	0.072625525	-0.16536829	-0.44423318	2.4941533	-0.9170898	0.15855034	-3.18676	0.29064333	3.0947526	-1.1909138	-2.761174	-1.4266622
1.601089	-2.597363	2.423462	1.1041391	-2.777687	-3.4990623	-3.2394066	1.0152086	1.2995187	-1.0037787	-1.4832075	2.503375	1.1782047	0.40635303	-4.062763	2.7176366	3.882253	-2.2307012	-1.7090738	-1.781771
1.5320894	-0.8818628	1.6048458	0.706479	-1.4676518	-2.3350701	-0.9763216	0.5856169	0.13550767	-0.6350187	-1.4183569	1.7236949	-0.067576855	-0.009540878	-2.0547295	0.95650774	3.3288884	-1.8741704	-1.9592637	-1.4341567
0.6786369	-2.030533	0.09169795	1.0513738	-1.9232395	-2.505277	-2.0412726	-0.2342019	-0.1208388	-1.6897993	-1.2299058	3.2258804	-0.8882262	0.3253993	-3.724299	1.9894096	2.8409276	-2.403141	-2.8414855	-1.0748821
3.230954	-3.2214334	2.9926057	1.6869314	-4.8382735	-5.3772874	-1.445264	1.6222398	0.5930579	-0.5239795	-0.7101343	2.6923635	-0.2560055	0.9342253	-5.856275	0.64932084	6.2332964	-2.2844863	-2.4964461	-2.5668147
1.7741005	-2.145834	1.6385094	1.6075703	-2.3072548	-1.5665882	-1.3194352	0.9621101	1.0663892	-1.7451974	-2.040127	2.7498581	-0.76123065	-0.07503929	-2.9666486	0.2655363	4.512278	-1.9139923	-2.0200527	-2.4296787
1.7235647	-4.1431766	3.5506773	2.3146236	-7.5653367	-5.0989347	-4.1086187	0.39191875	0.52194554	-1.2759242	-3.2324958	2.7415335	0.98577535	0.53567314	-4.479328	0.25976184	5.7040033	-0.96629566	-2.0506537	-2.8277721
1.0140512	-1.5931499	0.3594378	-0.62875295	-1.938741	-0.6874137	-1.0599548	0.35789037	1.4149063	-0.107257225	-1.5981824	1.0852531	-0.8063975	0.24584007	-2.4721656	-0.82614976	2.5566711	-1.3050748	-0.67934215	-0.87584144
0.25264058	-2.7840083	2.1141412	2.1918943	-1.3069961	-1.4485817	-0.5975208	1.3659697	1.636505	-0.35004035	-1.4289224	0.7989948	-1.3782097	0.57683927	-1.0265615	0.66863513	3.0625408	-2.2720957	-1.2736492	-1.3141158
1.3140712	-1.2661809	1.7503457	1.3297694	-2.1824884	-2.2179873	-1.6624248	-0.6828871	0.08511701	-1.1918597	-1.7957228	1.3641654	0.10384994	0.31282002	-2.7761188	0.28673205	2.7577147	-1.3420583	-1.4105917	-0.99492615
2.9781094	-2.6511114	1.6294962	2.0119383	-4.400074	-5.223883	-3.7348225	2.1995347	2.1475165	-1.0780989	-2.4123464	4.2852316	0.058240794	0.27715254	-6.617136	1.3508674	6.3457994	-2.7281048	-3.1112413	-3.143347
-0.071819045	-1.6343633	0.6703005	0.2355661	-2.137925	-1.9066824	-1.5778736	-0.35461912	0.18039468	-0.18043876	-1.457386	0.8785912	0.54665637	0.21846782	-1.2020266	0.6124617	1.1666502	-0.9619669	-0.55262417	-0.6359949
2.7333634	-1.8087988	2.1187727	0.43128017	-1.7732933	-1.2163886	-1.7026147	1.9586715	1.4203724	-0.70300484	-1.5489309	1.8032725	-0.27051145	0.20024584	-3.5347943	0.18660092	4.1120296	-1.9139389	-2.581092	-1.3026369
5.2952337	-6.067326	6.162483	2.8781552	-7.1532574	-7.4874606	-4.7066255	3.1573565	3.6255405	-2.7510083	-5.321851	7.042986	-0.42748642	0.7825627	-10.220878	3.455606	10.520494	-3.9343352	-6.8318896	-3.630592
2.684911	-2.9354055	4.1876435	1.4962118	-4.2358346	-3.6660373	-2.2820685	2.0575352	1.4553746	-0.3009987	-2.6393905	1.1604575	1.6781911	0.7537185	-4.288241	0.5704283	6.647777	-1.4585146	-2.6702485	-2.3968434
2.0838988	-1.8555208	2.366846	0.81467813	-2.3514092	-1.2576135	-1.6078267	1.1230942	1.6507801	-1.8798339	-0.6755511	1.69263	-0.346165	-0.084876165	-2.5710135	1.2420121	3.1658292	-1.2661519	-2.8678558	-1.6852629
1.3611214	-2.9547856	1.9642326	1.2723137	-3.127365	-3.4753394	-1.6013482	1.8989617	1.3110825	0.41797584	-2.4049566	2.2316132	0.56717074	0.22694246	-3.6955767	1.2750475	3.571322	-1.3925581	-2.1321251	-1.152335
1.3593906	-3.2877908	3.8141034	2.1540573	-5.1024437	-4.24231	-2.513	1.3244648	0.4080624	-0.120228685	-2.4293754	0.9554678	1.2176914	0.54886115	-3.65355	0.55852497	5.680171	-1.0353434	-1.7779747	-2.1511855
1.1621909	-1.8496679	1.4042901	1.194245	-3.7996237	-3.0593274	-2.6210485	1.9155076	1.3643351	0.27853224	-1.3120866	1.6991079	0.45658115	-0.10303602	-3.40575	1.8601166	2.9643848	-1.2929144	-2.8141458	-1.3976488
0.87314934	-1.5375478	2.0442412	1.5658942	-3.429995	-3.2737775	-2.4994082	0.46288225	0.53026295	-0.6784513	-0.99591243	2.136147	1.2735597	-0.3125903	-2.1779704	1.7400011	3.0427368	-0.81047785	-1.5881993	-1.1330978
1.1795624	-2.3946626	2.3323462	1.1294912	-2.948718	-2.9739487	-1.4181507	0.13349293	0.5815898	-0.8882396	-1.5788337	2.3336763	-0.39218223	0.24595515	-2.9954405	1.0762935	3.478668	-1.7896345	-1.9899387	-1.2125337
1.2621944	-1.9866332	1.5328869	3.26837	-3.9073446	-4.1318784	-2.1571918	1.3456881	-0.08343511	0.008493896	-2.0030203	3.1451547	-0.2039643	0.66421753	-4.447993	1.8906921	4.2362337	-1.7498561	-2.5485582	-2.2882676
1.9894348	-0.9666852	1.7737076	0.21703939	-2.1199641	-2.0076604	-0.46162057	0.4751545	0.48242855	-1.2540672	-0.53457934	0.7457078	-0.069551274	0.4273135	-3.0578742	-0.29301637	3.1726654	0.118117616	-1.2828594	-1.6095607
-0.08225372	-2.399499	2.13304	1.7617248	-4.2839856	-3.385912	-2.7581239	0.48849133	0.8569125	-0.15507364	-2.1707194	1.5983522	0.085196964	0.35598958	-2.2129004	1.5523356	3.6564317	-2.0582614	-2.3546975	-1.2520477
0.6642351	-1.5355711	0.09560829	-0.1675762	-1.9345167	-0.4135355	-1.4097146	1.8231182	1.4094832	0.218933	-1.3927214	0.6458077	0.5870326	-0.29688963	-1.7861443	0.46650395	1.4218409	-0.22797462	-0.67820823	-1.0625726
-0.16640526	-3.156404	1.8701961	0.5839971	-3.4829137	-2.9153895	-2.3385887	0.10021151	1.1931105	-0.1919477	-1.7249697	1.6726272	0.7177164	0.38166186	-2.8950224	1.6907984	3.1046708	-1.8952714	-1.3207164	-1.242945
3.894651	-3.4508586	3.0864184	2.1891818	-5.4174266	-4.419905	-2.4785047	2.27554	1.5249388	-0.92508304	-1.4081846	2.8300197	-0.41072878	0.5050309	-7.156058	1.6575661	6.541331	-1.7041562	-4.626956	-2.7204497
1.5952103	-1.7402706	1.1333692	1.1527596	-2.8272102	-2.0182843	-2.479699	2.121592	2.305305	-0.07649772	-2.9657052	1.9416698	1.1006253	0.019644786	-3.102932	0.79006183	3.6986842	-0.8462507	-2.096113	-1.851465
1.8517693	-2.532246	1.4407823	0.78882563	-2.1664748	-1.7364999	-1.5045108	2.2891388	1.6638454	0.259209	-2.656861	2.3347232	-0.12947056	0.7356039	-3.841071	0.77232295	4.001741	-1.442492	-1.676456	-1.7726061
3.9606543	-2.5634038	2.1866696	2.2399995	-4.385133	-3.093736	-2.085755	1.0630125	0.13747697	-3.1474006	-1.2130058	3.741684	-0.38043398	0.2576156	-4.0124435	0.6635663	5.2604914	-1.3051808	-4.185048	-3.3900795
0.72261256	-2.6920855	2.429722	2.0873835	-3.1402194	-4.0243134	-3.5933526	2.624498	2.4153697	0.31291112	-3.4269388	2.4681146	1.6347034	0.5981448	-3.8424733	2.1278758	3.5167449	-1.9326069	-1.7799348	-2.0662727
2.558036	-3.6335948	3.7813122	1.5887009	-4.4092526	-4.3809533	-2.2383657	2.3620129	1.4775294	-0.73165035	-3.0174801	1.8649256	0.16707726	0.7866411	-5.8876033	1.4399132	6.7846823	-1.5950315	-3.5491881	-2.5590017
1.4108446	-1.4697267	1.6613947	2.2060802	-1.852137	-2.659075	-0.7748111	-0.44585368	-0.010204457	-1.25635	-0.41806573	0.96529186	-0.18795216	0.9452517	-2.994124	-0.20181943	4.530245	-2.0212195	-0.8716543	-1.4086697
-0.19137248	-3.6207275	2.1587334	0.7715105	-4.440948	-2.56165	-2.7674103	1.7835069	2.9992628	1.5433106	-2.6568272	-0.035522476	1.4037567	0.3584598	-3.7848842	0.98777515	3.7685313	-1.5126	-0.9662456	-1.3777834
1.5214735	-4.7041903	2.6613805	1.3173306	-5.4971175	-4.802959	-2.908156	1.142369	2.474862	-0.1339654	-3.8800774	2.2026265	-0.1459351	0.49948224	-6.979647	1.6791558	6.151427	-2.6474643	-4.061347	-1.7850822
2.7397256	-4.438964	3.2730145	2.884651	-8.293875	-5.788539	-4.50579	1.9659206	1.7201596	0.4232477	-3.0877137	3.0289114	1.1910131	0.7663848	-6.478952	0.4158044	6.5282936	-1.4912142	-2.739775	-3.351352
-0.19902019	-0.6128641	1.1097691	1.6201335	-2.2241154	-2.8725483	-1.9217933	0.44810322	-0.39150304	-0.7141149	0.35464957	0.51303583	0.40570307	0.3003721	-1.1808265	0.6552464	1.6342928	-0.09882384	-0.6527333	-0.98236734
0.6501834	-1.5189564	0.01922283	0.4839193	-1.8653786	-1.4807264	-1.4210886	0.7782604	1.3124704	-0.1208113	-0.562863	2.3148444	-0.5324669	0.265709	-3.0024157	0.9596904	2.6936855	-1.6379193	-1.3250098	-1.133724
2.4091172	-2.0322704	1.572725	-0.77660877	-2.5003583	-1.1497036	-1.5361654	1.3573909	1.8300025	-0.48771793	-1.1428584	1.5499125	0.0048210784	0.03219985	-3.783718	-0.033482946	3.586206	-0.8251332	-1.2261322	-2.0174754
1.7239782	-2.4675536	-0.54608065	0.29933771	0.39160004	-0.17516086	-0.1554403	1.5027318	2.0414753	0.4927541	-0.8867355	0.68882936	-0.79118145	0.16344094	-3.0039153	1.4334935	1.851021	-2.393738	-1.454986	-0.3351056
2.3855832	-1.1692795	1.3413506	1.6023415	-3.1999116	-2.2292464	-1.8280408	2.0346766	1.081139	-0.42810637	-1.4991053	2.395974	0.4761093	0.3889509	-3.4848561	0.760942	4.1332607	-1.6050009	-2.9514403	-1.5713534
1.3887672	-2.1633432	1.4822454	1.1975626	-1.8037307	-1.9497955	-1.363929	1.3224833	0.6036119	-0.39190364	-1.1043464	2.0790894	0.0060617933	0.114576735	-2.332016	0.62651116	2.4593334	-1.3724658	-1.4395038	-1.8003192
1.968238	-0.94264054	2.2517803	0.05146275	-2.5159988	-1.843872	-1.2551299	0.59098995	1.2913918	-1.7087688	-1.3243201	1.6898191	-0.43687204	0.21759342	-2.9381132	1.0659153	3.5564044	-1.3249766	-2.6316724	-1.2272747
1.1929938	-3.9761562	1.3756667	0.80604666	-3.0017223	-2.6395962	-2.3238702	1.3593693	2.0684998	0.19092502	-2.2710533	2.5206068	0.6155624	0.10728367	-4.4026256	2.1013148	3.491237	-2.330644	-1.72862	-1.2641603
0.23736899	-2.0295913	1.0200378	1.6741261	-4.0740876	-3.2309783	-2.5562468	0.91454804	1.1965822	0.08702984	-1.8592138	1.993589	0.3663743	0.3083174	-2.3574648	1.009891	3.0484457	-0.7930968	-1.6611028	-1.0569086
2.6584542	-4.4344554	2.3511171	3.0778637	-5.6107054	-5.359974	-3.3333251	2.8750372	1.6278778	-0.25079057	-3.890795	4.628817	-1.0393441	0.52955204	-7.1667566	3.455702	8.097942	-3.497391	-3.6257567	-2.357793
1.9246868	-2.3812244	1.7709632	1.1760865	-3.0175478	-2.84406	-1.7938024	1.2824903	2.0238936	-0.561228	-1.3401963	2.657362	0.043583933	0.052697547	-3.3993459	0.61357296	4.1441774	-1.5428871	-2.0743449	-2.1166391
-0.19481598	-1.4901727	1.3679445	0.87143236	-3.248108	-1.7164433	-1.5890728	0.19967508	0.8260667	-0.1712374	-1.4432203	-0.39397997	0.52248996	0.3405246	-2.1939251	0.44253546	1.8920915	-0.2309852	-0.71437395	-0.4074683
2.188547	-3.7650106	4.1716537	2.4302988	-6.0217743	-5.452267	-3.143734	0.7936111	2.8203697	-0.8922265	-1.867662	2.3220506	0.9635878	0.46819463	-5.314814	1.4483069	6.3821325	-2.7276204	-2.4265769	-2.9365244
1.3678076	-3.0208347	1.7696911	1.7013757	-4.219708	-3.7737982	-2.8471744	0.54381984	0.8943957	-0.43311912	-2.4942768	3.2667396	0.18714872	0.23345526	-5.093844	1.3922384	4.3804984	-3.0662723	-2.8973475	-1.8333515
5.718467	-4.0031166	5.741361	4.873967	-5.710089	-7.0447445	-2.3347445	1.4264706	0.42156	-3.390094	-1.4360864	5.4455004	-2.8277264	0.6892817	-6.9420104	0.6993152	9.538183	-4.017359	-4.544394	-4.884648
2.439187	-2.2320955	2.3326209	2.7985916	-3.487956	-3.5233152	-1.8345337	2.102588	1.6175548	-0.9398519	-2.4084888	2.9253483	0.5953769	0.61053616	-3.4035645	0.5031771	4.148576	-0.6395354	-2.845855	-2.4732614
1.0925722	-1.6851352	0.7893815	0.105730236	-2.3368106	-1.4887172	-0.9575963	-0.0026792765	0.4511663	-0.56244445	-0.61817133	1.4763824	-0.32131645	0.09136454	-2.8943152	0.6564797	3.1522257	-0.717007	-1.6120259	-0.78177464
1.7469884	-0.6735576	1.2691501	1.4532586	1.0994537	-3.0094843	-0.8499326	-0.09296693	-1.1021773	-3.306651	-0.83446676	3.607065	-0.98023397	-0.3746659	-2.3138852	1.5042423	2.84827	-1.2766272	-2.3496404	-1.504258
2.5535734	-2.9483657	2.8960676	1.0011286	-3.641487	-2.6565402	-1.9726582	0.562283	1.0889103	-1.690529	-0.7526427	2.3990626	0.032768745	0.27549312	-3.55799	0.18884954	4.869801	-1.3164175	-2.0726101	-2.7578948
1.6266503	-2.4850914	2.2266126	1.6309209	-2.530437	-3.2397997	-1.7975073	1.7381755	2.4569602	-0.99671286	-1.3912007	1.8709741	0.6586725	0.048279434	-2.9151838	1.7359504	2.6848695	-1.4236462	-2.2756143	-1.548471
3.290747	-1.2773321	2.5257826	2.0817049	-0.5745438	-1.0230589	-0.3080799	0.96161944	-0.7221802	-3.2639525	-1.6172012	3.6697667	-1.8139257	-0.5649341	-1.0547837	1.121515	3.4565382	-0.7303544	-2.6790352	-1.5848511
1.2455547	-1.5005821	1.8133209	0.5993708	-3.2773387	-2.2855108	-1.6712842	0.04540416	0.32856768	-0.83981115	-0.9259665	1.7938722	0.7222737	0.03690815	-2.7151258	-0.5489343	3.3243668	0.39382303	-0.9444023	-2.215823
1.0279716	-2.0209172	1.2215827	2.3860924	-2.366974	-2.2534597	-1.1876242	0.33362928	1.0357245	-0.5909356	-0.30241102	1.4308895	-0.83649254	0.036334462	-1.0092338	0.70948374	2.7717738	-1.1948143	-1.7884055	-0.73934025
2.473422	-3.766318	3.0377398	1.0903174	-3.6528056	-4.781733	-1.8526993	2.78306	1.7715877	0.5394136	-0.9194078	2.265443	-1.0482461	0.7187494	-5.7791862	1.7891827	5.971687	-2.7922294	-3.4038434	-1.5833452
2.0538251	-2.59342	2.4363732	1.0660937	-2.756022	-4.1737494	-1.3960245	1.7103008	0.870511	-1.0050538	-0.5258482	2.2477717	0.71748036	0.88507295	-3.9169016	1.9390656	5.5370736	-1.4972696	-2.5093067	-2.2314522
2.3243337	-5.4339314	3.2610931	2.4509068	-4.7638392	-5.537057	-3.5152962	1.3619732	2.5227985	-1.1839029	-4.6760154	3.9145977	-0.65508896	0.8415778	-7.009493	1.0106853	7.7300477	-3.6093857	-3.6843174	-2.259265
2.6455758	-1.7451825	2.8502626	3.959504	-3.4265153	-3.0277576	-1.8447946	-0.3563924	-0.4874204	-3.9954407	0.27990615	2.4786592	-1.2194583	0.6017676	-2.1991978	-0.9200569	4.264012	-1.0162343	-1.7846724	-2.640442
-0.58134556	-1.7668952	0.62417614	1.5746633	-2.7204375	-1.9192417	-2.623182	-1.1686653	0.20455725	0.2509187	-0.30897203	1.7860991	-0.4982571	0.12538625	-2.1437538	0.025240492	2.2173927	-0.8801745	0.8639024	-1.1056769
0.90915257	-2.1417108	2.1344733	1.3464936	-3.975597	-1.9325281	-1.4785433	-0.54566336	1.3106174	-0.36106858	-0.8044015	0.095954046	0.422011	0.5857965	-1.5651871	-0.47710645	1.836357	-1.5521511	-0.96354306	-1.2280935
-2.332676	2.226557	0.16950798	-2.036885	-2.532217	3.3745742	-1.7205284	1.4030831	-1.3378544	-1.7851269	-2.0323286	-0.80399495	0.41009992	-1.2769402	1.9179236	-1.7952474	-2.4244046	2.2015476	0.5883733	-0.3645748
-0.38431588	-1.313073	-0.026185345	0.673207	-0.9982888	-2.3514626	-1.4336535	-0.55568284	0.36165768	-0.7810837	-1.5759791	1.8741614	0.59829545	0.41242233	-2.361958	0.63690394	0.006311207	-1.8504602	-0.75067145	-0.74460363
3.3101892	-1.7629557	1.7823915	3.1417046	-3.3845658	-3.0437918	-1.7033292	0.80678654	-1.024699	-2.299247	-1.0680557	3.8339584	-1.0560238	-0.20879813	-2.8275938	0.062707126	3.8779778	-1.4426988	-1.8678316	-2.498892
2.583846	-1.6109474	0.78222394	-0.16852282	-3.0684006	-3.0792825	-1.0928061	1.548501	0.8641639	-0.06690959	-1.4410082	1.8168256	0.37037432	0.07497894	-3.0705643	0.58416516	2.3218591	-0.8315076	-2.6628206	-1.6087952
2.5454636	-1.3692869	2.7184584	1.6174732	-1.879436	-2.2451992	-1.0812627	1.1645176	-0.1522716	-0.9524348	-1.2740712	1.6307793	0.7669263	0.38882473	-3.7361662	0.7162237	5.465275	-1.1650007	-1.8367525	-1.9470757
0.45182475	-1.5517658	1.3582275	0.83902717	-2.802677	-2.414929	-1.2537836	0.35995874	0.14987704	-0.0051423903	-0.94421697	1.0152948	0.87205416	0.63545185	-2.8918834	0.014447193	2.649992	-0.5299943	0.022922626	-1.249474
1.187296	-0.8383845	1.5119019	1.9612974	-2.6034815	-1.8996553	-1.0680323	-1.2367944	-0.44835904	-2.5029254	-0.7534078	2.6916692	-0.6856503	-0.055696007	-1.5124915	-0.5560132	1.767132	-0.46807736	-1.2635255	-1.4220366
2.9469051	-2.1409361	1.94607	0.9113316	-4.1112123	-3.9548337	-2.6619418	1.8567903	1.2933607	0.052476175	-2.0132709	1.4472177	1.092147	0.8359639	-4.950801	0.77632415	5.5759354	-1.7368175	-2.2916906	-2.0377638
2.4525592	-2.769331	3.357659	2.2510445	-3.8576381	-4.450028	-1.8805028	2.9004838	1.2844434	-1.8375677	-2.058474	2.826981	-0.055806708	-0.021738933	-3.415733	0.9705909	5.343178	-1.6750349	-3.5634153	-2.9493196
